timestamp, a_x, a_y, a_z, alpha_x, alpha_y, alpha_z
65575.69622129167, 0.03057861328125, -0.8993988037109375, -0.4649658203125, -0.09280770272016525, -0.1949141025543213, 0.03373612463474274
65575.70628729167, 0.02520751953125, -0.8986358642578125, -0.46478271484375, -0.08660546690225601, -0.2259146273136139, 0.06445515900850296
65575.71635429167, 0.0131988525390625, -0.8935394287109375, -0.460113525390625, -0.0728081613779068, -0.22607973217964172, 0.08856608718633652
65575.72642129166, 0.00274658203125, -0.8874053955078125, -0.454742431640625, -0.052447762340307236, -0.20538564026355743, 0.10292957723140717
65575.73648729167, -0.017822265625, -0.8821563720703125, -0.44293212890625, -0.032523587346076965, -0.16470293700695038, 0.09833509474992752
65575.74655429168, -0.03753662109375, -0.8732757568359375, -0.4327850341796875, -0.016384299844503403, -0.11498810350894928, 0.08313217014074326
65575.75662129167, -0.054168701171875, -0.8695220947265625, -0.4246978759765625, -0.005201419815421104, -0.059892892837524414, 0.0569106861948967
65575.76668829167, -0.0596160888671875, -0.869476318359375, -0.417633056640625, 0.002942526713013649, -0.008007059805095196, 0.031082551926374435
65575.77675429167, -0.05438232421875, -0.8745269775390625, -0.4159088134765625, 0.00612313998863101, 0.030240194872021675, 0.010395648889243603
65575.78682129167, -0.0467529296875, -0.8870697021484375, -0.4123992919921875, 0.004279167391359806, 0.05819060280919075, 0.004489290527999401
65575.79688829168, -0.0414581298828125, -0.893646240234375, -0.410675048828125, -0.006603308022022247, 0.07595095783472061, -0.0009752495680004358
65575.80695529167, -0.0411834716796875, -0.8908843994140625, -0.414520263671875, -0.024404142051935196, 0.07815898209810257, -0.006178000941872597
65575.81702129167, -0.0372161865234375, -0.8895721435546875, -0.419647216796875, -0.04337304085493088, 0.07633871585130692, -0.009682188741862774
65575.82708829167, -0.0315093994140625, -0.886688232421875, -0.42254638671875, -0.04824342951178551, 0.07203983515501022, -0.004346012603491545
65575.83715529167, -0.0321044921875, -0.8784942626953125, -0.428009033203125, -0.0536017082631588, 0.06895004212856293, -0.0027502465527504683
65575.84722129167, -0.0362701416015625, -0.8731689453125, -0.431884765625, -0.050513241440057755, 0.06281251460313797, -0.0030037793330848217
65575.85728829168, -0.0403900146484375, -0.871307373046875, -0.4288787841796875, -0.057984475046396255, 0.05489574000239372, -0.006094910204410553
65575.86735529167, -0.0384368896484375, -0.876129150390625, -0.4284210205078125, -0.07100706547498703, 0.04903918132185936, -0.008360727690160275
65575.87742229167, -0.029327392578125, -0.882171630859375, -0.43072509765625, -0.09467777609825134, 0.0408204011619091, -0.010539992712438107
65575.88748829167, -0.0191497802734375, -0.8871002197265625, -0.434417724609375, -0.11579877138137817, 0.03413666412234306, -0.004974518436938524
65575.89755529167, -0.0117950439453125, -0.8920135498046875, -0.4415435791015625, -0.12965546548366547, 0.021443506702780724, 0.0014421016676351428
65575.90762229168, -0.0075836181640625, -0.900299072265625, -0.4515380859375, -0.1387307196855545, 0.0072925337590277195, 0.006649913266301155
65575.91768929167, -0.006866455078125, -0.9075927734375, -0.4581756591796875, -0.13666489720344543, -0.007011570502072573, 0.006905843038111925
65575.92775529168, -0.0043182373046875, -0.9077301025390625, -0.465423583984375, -0.12578162550926208, -0.02280784398317337, 0.008493886329233646
65575.93782229167, -0.006011962890625, -0.9071807861328125, -0.475128173828125, -0.10604467988014221, -0.029689984396100044, 0.011796471662819386
65575.94788929167, -0.0095977783203125, -0.900177001953125, -0.4827117919921875, -0.08126476407051086, -0.03424585610628128, 0.01233229972422123
65575.95795629168, -0.016204833984375, -0.8971405029296875, -0.489105224609375, -0.057497382164001465, -0.03759744390845299, 0.009889914654195309
65575.96802229166, -0.0227813720703125, -0.8921966552734375, -0.4901123046875, -0.03424452245235443, -0.04147261008620262, 0.004829110112041235
65575.97808929168, -0.026580810546875, -0.889434814453125, -0.48675537109375, -0.018427209928631783, -0.03931038826704025, -0.003612311789765954
65575.98815629167, -0.0289764404296875, -0.894256591796875, -0.4820556640625, -0.012536564841866493, -0.03145512938499451, -0.008588960394263268
65575.99822329167, -0.027099609375, -0.8992767333984375, -0.4764251708984375, -0.019111908972263336, -0.019343337044119835, -0.008378570899367332
65576.00828929167, -0.0237579345703125, -0.9070892333984375, -0.47540283203125, -0.019538547843694687, -0.01038446370512247, -0.011922173202037811
65576.01835629166, -0.018402099609375, -0.90875244140625, -0.4767913818359375, -0.015686018392443657, -0.007114634849131107, -0.008557269349694252
65576.02842329167, -0.0183258056640625, -0.9104461669921875, -0.4773712158203125, -0.005029912106692791, -0.013218866661190987, -0.00376011710613966
65576.03848929168, -0.0213470458984375, -0.9074249267578125, -0.475677490234375, 0.00313001312315464, -0.009844641201198101, -0.007168963085860014
65576.04855629167, -0.0218353271484375, -0.900390625, -0.4729766845703125, 0.011374893598258495, -0.0073407371528446674, -0.012115252204239368
65576.05862329167, -0.022186279296875, -0.8990325927734375, -0.47296142578125, 0.024888571351766586, -0.0021904499735683203, -0.016046877950429916
65576.06869029166, -0.0171966552734375, -0.890869140625, -0.4759674072265625, 0.03640381246805191, 0.01110618095844984, -0.016016250476241112
65576.07875629167, -0.01727294921875, -0.8845367431640625, -0.47662353515625, 0.05100672319531441, 0.013051619753241539, -0.011576761491596699
65576.08882329168, -0.01812744140625, -0.8802032470703125, -0.472930908203125, 0.06523892283439636, 0.010718690231442451, -0.008686965331435204
65576.09889029167, -0.0169830322265625, -0.8814544677734375, -0.466461181640625, 0.0719815120100975, 0.008985771797597408, -0.006025135517120361
65576.10895729167, -0.0162200927734375, -0.886932373046875, -0.4608154296875, 0.07102277874946594, 0.01113121397793293, -0.004291151650249958
65576.11902329167, -0.0151214599609375, -0.892608642578125, -0.4567108154296875, 0.06091341748833656, 0.012261725962162018, -0.0009805759182199836
65576.12909029167, -0.0181884765625, -0.892364501953125, -0.4550628662109375, 0.04315679147839546, 0.005666940473020077, 0.0007225155713967979
65576.13915729168, -0.023681640625, -0.8904571533203125, -0.4549102783203125, 0.039078693836927414, -0.011352523230016232, -0.002311091171577573
65576.14922429167, -0.02618408203125, -0.882720947265625, -0.4524383544921875, 0.03435983881354332, -0.025558622553944588, -0.0024501082953065634
65576.15929029167, -0.0275726318359375, -0.876373291015625, -0.449249267578125, 0.030194386839866638, -0.03519820049405098, -0.007911453023552895
65576.16935729167, -0.02618408203125, -0.8704681396484375, -0.4428863525390625, 0.024096548557281494, -0.04495815187692642, -0.010203635320067406
65576.17942429167, -0.0240325927734375, -0.8682708740234375, -0.438018798828125, 0.01390143483877182, -0.0493992418050766, -0.01197863183915615
65576.18949129168, -0.0314483642578125, -0.8731842041015625, -0.43218994140625, -0.0018194715958088636, -0.05231034383177757, -0.01998542621731758
65576.19955766667, -0.0377960205078125, -0.873565673828125, -0.423828125, -0.01136903464794159, -0.048584580421447754, -0.0349569171667099
65576.20962466668, -0.0371856689453125, -0.8729248046875, -0.422119140625, -0.018791530281305313, -0.04364015534520149, -0.04809775575995445
65576.21969166667, -0.0334014892578125, -0.8730621337890625, -0.4240875244140625, -0.028123779222369194, -0.03737906366586685, -0.05860898643732071
65576.22975866667, -0.0270538330078125, -0.875396728515625, -0.4270172119140625, -0.03802887350320816, -0.027299530804157257, -0.06479897350072861
65576.23982466667, -0.01715087890625, -0.87664794921875, -0.4304962158203125, -0.047687627375125885, -0.017050089314579964, -0.06169478967785835
65576.24989166667, -0.01483154296875, -0.875701904296875, -0.43487548828125, -0.05434686318039894, -0.015079350210726261, -0.05567151680588722
65576.25995866668, -0.01776123046875, -0.87158203125, -0.437835693359375, -0.07012289762496948, -0.02322888933122158, -0.05249090492725372
65576.27002566667, -0.0155181884765625, -0.86859130859375, -0.4404754638671875, -0.08594126999378204, -0.01812068000435829, -0.05048368126153946
65576.28009166667, -0.0161895751953125, -0.8667449951171875, -0.439117431640625, -0.09977240115404129, -0.02101260796189308, -0.04999099671840668
65576.29015866667, -0.0245208740234375, -0.8610382080078125, -0.4342803955078125, -0.1242966502904892, -0.022658441215753555, -0.05311594903469086
65576.30022566667, -0.0306243896484375, -0.8579254150390625, -0.4315948486328125, -0.15241511166095734, -0.028712604194879532, -0.0615437887609005
65576.31029266668, -0.029876708984375, -0.85797119140625, -0.4366912841796875, -0.18040652573108673, -0.03375476598739624, -0.06203647330403328
65576.32035866666, -0.0261688232421875, -0.8526458740234375, -0.4434356689453125, -0.20127718150615692, -0.039804402738809586, -0.05589202791452408
65576.33042566667, -0.024688720703125, -0.8506622314453125, -0.4537200927734375, -0.21309496462345123, -0.036082372069358826, -0.0537460520863533
65576.34049266667, -0.0194244384765625, -0.8441619873046875, -0.4618377685546875, -0.21197962760925293, -0.03508901223540306, -0.046179745346307755
65576.35055966667, -0.02001953125, -0.839385986328125, -0.4671478271484375, -0.20580855011940002, -0.03167324140667915, -0.042573027312755585
65576.36062566667, -0.0292510986328125, -0.841156005859375, -0.464508056640625, -0.19951842725276947, -0.021869612857699394, -0.044973332434892654
65576.37069266666, -0.037811279296875, -0.8460235595703125, -0.4622344970703125, -0.1982174813747406, -0.011884355917572975, -0.04917606711387634
65576.38075966667, -0.0457611083984375, -0.8536834716796875, -0.462738037109375, -0.20199118554592133, -0.004954278469085693, -0.05278358608484268
65576.39082666667, -0.0523681640625, -0.861663818359375, -0.464019775390625, -0.20543278753757477, 0.0019920445047318935, -0.060803163796663284
65576.40089266667, -0.058807373046875, -0.867523193359375, -0.469024658203125, -0.20720244944095612, -0.006052299868315458, -0.06964672356843948
65576.41095966667, -0.0648040771484375, -0.8708343505859375, -0.473175048828125, -0.20188571512699127, -0.019531622529029846, -0.08319022506475449
65576.42102666668, -0.0682220458984375, -0.8762969970703125, -0.475067138671875, -0.19870883226394653, -0.046297457069158554, -0.10452187806367874
65576.43109366667, -0.0667266845703125, -0.8848419189453125, -0.475921630859375, -0.19904598593711853, -0.0661555826663971, -0.12028992921113968
65576.44115966668, -0.068695068359375, -0.88836669921875, -0.4850311279296875, -0.20724986493587494, -0.08916769176721573, -0.13899117708206177
65576.45122666667, -0.0725250244140625, -0.88677978515625, -0.494842529296875, -0.21011781692504883, -0.1242431253194809, -0.16403447091579437
65576.46129366667, -0.0717620849609375, -0.8859405517578125, -0.50262451171875, -0.20844241976737976, -0.15505509078502655, -0.1864713430404663
65576.47136066668, -0.067169189453125, -0.8915252685546875, -0.51348876953125, -0.1990388035774231, -0.1772986203432083, -0.20419840514659882
65576.48142666667, -0.0655670166015625, -0.891204833984375, -0.5245513916015625, -0.17923633754253387, -0.20407164096832275, -0.21141371130943298
65576.49149366668, -0.0625457763671875, -0.8863067626953125, -0.5345458984375, -0.151247039437294, -0.22002317011356354, -0.21921224892139435
65576.50156066667, -0.0623626708984375, -0.8799896240234375, -0.5399017333984375, -0.11237021535634995, -0.22439928352832794, -0.21978561580181122
65576.51162766667, -0.067474365234375, -0.8773193359375, -0.54547119140625, -0.07788121700286865, -0.21786361932754517, -0.21586385369300842
65576.52169366667, -0.07373046875, -0.8707275390625, -0.5521392822265625, -0.03725975379347801, -0.21726654469966888, -0.2164473533630371
65576.53176066666, -0.079925537109375, -0.8648681640625, -0.550750732421875, 0.006842725910246372, -0.22798602283000946, -0.2177906483411789
65576.54182766668, -0.084991455078125, -0.865081787109375, -0.5449371337890625, 0.03815191239118576, -0.23881924152374268, -0.2215598225593567
65576.55189466667, -0.084625244140625, -0.8682708740234375, -0.5321044921875, 0.055642224848270416, -0.24822019040584564, -0.2251415103673935
65576.56196066667, -0.08221435546875, -0.869049072265625, -0.5156707763671875, 0.06308203190565109, -0.2646806538105011, -0.2219046950340271
65576.57202766667, -0.0822601318359375, -0.8671875, -0.4999237060546875, 0.05102590098977089, -0.2795799672603607, -0.222527876496315
65576.58209466666, -0.09149169921875, -0.862396240234375, -0.48809814453125, 0.025767415761947632, -0.30497241020202637, -0.22940176725387573
65576.59216166667, -0.100189208984375, -0.862335205078125, -0.47906494140625, -0.0018756643403321505, -0.32920560240745544, -0.2390242964029312
65576.60222766668, -0.1044464111328125, -0.8590087890625, -0.4752349853515625, -0.03749757260084152, -0.3467757999897003, -0.25423866510391235
65576.61229466667, -0.1115570068359375, -0.8532257080078125, -0.476409912109375, -0.07132371515035629, -0.37183108925819397, -0.27158278226852417
65576.62236166667, -0.1204376220703125, -0.84857177734375, -0.479278564453125, -0.0959148108959198, -0.4057408571243286, -0.28890904784202576
65576.63242866666, -0.124176025390625, -0.845306396484375, -0.4822540283203125, -0.12384258210659027, -0.43847668170928955, -0.30052652955055237
65576.64249466667, -0.1217193603515625, -0.840301513671875, -0.4858551025390625, -0.1373482644557953, -0.468555748462677, -0.30836448073387146
65576.65256166668, -0.1168212890625, -0.83624267578125, -0.488800048828125, -0.15295785665512085, -0.49724680185317993, -0.3136593997478485
65576.66262866667, -0.10870361328125, -0.8372955322265625, -0.490631103515625, -0.15712223947048187, -0.5152550935745239, -0.3124260902404785
65576.67269566667, -0.100738525390625, -0.842010498046875, -0.497833251953125, -0.1529645174741745, -0.5243513584136963, -0.30907049775123596
65576.68276166667, -0.1036529541015625, -0.8422088623046875, -0.5039215087890625, -0.14286154508590698, -0.534829318523407, -0.3100968897342682
65576.69282866667, -0.1093902587890625, -0.8437042236328125, -0.502716064453125, -0.13053511083126068, -0.5527345538139343, -0.32059186697006226
65576.70289566668, -0.109161376953125, -0.851806640625, -0.499664306640625, -0.12808233499526978, -0.5642511248588562, -0.3365769684314728
65576.71296266667, -0.10552978515625, -0.8648529052734375, -0.49456787109375, -0.1365053802728653, -0.5719172954559326, -0.3585110008716583
65576.72302866667, -0.0934600830078125, -0.8762664794921875, -0.4887237548828125, -0.15682609379291534, -0.5817800760269165, -0.3730154037475586
65576.73309566667, -0.081268310546875, -0.885467529296875, -0.4855804443359375, -0.17964725196361542, -0.5872869491577148, -0.3833495080471039
65576.74316266667, -0.0748291015625, -0.888427734375, -0.487060546875, -0.2017967700958252, -0.584067702293396, -0.3908015787601471
65576.75322966668, -0.075653076171875, -0.88507080078125, -0.4931640625, -0.22262509167194366, -0.5653970837593079, -0.40441805124282837
65576.76329566666, -0.0776214599609375, -0.880706787109375, -0.505462646484375, -0.2350926697254181, -0.5510905981063843, -0.4118402898311615
65576.77336266667, -0.078582763671875, -0.8752593994140625, -0.5241241455078125, -0.2329981029033661, -0.530787467956543, -0.4174472987651825
65576.78342966667, -0.07440185546875, -0.87042236328125, -0.538848876953125, -0.22208286821842194, -0.5177757740020752, -0.4177655577659607
65576.79349666667, -0.07086181640625, -0.86846923828125, -0.5516204833984375, -0.2060069590806961, -0.5084094405174255, -0.4163002669811249
65576.80356366668, -0.0712432861328125, -0.865753173828125, -0.561309814453125, -0.18476878106594086, -0.5052415728569031, -0.41033560037612915
65576.81362966666, -0.074859619140625, -0.860198974609375, -0.56427001953125, -0.1577875018119812, -0.5149208903312683, -0.41060829162597656
65576.82369666667, -0.0780792236328125, -0.8603363037109375, -0.5621795654296875, -0.13148584961891174, -0.520861029624939, -0.4155260920524597
65576.83376366667, -0.069244384765625, -0.8635406494140625, -0.5568084716796875, -0.10445769876241684, -0.5051694512367249, -0.41700735688209534
65576.84383066666, -0.0600738525390625, -0.8684844970703125, -0.54949951171875, -0.0868091955780983, -0.4707062542438507, -0.4123143255710602
65576.85389666667, -0.06341552734375, -0.8719482421875, -0.5450286865234375, -0.07010931521654129, -0.43231573700904846, -0.4101307988166809
65576.86396366668, -0.0679168701171875, -0.8705902099609375, -0.5418701171875, -0.05572105199098587, -0.398427277803421, -0.416176974773407
65576.87403066667, -0.0660247802734375, -0.8667755126953125, -0.5394134521484375, -0.04283721372485161, -0.3653438985347748, -0.42521440982818604
65576.88409766667, -0.0626983642578125, -0.8587799072265625, -0.538116455078125, -0.027543744072318077, -0.3367370069026947, -0.4278120696544647
65576.89416366667, -0.0609893798828125, -0.853240966796875, -0.538055419921875, -0.012016449123620987, -0.3201495110988617, -0.4334840476512909
65576.90423066667, -0.056640625, -0.8489227294921875, -0.540008544921875, 0.0073173013515770435, -0.31265804171562195, -0.43448755145072937
65576.91429766668, -0.046112060546875, -0.84271240234375, -0.542205810546875, 0.022361764684319496, -0.32302039861679077, -0.426898330450058
65576.92436466667, -0.0383453369140625, -0.8443145751953125, -0.538818359375, 0.03520911931991577, -0.34182843565940857, -0.41619160771369934
65576.93443066668, -0.0306243896484375, -0.8514251708984375, -0.530242919921875, 0.039096005260944366, -0.3554164171218872, -0.40383774042129517
65576.94449766667, -0.0236053466796875, -0.8574676513671875, -0.5186614990234375, 0.039926111698150635, -0.36537718772888184, -0.39111024141311646
65576.95456466667, -0.0195465087890625, -0.8586883544921875, -0.507110595703125, 0.027778368443250656, -0.3664051592350006, -0.38226214051246643
65576.96463166668, -0.0202484130859375, -0.857513427734375, -0.5013885498046875, 0.01738032139837742, -0.35563746094703674, -0.37535443902015686
65576.97469866667, -0.023529052734375, -0.852752685546875, -0.4978790283203125, 0.0013289173366501927, -0.35084590315818787, -0.3766828179359436
65576.98476466667, -0.026275634765625, -0.849090576171875, -0.4952850341796875, -0.018521219491958618, -0.3371431529521942, -0.377284437417984
65576.99483166667, -0.027099609375, -0.850006103515625, -0.4940643310546875, -0.032588567584753036, -0.30940738320350647, -0.37921708822250366
65577.00489866667, -0.018280029296875, -0.848236083984375, -0.5020904541015625, -0.03929920122027397, -0.27941858768463135, -0.37692543864250183
65577.01496566668, -0.00482177734375, -0.84698486328125, -0.5137939453125, -0.04463298246264458, -0.26160070300102234, -0.3677369952201843
65577.02503166666, 0.005615234375, -0.8515777587890625, -0.5282440185546875, -0.04272855445742607, -0.25330016016960144, -0.35334980487823486
65577.03509866667, 0.0167388916015625, -0.855712890625, -0.5411834716796875, -0.02780899405479431, -0.2477584034204483, -0.33584991097450256
65577.04516566667, 0.0234375, -0.8561859130859375, -0.5547027587890625, 0.0012026835465803742, -0.2576453983783722, -0.31337523460388184
65577.05523266667, 0.0229339599609375, -0.858612060546875, -0.561279296875, 0.0424174964427948, -0.2699427902698517, -0.2921666204929352
65577.06529866667, 0.021087646484375, -0.8670806884765625, -0.5588836669921875, 0.09145455062389374, -0.2817477881908417, -0.274404913187027
65577.07536566666, 0.01849365234375, -0.878936767578125, -0.549102783203125, 0.12763093411922455, -0.27913177013397217, -0.257030189037323
65577.08543266667, 0.010498046875, -0.8904571533203125, -0.5330810546875, 0.14955194294452667, -0.2701481282711029, -0.2517126500606537
65577.09549966667, 0.00518798828125, -0.89666748046875, -0.518707275390625, 0.1537908911705017, -0.24612988531589508, -0.24896961450576782
65577.10556666667, 0.0029754638671875, -0.9023895263671875, -0.5070953369140625, 0.14076510071754456, -0.2217438519001007, -0.2519147992134094
65577.11563266667, 0.0084991455078125, -0.9080810546875, -0.5019989013671875, 0.12526044249534607, -0.19659800827503204, -0.24887746572494507
65577.12569966666, 0.015380859375, -0.9113311767578125, -0.5010223388671875, 0.10883380472660065, -0.1833818107843399, -0.2419966459274292
65577.13576666667, 0.0306243896484375, -0.9052886962890625, -0.5055084228515625, 0.10129360109567642, -0.17711059749126434, -0.23127129673957825
65577.14583366667, 0.042816162109375, -0.9008636474609375, -0.5095977783203125, 0.1051035150885582, -0.16999569535255432, -0.2092277854681015
65577.15589966667, 0.0502777099609375, -0.8925628662109375, -0.51373291015625, 0.11351723968982697, -0.16794772446155548, -0.18265530467033386
65577.16596666667, 0.051666259765625, -0.8825836181640625, -0.5178985595703125, 0.12043027579784393, -0.1706652194261551, -0.15938273072242737
65577.17603366668, 0.0546875, -0.8743438720703125, -0.5166168212890625, 0.12394537776708603, -0.17735187709331512, -0.13680045306682587
65577.18610066667, 0.0597381591796875, -0.870849609375, -0.51287841796875, 0.11858870089054108, -0.1814957559108734, -0.12119673192501068
65577.19616666668, 0.070526123046875, -0.8701629638671875, -0.5060882568359375, 0.09834281355142593, -0.18355491757392883, -0.10103952884674072
65577.20623391667, 0.0818328857421875, -0.8697357177734375, -0.506561279296875, 0.07143183797597885, -0.2005338966846466, -0.07881758362054825
65577.21630091667, 0.0818634033203125, -0.8694610595703125, -0.50982666015625, 0.03224049508571625, -0.22368955612182617, -0.06157707795500755
65577.22636791666, 0.0806884765625, -0.864776611328125, -0.5165252685546875, -0.007466171868145466, -0.24739249050617218, -0.045584529638290405
65577.23643491667, 0.083251953125, -0.8583831787109375, -0.5245361328125, -0.03924380987882614, -0.25856152176856995, -0.029393574222922325
65577.24650091668, 0.085784912109375, -0.854248046875, -0.53411865234375, -0.06449244171380997, -0.2522277235984802, -0.017234647646546364
65577.25656791667, 0.0865478515625, -0.845916748046875, -0.54791259765625, -0.07115940004587173, -0.23584821820259094, -0.0024612934794276953
65577.26663491667, 0.0858154296875, -0.83331298828125, -0.56158447265625, -0.06849543750286102, -0.21522602438926697, 0.006405168678611517
65577.27670191666, 0.0886993408203125, -0.82098388671875, -0.5759124755859375, -0.042033471167087555, -0.18369579315185547, 0.02274552546441555
65577.28676791667, 0.090301513671875, -0.8162689208984375, -0.5897369384765625, -0.006518086884170771, -0.16440998017787933, 0.031494542956352234
65577.29683491668, 0.0958251953125, -0.8140869140625, -0.5896759033203125, 0.04230538010597229, -0.13834749162197113, 0.0431663803756237
65577.30690191667, 0.1011810302734375, -0.8198699951171875, -0.58343505859375, 0.08883373439311981, -0.11707096546888351, 0.05233990401029587
65577.31696891667, 0.111114501953125, -0.826080322265625, -0.57537841796875, 0.12924933433532715, -0.09668233245611191, 0.06917320936918259
65577.32703591666, 0.117889404296875, -0.833953857421875, -0.5610504150390625, 0.1499793827533722, -0.08390475064516068, 0.07588198035955429
65577.33710191667, 0.11962890625, -0.8421783447265625, -0.5416259765625, 0.15044915676116943, -0.07240096479654312, 0.0776311457157135
65577.34716891668, 0.1213836669921875, -0.8500213623046875, -0.52667236328125, 0.12574461102485657, -0.06097440421581268, 0.06860276311635971
65577.35723591667, 0.1213226318359375, -0.856597900390625, -0.5166168212890625, 0.09353261440992355, -0.05266560986638069, 0.05828514322638512
65577.36730291667, 0.12347412109375, -0.8540802001953125, -0.511474609375, 0.05354445055127144, -0.04146967828273773, 0.043951477855443954
65577.37736891667, 0.128021240234375, -0.8541717529296875, -0.510009765625, 0.022345518693327904, -0.0318484753370285, 0.02695704810321331
65577.38743591667, 0.1359100341796875, -0.8565826416015625, -0.5082244873046875, -0.006993460934609175, -0.029378661885857582, 0.015507853589951992
65577.39750291668, 0.141632080078125, -0.8545379638671875, -0.51275634765625, -0.023060845211148262, -0.035346005111932755, 0.007179616019129753
65577.40756991667, 0.1412200927734375, -0.8476409912109375, -0.5205078125, -0.03507835790514946, -0.05222831666469574, 0.0009747169679030776
65577.41763691667, 0.13543701171875, -0.8383941650390625, -0.5253448486328125, -0.03325435891747475, -0.08057314157485962, -0.007207578979432583
65577.42770291667, 0.1303863525390625, -0.8353118896484375, -0.528717041015625, -0.02653786726295948, -0.11310285329818726, -0.013455887325108051
65577.43776991667, 0.1293792724609375, -0.837554931640625, -0.5283203125, -0.01787061057984829, -0.14107535779476166, -0.009929063729941845
65577.44783691668, 0.12347412109375, -0.8448333740234375, -0.529388427734375, -0.0073236930184066296, -0.14834339916706085, -0.006708236411213875
65577.45790391667, 0.116790771484375, -0.8470916748046875, -0.52685546875, -0.0003206445835530758, -0.15992575883865356, -0.005934854503720999
65577.46797091667, 0.1046600341796875, -0.8532257080078125, -0.5246734619140625, 0.004564391914755106, -0.17111821472644806, -0.011531220749020576
65577.47803691667, 0.0994110107421875, -0.8587799072265625, -0.5179443359375, 0.002609098795801401, -0.16568882763385773, -0.011843076907098293
65577.48810391666, 0.0996551513671875, -0.8617706298828125, -0.5114898681640625, -0.0023529028985649347, -0.14571459591388702, -0.013275325298309326
65577.49817091668, 0.099609375, -0.8617706298828125, -0.50933837890625, -0.019285280257463455, -0.10341214388608932, -0.008304535411298275
65577.50823791667, 0.095977783203125, -0.856597900390625, -0.5063629150390625, -0.03909999877214432, -0.061711035668849945, -0.00504136411473155
65577.51830391667, 0.093231201171875, -0.850677490234375, -0.5108489990234375, -0.0538102351129055, -0.013906228356063366, 0.0022887205705046654
65577.52837091667, 0.104095458984375, -0.8453521728515625, -0.5142364501953125, -0.052984654903411865, 0.027900606393814087, 0.02353222295641899
65577.53843791666, 0.11273193359375, -0.8406829833984375, -0.51507568359375, -0.04676137864589691, 0.07144808769226074, 0.060014333575963974
65577.54850491667, 0.1068878173828125, -0.839263916015625, -0.516815185546875, -0.03569807484745979, 0.107031911611557, 0.09489908069372177
65577.55857191667, 0.0963287353515625, -0.837066650390625, -0.517242431640625, -0.023065637797117233, 0.12598802149295807, 0.12687166035175323
65577.56863791667, 0.084197998046875, -0.8368682861328125, -0.5137939453125, -0.003709516953676939, 0.1374332308769226, 0.14827574789524078
65577.57870491667, 0.0804595947265625, -0.8393707275390625, -0.5055999755859375, 0.02033190242946148, 0.162474125623703, 0.1639290153980255
65577.58877191666, 0.075836181640625, -0.8423919677734375, -0.4950103759765625, 0.04212641343474388, 0.1820177435874939, 0.17397844791412354
65577.59883891667, 0.0658721923828125, -0.8473052978515625, -0.4853515625, 0.05577298253774643, 0.20568658411502838, 0.1662326455116272
65577.60890591667, 0.061676025390625, -0.8560333251953125, -0.4723663330078125, 0.0576648935675621, 0.22330419719219208, 0.15229420363903046
65577.61897191667, 0.060028076171875, -0.86114501953125, -0.4600677490234375, 0.04990497604012489, 0.2414746731519699, 0.13836054503917694
65577.62903891667, 0.0562896728515625, -0.8655242919921875, -0.4553680419921875, 0.027657726779580116, 0.25762566924095154, 0.11519955843687057
65577.63910591666, 0.0476837158203125, -0.8666229248046875, -0.456390380859375, 0.00261895265430212, 0.27625608444213867, 0.0875045508146286
65577.64917291667, 0.045318603515625, -0.8653717041015625, -0.458404541015625, -0.020537765696644783, 0.27209702134132385, 0.062127020210027695
65577.65923891668, 0.054840087890625, -0.865020751953125, -0.4645843505859375, -0.03997031971812248, 0.26990312337875366, 0.042388737201690674
65577.66930591667, 0.06622314453125, -0.8648529052734375, -0.469451904296875, -0.03924354165792465, 0.2680759131908417, 0.035054922103881836
65577.67937291667, 0.073211669921875, -0.8573760986328125, -0.47723388671875, -0.03280534967780113, 0.25909921526908875, 0.03268151357769966
65577.68943991668, 0.0838775634765625, -0.8527069091796875, -0.482269287109375, -0.017126256600022316, 0.23844186961650848, 0.04348835349082947
65577.69950691667, 0.095489501953125, -0.8531494140625, -0.481475830078125, 0.0013528858544304967, 0.2121892273426056, 0.06280506402254105
65577.70957291668, 0.103118896484375, -0.857696533203125, -0.4781341552734375, 0.014752314426004887, 0.19225838780403137, 0.07782742381095886
65577.71963991667, 0.1048126220703125, -0.8646697998046875, -0.473419189453125, 0.018850652500987053, 0.16873948276042938, 0.09344179928302765
65577.72970691667, 0.10052490234375, -0.8701934814453125, -0.46685791015625, 0.018087124451994896, 0.14177177846431732, 0.10346167534589767
65577.73977391668, 0.0924224853515625, -0.8721466064453125, -0.4586639404296875, 0.011903530918061733, 0.12429558485746384, 0.1095813512802124
65577.74984091667, 0.0812835693359375, -0.875701904296875, -0.4519500732421875, 0.009298427030444145, 0.11360006779432297, 0.1099906861782074
65577.75990691668, 0.07025146484375, -0.872589111328125, -0.446868896484375, 0.008547415025532246, 0.12434352189302444, 0.11416146159172058
65577.76997391667, 0.0607452392578125, -0.8661346435546875, -0.4475860595703125, 0.006746852304786444, 0.13502812385559082, 0.11502059549093246
65577.78004091667, 0.04656982421875, -0.8626251220703125, -0.4492340087890625, 0.005817409139126539, 0.15096049010753632, 0.11982786655426025
65577.79010791668, 0.0392303466796875, -0.859344482421875, -0.445831298828125, -0.001677525113336742, 0.16264377534389496, 0.12922270596027374
65577.80017391666, 0.0372314453125, -0.8588714599609375, -0.4443359375, -0.017712950706481934, 0.1794312745332718, 0.1392630785703659
65577.81024091667, 0.032135009765625, -0.863525390625, -0.446319580078125, -0.03887416049838066, 0.19563181698322296, 0.15078045427799225
65577.82030791667, 0.0269012451171875, -0.8634490966796875, -0.4482879638671875, -0.06439896672964096, 0.20201754570007324, 0.16021497547626495
65577.83037491667, 0.0255279541015625, -0.860504150390625, -0.4531097412109375, -0.09493343532085419, 0.20216988027095795, 0.16784439980983734
65577.84044191668, 0.0287933349609375, -0.863677978515625, -0.4602508544921875, -0.1159210130572319, 0.19908887147903442, 0.1777002215385437
65577.85050791666, 0.0449981689453125, -0.8697662353515625, -0.4676513671875, -0.12437228858470917, 0.19249701499938965, 0.1908053755760193
65577.86057491667, 0.0609588623046875, -0.8748626708984375, -0.4717864990234375, -0.11764594167470932, 0.1724596470594406, 0.20983418822288513
65577.87064191667, 0.0670623779296875, -0.880035400390625, -0.47515869140625, -0.10025230050086975, 0.1599358767271042, 0.22935649752616882
65577.88070891667, 0.0665130615234375, -0.8784332275390625, -0.4840240478515625, -0.08657776564359665, 0.1551927775144577, 0.2502058446407318
65577.89077591668, 0.062713623046875, -0.87176513671875, -0.4877471923828125, -0.06109105050563812, 0.1496661901473999, 0.26226356625556946
65577.90084191666, 0.05450439453125, -0.8669281005859375, -0.4872283935546875, -0.033914290368556976, 0.14440591633319855, 0.27581533789634705
65577.91090891667, 0.0542144775390625, -0.8670654296875, -0.488433837890625, -0.014356035739183426, 0.13141128420829773, 0.28866323828697205
65577.92097591667, 0.050689697265625, -0.869476318359375, -0.4857940673828125, 0.0034503915812820196, 0.11941933631896973, 0.30484431982040405
65577.93104291667, 0.039398193359375, -0.86712646484375, -0.48956298828125, 0.008201204240322113, 0.11230257153511047, 0.320393443107605
65577.94110991668, 0.01971435546875, -0.867431640625, -0.4899444580078125, 0.006137787364423275, 0.09549110382795334, 0.3326208293437958
65577.95117591666, -0.0018310546875, -0.866851806640625, -0.4876556396484375, 0.0035087147261947393, 0.0873761847615242, 0.33396732807159424
65577.96124291667, -0.0111541748046875, -0.8689727783203125, -0.48577880859375, 0.007137804292142391, 0.09027663618326187, 0.33449649810791016
65577.97130991667, -0.0176239013671875, -0.8718719482421875, -0.4847412109375, 0.003141997382044792, 0.10200279951095581, 0.3312636911869049
65577.98137691666, -0.0173797607421875, -0.87359619140625, -0.4915618896484375, 0.0002069276088150218, 0.13172100484371185, 0.3246486485004425
65577.99144391668, -0.0100250244140625, -0.8709564208984375, -0.50244140625, -0.0012982910266146064, 0.15118525922298431, 0.3166000545024872
65578.00150991668, -0.0032958984375, -0.869110107421875, -0.5164642333984375, -0.00649651512503624, 0.17426128685474396, 0.30831974744796753
65578.01157691667, 0.007904052734375, -0.8652801513671875, -0.534820556640625, 0.0014817827614024282, 0.1914205551147461, 0.30795568227767944
65578.02164391667, 0.0172119140625, -0.8551483154296875, -0.5529327392578125, 0.021471204236149788, 0.20862458646297455, 0.3152146637439728
65578.03171091666, 0.0094451904296875, -0.855316162109375, -0.5739898681640625, 0.06515023857355118, 0.2229481339454651, 0.32523030042648315
65578.04177791667, -0.0037078857421875, -0.863067626953125, -0.5849151611328125, 0.13348029553890228, 0.224954292178154, 0.33593565225601196
65578.05184391668, -0.0131378173828125, -0.87890625, -0.5796051025390625, 0.2008734494447708, 0.23385776579380035, 0.3399631679058075
65578.06191091667, -0.020233154296875, -0.8910675048828125, -0.5635986328125, 0.2414509654045105, 0.25553643703460693, 0.3215537965297699
65578.07197791667, -0.029022216796875, -0.89935302734375, -0.545013427734375, 0.2381180226802826, 0.28838998079299927, 0.2916872501373291
65578.08204491666, -0.0385284423828125, -0.9051361083984375, -0.5350494384765625, 0.1877986639738083, 0.33325785398483276, 0.236090287566185
65578.09211191667, -0.0354766845703125, -0.9064178466796875, -0.536468505859375, 0.11602407693862915, 0.3622274696826935, 0.17304235696792603
65578.10217791668, -0.017913818359375, -0.9043731689453125, -0.5471038818359375, 0.04819575697183609, 0.37703490257263184, 0.11848749965429306
65578.11224491667, 0.0061492919921875, -0.89312744140625, -0.55889892578125, 0.00017683389887679368, 0.38708779215812683, 0.07652433216571808
65578.12231191667, 0.0347442626953125, -0.878753662109375, -0.5643157958984375, -0.023514380678534508, 0.39984381198883057, 0.050455983728170395
65578.13237891666, 0.057342529296875, -0.8699188232421875, -0.5681304931640625, -0.01721121184527874, 0.42117759585380554, 0.038422491401433945
65578.14244591667, 0.0661773681640625, -0.8573150634765625, -0.5717315673828125, 0.0017627463676035404, 0.43052181601524353, 0.035467714071273804
65578.15251191668, 0.0663604736328125, -0.8435516357421875, -0.5717010498046875, 0.02106533758342266, 0.43486517667770386, 0.034026410430669785
65578.16257891667, 0.0604705810546875, -0.831878662109375, -0.5666046142578125, 0.03902995586395264, 0.4306272864341736, 0.034091658890247345
65578.17264591667, 0.0555267333984375, -0.8266448974609375, -0.560150146484375, 0.04751718416810036, 0.4249750077724457, 0.03182370960712433
65578.18271291668, 0.05224609375, -0.8286895751953125, -0.5527191162109375, 0.042869970202445984, 0.41603341698646545, 0.035047199577093124
65578.19277991667, 0.0566558837890625, -0.8378143310546875, -0.54107666015625, 0.02069196291267872, 0.39083966612815857, 0.04412112385034561
65578.202845875, 0.066253662109375, -0.8445587158203125, -0.529937744140625, -0.004559864290058613, 0.36674124002456665, 0.06445515900850296
65578.21291287501, 0.059173583984375, -0.84393310546875, -0.5223236083984375, -0.03381761908531189, 0.3417826294898987, 0.08278170228004456
65578.222979875, 0.0509033203125, -0.8392791748046875, -0.5164031982421875, -0.06841713935136795, 0.31690284609794617, 0.100719153881073
65578.233046875, 0.040557861328125, -0.834930419921875, -0.5198211669921875, -0.09927545487880707, 0.2902584671974182, 0.10887668281793594
65578.24311387501, 0.0299224853515625, -0.8290863037109375, -0.5239105224609375, -0.12188462913036346, 0.2575351297855377, 0.10966204851865768
65578.253180875, 0.028594970703125, -0.8287353515625, -0.5230865478515625, -0.1355743408203125, 0.2358551323413849, 0.10606811195611954
65578.26324687501, 0.033538818359375, -0.835784912109375, -0.5211334228515625, -0.153917133808136, 0.2246815711259842, 0.10601937770843506
65578.273313875, 0.038299560546875, -0.8379974365234375, -0.5176544189453125, -0.17523440718650818, 0.21417513489723206, 0.10958082228899002
65578.283380875, 0.0407867431640625, -0.837921142578125, -0.52142333984375, -0.19857273995876312, 0.2065017819404602, 0.11771145462989807
65578.29344787501, 0.030487060546875, -0.837127685546875, -0.5311279296875, -0.2216026932001114, 0.18873822689056396, 0.12338797748088837
65578.303514875, 0.0172271728515625, -0.8331756591796875, -0.543731689453125, -0.22646696865558624, 0.16531306505203247, 0.1289481222629547
65578.31358087501, 0.0059967041015625, -0.829833984375, -0.5543060302734375, -0.2157599925994873, 0.1481974571943283, 0.12724557518959045
65578.323647875, -0.0030670166015625, -0.824188232421875, -0.5601348876953125, -0.1979796588420868, 0.14839400351047516, 0.12510812282562256
65578.333714875, -0.0040435791015625, -0.8230133056640625, -0.5659637451171875, -0.18013036251068115, 0.16488829255104065, 0.11341524124145508
65578.34378187501, 0.0015716552734375, -0.8246307373046875, -0.565277099609375, -0.17308630049228668, 0.19059763848781586, 0.10386807471513748
65578.353848875, 0.010711669921875, -0.828155517578125, -0.562042236328125, -0.18016551434993744, 0.22170177102088928, 0.09754280000925064
65578.36391487501, 0.018890380859375, -0.8282012939453125, -0.5612945556640625, -0.2035597860813141, 0.25257420539855957, 0.09246628731489182
65578.373981875, 0.0243682861328125, -0.8233642578125, -0.5647125244140625, -0.23506072163581848, 0.27174654603004456, 0.08406773954629898
65578.384048875, 0.03155517578125, -0.8203582763671875, -0.57562255859375, -0.2620998024940491, 0.2896009087562561, 0.0748119205236435
65578.39411587501, 0.0423583984375, -0.8162384033203125, -0.5868072509765625, -0.2797269821166992, 0.3013017773628235, 0.07056950777769089
65578.404182875, 0.0489654541015625, -0.8101654052734375, -0.59771728515625, -0.27564144134521484, 0.3137613832950592, 0.07062197476625443
65578.414249875, 0.05511474609375, -0.8006439208984375, -0.605743408203125, -0.2567495107650757, 0.3040325939655304, 0.073680080473423
65578.424315875, 0.0563507080078125, -0.7942047119140625, -0.6109161376953125, -0.21365715563297272, 0.2982761561870575, 0.08080323785543442
65578.434382875, 0.05865478515625, -0.7895355224609375, -0.6111907958984375, -0.16847370564937592, 0.28793779015541077, 0.08664914220571518
65578.44444987501, 0.0583953857421875, -0.789154052734375, -0.610198974609375, -0.12206731736660004, 0.2789176404476166, 0.09392090141773224
65578.454516875, 0.0521697998046875, -0.788818359375, -0.602264404296875, -0.07766257226467133, 0.254079133272171, 0.10108426958322525
65578.464583875, 0.0406036376953125, -0.790435791015625, -0.5878753662109375, -0.04812491685152054, 0.23213842511177063, 0.10098627209663391
65578.474649875, 0.0330352783203125, -0.800048828125, -0.571807861328125, -0.033239711076021194, 0.22180430591106415, 0.09510094672441483
65578.484716875, 0.0277557373046875, -0.8114166259765625, -0.55340576171875, -0.03935912251472473, 0.22325173020362854, 0.08635779470205307
65578.49478387501, 0.0205078125, -0.8211517333984375, -0.5390167236328125, -0.06432439386844635, 0.22623713314533234, 0.07307447493076324
65578.504850875, 0.0142822265625, -0.8224639892578125, -0.532196044921875, -0.09977079927921295, 0.23975160717964172, 0.06272996217012405
65578.514917875, 0.0153961181640625, -0.821929931640625, -0.5342254638671875, -0.13191622495651245, 0.25730690360069275, 0.050275687128305435
65578.52498487501, 0.0154266357421875, -0.8164825439453125, -0.544708251953125, -0.15950150787830353, 0.27333754301071167, 0.04579624906182289
65578.535050875, 0.0150909423828125, -0.805694580078125, -0.5570526123046875, -0.17839716374874115, 0.2855127155780792, 0.04279380291700363
65578.54511787501, 0.01934814453125, -0.7972412109375, -0.57257080078125, -0.1865381896495819, 0.2869982123374939, 0.050341468304395676
65578.555184875, 0.0300750732421875, -0.793792724609375, -0.583404541015625, -0.18242652714252472, 0.2838340997695923, 0.06615292280912399
65578.565251875, 0.0425567626953125, -0.7943878173828125, -0.58758544921875, -0.16682174801826477, 0.2887122333049774, 0.09837077558040619
65578.57531887501, 0.0487213134765625, -0.7943572998046875, -0.5908966064453125, -0.14675508439540863, 0.30286747217178345, 0.13336578011512756
65578.585384875, 0.0463104248046875, -0.7918243408203125, -0.590576171875, -0.12721574306488037, 0.3229186534881592, 0.16670696437358856
65578.59545187501, 0.0312347412109375, -0.7891693115234375, -0.5896148681640625, -0.11025194078683853, 0.3479076325893402, 0.1933513581752777
65578.605518875, 0.0165863037109375, -0.7836151123046875, -0.5881500244140625, -0.09159915894269943, 0.3655012845993042, 0.20792096853256226
65578.615585875, 0.00946044921875, -0.7832489013671875, -0.58203125, -0.07558929920196533, 0.3754662871360779, 0.22173158824443817
65578.62565287501, 0.0086669921875, -0.7886199951171875, -0.5727691650390625, -0.0692957192659378, 0.3982517719268799, 0.2345523238182068
65578.635719875, 0.0065460205078125, -0.7983551025390625, -0.5601959228515625, -0.07496318966150284, 0.41957223415374756, 0.2492055594921112
65578.64578587501, 0.00115966796875, -0.80511474609375, -0.554046630859375, -0.08881589025259018, 0.44220805168151855, 0.2644497752189636
65578.655852875, -0.003997802734375, -0.808685302734375, -0.554412841796875, -0.11125887930393219, 0.454541951417923, 0.2790928781032562
65578.665919875, -0.009857177734375, -0.8102264404296875, -0.562286376953125, -0.12387267500162125, 0.46217402815818787, 0.2890397906303406
65578.67598687501, -0.012237548828125, -0.808349609375, -0.5749053955078125, -0.12398852407932281, 0.4679616093635559, 0.2984926998615265
65578.686053875, -0.0074462890625, -0.8058624267578125, -0.5861663818359375, -0.104921355843544, 0.4737872779369354, 0.30796289443969727
65578.696120875, 0.0015869140625, -0.8076324462890625, -0.5972137451171875, -0.07729905098676682, 0.4661695659160614, 0.3250974118709564
65578.706186875, 0.017120361328125, -0.8126373291015625, -0.605499267578125, -0.04415654391050339, 0.44681316614151, 0.3475630283355713
65578.716253875, 0.0262603759765625, -0.8191070556640625, -0.607391357421875, -0.013544570654630661, 0.4238916337490082, 0.37684768438339233
65578.72632087501, 0.0260772705078125, -0.821502685546875, -0.6080780029296875, 0.017643176019191742, 0.41262006759643555, 0.40352189540863037
65578.736387875, 0.0142822265625, -0.8270416259765625, -0.6134490966796875, 0.038368694484233856, 0.40462496876716614, 0.41683024168014526
65578.746454875, -0.0028839111328125, -0.825592041015625, -0.6178436279296875, 0.06562241911888123, 0.3931022882461548, 0.4161423444747925
65578.75652187501, -0.0101470947265625, -0.82275390625, -0.617340087890625, 0.08772798627614975, 0.38328027725219727, 0.4038555920124054
65578.766587875, -0.0073089599609375, -0.8256988525390625, -0.6146392822265625, 0.11114835739135742, 0.3793576955795288, 0.38058727979660034
65578.77665487501, 0.0013427734375, -0.831695556640625, -0.6127166748046875, 0.13047784566879272, 0.37928953766822815, 0.35940638184547424
65578.786721875, 0.013580322265625, -0.833038330078125, -0.6114501953125, 0.13897226750850677, 0.38714319467544556, 0.34553661942481995
65578.796788875, 0.02130126953125, -0.83062744140625, -0.6155548095703125, 0.1414242386817932, 0.3928823173046112, 0.34242287278175354
65578.80685587501, 0.0159454345703125, -0.8278656005859375, -0.6315765380859375, 0.15130403637886047, 0.39520004391670227, 0.34545379877090454
65578.816922875, -0.0038299560546875, -0.8378143310546875, -0.6417083740234375, 0.18978644907474518, 0.37211576104164124, 0.35803696513175964
65578.82698887501, -0.0107421875, -0.8391265869140625, -0.6431121826171875, 0.2385595738887787, 0.3707652986049652, 0.3779246509075165
65578.837055875, 0.0055999755859375, -0.8268280029296875, -0.640045166015625, 0.29206886887550354, 0.39310386776924133, 0.40575867891311646
65578.847122875, 0.0140228271484375, -0.8244476318359375, -0.62908935546875, 0.3205583095550537, 0.43946072459220886, 0.4347218871116638
65578.85718987501, 0.0187530517578125, -0.830780029296875, -0.6122589111328125, 0.30734023451805115, 0.5010926723480225, 0.4517679810523987
65578.867256875, 0.0247955322265625, -0.83538818359375, -0.594268798828125, 0.26077860593795776, 0.5654988288879395, 0.4618792235851288
65578.877323875, 0.028106689453125, -0.846527099609375, -0.5781402587890625, 0.20170621573925018, 0.6014938354492188, 0.46546757221221924
65578.887389875, 0.036285400390625, -0.85162353515625, -0.5674285888671875, 0.13470987975597382, 0.612822949886322, 0.4676670730113983
65578.897456875, 0.0401763916015625, -0.855987548828125, -0.5631256103515625, 0.06762591749429703, 0.6045679450035095, 0.4623956084251404
65578.90752387501, 0.045654296875, -0.85760498046875, -0.5614776611328125, 0.021870411932468414, 0.5898952484130859, 0.45972979068756104
65578.917590875, 0.057342529296875, -0.853118896484375, -0.5647125244140625, 0.012253470718860626, 0.5640870928764343, 0.45862430334091187
65578.927657875, 0.0565948486328125, -0.848358154296875, -0.572723388671875, 0.026796992868185043, 0.5383515954017639, 0.4634861648082733
65578.93772487501, 0.0478515625, -0.8467559814453125, -0.5794219970703125, 0.05055025964975357, 0.5113546252250671, 0.4654585123062134
65578.947790875, 0.038848876953125, -0.8510284423828125, -0.5791473388671875, 0.07991161197423935, 0.49113988876342773, 0.460592120885849
65578.95785787501, 0.0360260009765625, -0.8614044189453125, -0.570587158203125, 0.10911770164966583, 0.4785122573375702, 0.45791882276535034
65578.967924875, 0.0434112548828125, -0.8791046142578125, -0.5538482666015625, 0.12598775327205658, 0.4971621036529541, 0.45124948024749756
65578.977991875, 0.04766845703125, -0.9029541015625, -0.53936767578125, 0.11775805801153183, 0.539831817150116, 0.43707185983657837
65578.98805887501, 0.05560302734375, -0.917938232421875, -0.5261993408203125, 0.09004200994968414, 0.5966383814811707, 0.41668590903282166
65578.998125875, 0.0690765380859375, -0.9191741943359375, -0.517822265625, 0.0415722094476223, 0.6610623598098755, 0.3905373811721802
65579.008192875, 0.072540283203125, -0.9152069091796875, -0.51800537109375, -0.018739067018032074, 0.7191211581230164, 0.35450002551078796
65579.018258875, 0.086273193359375, -0.9024505615234375, -0.52593994140625, -0.07178843766450882, 0.7524817585945129, 0.3177012801170349
65579.028325875, 0.105926513671875, -0.8877105712890625, -0.53521728515625, -0.10700581222772598, 0.7630337476730347, 0.29570356011390686
65579.03839287501, 0.1258392333984375, -0.87152099609375, -0.549224853515625, -0.1159343272447586, 0.7453988194465637, 0.28809890151023865
65579.048459875, 0.135589599609375, -0.854736328125, -0.5601348876953125, -0.11009268462657928, 0.7004219889640808, 0.28890371322631836
65579.058526875, 0.137847900390625, -0.8391876220703125, -0.5662384033203125, -0.09482158720493317, 0.6417350172996521, 0.2983592748641968
65579.06859387501, 0.1356658935546875, -0.8300628662109375, -0.5680389404296875, -0.06795082241296768, 0.5744372010231018, 0.3014219105243683
65579.078659875, 0.1283111572265625, -0.8238983154296875, -0.5596923828125, -0.03440218046307564, 0.5052828788757324, 0.3050685524940491
65579.08872687501, 0.1220245361328125, -0.8220672607421875, -0.54278564453125, 0.003519101068377495, 0.43947431445121765, 0.30761560797691345
65579.098793875, 0.113861083984375, -0.826171875, -0.5233917236328125, 0.03399711474776268, 0.40898990631103516, 0.3060571253299713
65579.108860875, 0.0968475341796875, -0.8291015625, -0.5095367431640625, 0.042924828827381134, 0.39180344343185425, 0.29566439986228943
65579.11892787501, 0.078216552734375, -0.8276824951171875, -0.492156982421875, 0.03485305607318878, 0.3721804916858673, 0.2766491770744324
65579.128994875, 0.064422607421875, -0.833221435546875, -0.476165771484375, 0.011632953770458698, 0.37608495354652405, 0.24756771326065063
65579.139061875, 0.0572967529296875, -0.8376312255859375, -0.46551513671875, -0.016149409115314484, 0.3939363956451416, 0.21458207070827484
65579.149127875, 0.0539093017578125, -0.835906982421875, -0.4621734619140625, -0.043363187462091446, 0.40788733959198, 0.17693589627742767
65579.159194875, 0.058319091796875, -0.837554931640625, -0.46484375, -0.06170011684298515, 0.42670631408691406, 0.1467236578464508
65579.16926187501, 0.0652618408203125, -0.83551025390625, -0.4793243408203125, -0.07024247199296951, 0.4417555630207062, 0.12310994416475296
65579.179328875, 0.0633544921875, -0.8251190185546875, -0.4951019287109375, -0.07305343449115753, 0.4477998912334442, 0.10876749455928802
65579.189395875, 0.06597900390625, -0.8181610107421875, -0.50836181640625, -0.058348529040813446, 0.4407997727394104, 0.10475517064332962
65579.19946287501, 0.0718231201171875, -0.813629150390625, -0.5145721435546875, -0.0410773940384388, 0.4276581406593323, 0.10761461406946182
65579.20952841667, 0.0776214599609375, -0.8122711181640625, -0.514495849609375, -0.024209465831518173, 0.40572860836982727, 0.11384374648332596
65579.21959541667, 0.0831756591796875, -0.813690185546875, -0.51287841796875, -0.011349859647452831, 0.3792085647583008, 0.12730176746845245
65579.22966241668, 0.0832672119140625, -0.817230224609375, -0.5088653564453125, -0.00932985171675682, 0.34707194566726685, 0.1433931142091751
65579.23972941667, 0.0747528076171875, -0.822296142578125, -0.5047607421875, -0.012153868563473225, 0.310334175825119, 0.14848081767559052
65579.24979641667, 0.0665740966796875, -0.824554443359375, -0.50201416015625, -0.02021099627017975, 0.27161872386932373, 0.14847655594348907
65579.25986341666, 0.0645904541015625, -0.8285675048828125, -0.4987030029296875, -0.03019625134766102, 0.24371252954006195, 0.13949903845787048
65579.26993041667, 0.060272216796875, -0.831817626953125, -0.494964599609375, -0.04301084950566292, 0.22622089087963104, 0.13015933334827423
65579.27999641668, 0.0523223876953125, -0.8318328857421875, -0.4934234619140625, -0.06343623250722885, 0.22301310300827026, 0.11180189996957779
65579.29006341667, 0.0481414794921875, -0.830413818359375, -0.497650146484375, -0.07958190888166428, 0.2237851619720459, 0.0905967429280281
65579.30013041667, 0.050506591796875, -0.8306427001953125, -0.500946044921875, -0.09233392775058746, 0.22546108067035675, 0.07363080978393555
65579.31019741666, 0.057403564453125, -0.83416748046875, -0.5093231201171875, -0.10730568319559097, 0.22517825663089752, 0.05907344073057175
65579.32026441667, 0.06646728515625, -0.8376922607421875, -0.5225677490234375, -0.11751490831375122, 0.22840280830860138, 0.05535699799656868
65579.33033141667, 0.071990966796875, -0.8331451416015625, -0.5377655029296875, -0.12232591211795807, 0.22169643640518188, 0.05342061445116997
65579.34039841667, 0.077423095703125, -0.8296051025390625, -0.5468597412109375, -0.11372150480747223, 0.20867465436458588, 0.06124737858772278
65579.35046441667, 0.0858306884765625, -0.830291748046875, -0.5521697998046875, -0.10047893971204758, 0.2037142515182495, 0.0703015923500061
65579.36053141666, 0.0906982421875, -0.8322601318359375, -0.5545806884765625, -0.08706672489643097, 0.2082088589668274, 0.081563301384449
65579.37059841667, 0.09222412109375, -0.8328704833984375, -0.5550689697265625, -0.07747002691030502, 0.21001821756362915, 0.09357043355703354
65579.38066541667, 0.0947265625, -0.83282470703125, -0.5578460693359375, -0.06994899362325668, 0.2184676229953766, 0.1061200425028801
65579.39073241666, 0.09588623046875, -0.8318939208984375, -0.5623626708984375, -0.06228707730770111, 0.21791981160640717, 0.11566375195980072
65579.40079941667, 0.094512939453125, -0.8312225341796875, -0.5641021728515625, -0.05715702846646309, 0.21389177441596985, 0.11664219200611115
65579.41086641667, 0.0972747802734375, -0.8347625732421875, -0.56170654296875, -0.03940200060606003, 0.21251119673252106, 0.11370019614696503
65579.42093241667, 0.10296630859375, -0.840087890625, -0.560302734375, -0.01708737388253212, 0.2122235745191574, 0.11821585893630981
65579.43099941667, 0.09698486328125, -0.8415374755859375, -0.5550079345703125, 0.004809402395039797, 0.20211927592754364, 0.11493963748216629
65579.44106641666, 0.0880279541015625, -0.838775634765625, -0.55096435546875, 0.01828845962882042, 0.1880548596382141, 0.10432427376508713
65579.45113341667, 0.0825347900390625, -0.83709716796875, -0.5463104248046875, 0.021131649613380432, 0.16864414513111115, 0.0864720419049263
65579.46120041667, 0.0754547119140625, -0.8371124267578125, -0.5382537841796875, 0.018740398809313774, 0.14988084137439728, 0.06392252445220947
65579.47126741667, 0.0695648193359375, -0.836883544921875, -0.53466796875, 0.005526592023670673, 0.141531303524971, 0.033973146229982376
65579.48133441668, 0.0706634521484375, -0.839385986328125, -0.53076171875, 0.0024495755787938833, 0.14065006375312805, -0.0010258496040478349
65579.49140141667, 0.0818939208984375, -0.842254638671875, -0.5322113037109375, 0.006114884279668331, 0.13900795578956604, -0.027547737583518028
65579.50146741667, 0.0943603515625, -0.8419952392578125, -0.5357513427734375, 0.02582600526511669, 0.13789235055446625, -0.046478819102048874
65579.51153441667, 0.1015625, -0.838775634765625, -0.5443115234375, 0.04279167205095291, 0.13016971945762634, -0.05495486035943031
65579.52160141667, 0.1052703857421875, -0.8338775634765625, -0.5525054931640625, 0.06315580010414124, 0.11780253052711487, -0.05516285449266434
65579.53166841668, 0.1128692626953125, -0.8282318115234375, -0.5593719482421875, 0.08951017260551453, 0.1026371642947197, -0.03803819417953491
65579.54173541667, 0.11468505859375, -0.82403564453125, -0.5657501220703125, 0.10586091876029968, 0.08765128999948502, -0.014250041916966438
65579.55180241667, 0.1082305908203125, -0.8202056884765625, -0.5633697509765625, 0.11493084579706192, 0.07022383064031601, 0.005424859002232552
65579.56186941668, 0.0988616943359375, -0.8175201416015625, -0.5523681640625, 0.10794004797935486, 0.05246027931571007, 0.019120430573821068
65579.57193541666, 0.0849151611328125, -0.822998046875, -0.534332275390625, 0.07859334349632263, 0.05059846118092537, 0.01564340852200985
65579.58200241668, 0.08099365234375, -0.8313446044921875, -0.5210723876953125, 0.04207900911569595, 0.0569935105741024, 0.001333178486675024
65579.59206941667, 0.0925750732421875, -0.8376007080078125, -0.51678466796875, -0.002376604825258255, 0.06694574654102325, -0.009475260972976685
65579.60213641667, 0.0973358154296875, -0.843109130859375, -0.5199737548828125, -0.043049998581409454, 0.08100776374340057, -0.02261689491569996
65579.61220341668, 0.0975189208984375, -0.8426513671875, -0.5311126708984375, -0.07560847699642181, 0.0869000107049942, -0.03757081180810928
65579.62227041667, 0.108612060546875, -0.836578369140625, -0.547149658203125, -0.08397959172725677, 0.09536939859390259, -0.048224519938230515
65579.63233741667, 0.1255340576171875, -0.8305206298828125, -0.567962646484375, -0.061162423342466354, 0.10297191888093948, -0.04014502093195915
65579.64240441668, 0.1360931396484375, -0.8217620849609375, -0.58746337890625, -0.027272634208202362, 0.10914486646652222, -0.025553297251462936
65579.65247041667, 0.1341552734375, -0.8104248046875, -0.6005706787109375, 0.0009334379574283957, 0.11215023696422577, -0.013189571909606457
65579.66253741668, 0.1323394775390625, -0.804962158203125, -0.60552978515625, 0.031193340197205544, 0.09607673436403275, -0.005891977343708277
65579.67260441667, 0.1319122314453125, -0.8094024658203125, -0.599822998046875, 0.059718724340200424, 0.08935225009918213, -0.007269364316016436
65579.68267141667, 0.136322021484375, -0.823699951171875, -0.5907440185546875, 0.06854257732629776, 0.07742448151111603, -0.011597000993788242
65579.69273841668, 0.1455230712890625, -0.8366851806640625, -0.5821380615234375, 0.0785462036728859, 0.07166033983230591, -0.018925221636891365
65579.70280541667, 0.145294189453125, -0.8441162109375, -0.572174072265625, 0.07599969208240509, 0.06216217577457428, -0.023674169555306435
65579.71287241667, 0.1427001953125, -0.8464202880859375, -0.56671142578125, 0.07444307208061218, 0.04876274615526199, -0.03409804776310921
65579.72293941666, 0.1356658935546875, -0.842498779296875, -0.563446044921875, 0.06916921585798264, 0.03280428424477577, -0.04681411013007164
65579.73300541667, 0.1301422119140625, -0.838531494140625, -0.5640411376953125, 0.07705963402986526, 0.02207467518746853, -0.05722494050860405
65579.74307241668, 0.1317291259765625, -0.8309783935546875, -0.57049560546875, 0.08728217333555222, 0.02124936133623123, -0.05944548174738884
65579.75313941667, 0.1263427734375, -0.8258819580078125, -0.5806732177734375, 0.09580562263727188, 0.010338657535612583, -0.05705742537975311
65579.76320641667, 0.12255859375, -0.82183837890625, -0.585601806640625, 0.10156098008155823, -0.00415346585214138, -0.05389758571982384
65579.77327341666, 0.121307373046875, -0.8203125, -0.5909271240234375, 0.10971744358539581, -0.029831398278474808, -0.051772650331258774
65579.78334041667, 0.124481201171875, -0.822601318359375, -0.5907440185546875, 0.12348491698503494, -0.05811470374464989, -0.04005234315991402
65579.79340741667, 0.12823486328125, -0.826385498046875, -0.5882415771484375, 0.1391131430864334, -0.08703183382749557, -0.02810886688530445
65579.80347441667, 0.1125030517578125, -0.82830810546875, -0.5823516845703125, 0.14641261100769043, -0.10822021216154099, -0.026791401207447052
65579.81354041667, 0.0975494384765625, -0.8286590576171875, -0.5695037841796875, 0.14277632534503937, -0.12259222567081451, -0.03989521786570549
65579.82360741666, 0.095550537109375, -0.82867431640625, -0.558074951171875, 0.145939901471138, -0.10962583124637604, -0.052313536405563354
65579.83367441667, 0.093841552734375, -0.828033447265625, -0.5509185791015625, 0.1353740692138672, -0.08858046680688858, -0.06406953185796738
65579.84374141667, 0.091461181640625, -0.8232879638671875, -0.5462188720703125, 0.12502795457839966, -0.06916894763708115, -0.08141416311264038
65579.85380841666, 0.0890350341796875, -0.8173370361328125, -0.544281005859375, 0.11066792160272598, -0.060404222458601, -0.09734093397855759
65579.86387541668, 0.0885772705078125, -0.814605712890625, -0.543701171875, 0.09503410011529922, -0.05601266771554947, -0.1175127774477005
65579.87394241667, 0.096649169921875, -0.8069305419921875, -0.544952392578125, 0.07975342124700546, -0.05479640141129494, -0.125655397772789
65579.88400941667, 0.106536865234375, -0.79840087890625, -0.549560546875, 0.06768530607223511, -0.06602375954389572, -0.12778912484645844
65579.89407541667, 0.1110992431640625, -0.7871246337890625, -0.561981201171875, 0.05030764639377594, -0.07214396446943283, -0.11903291195631027
65579.90414241666, 0.1112518310546875, -0.777435302734375, -0.5720672607421875, 0.03308951109647751, -0.09649937599897385, -0.1152016893029213
65579.91420941667, 0.119476318359375, -0.7753448486328125, -0.5762939453125, 0.014974954538047314, -0.10982982814311981, -0.10102062672376633
65579.92427641667, 0.1279296875, -0.7772979736328125, -0.57708740234375, 0.008477373979985714, -0.1073158010840416, -0.08514712005853653
65579.93434341667, 0.13916015625, -0.778961181640625, -0.57427978515625, 0.003613909473642707, -0.1009463220834732, -0.06199333071708679
65579.94441041668, 0.140533447265625, -0.7779388427734375, -0.5693206787109375, -0.006060289219021797, -0.08775009214878082, -0.0386323481798172
65579.95447741667, 0.1330413818359375, -0.7784576416015625, -0.5659332275390625, -0.01835104450583458, -0.07477384060621262, -0.013708354905247688
65579.96454441667, 0.1181640625, -0.78228759765625, -0.571807861328125, -0.037277329713106155, -0.06310626119375229, -0.004986236337572336
65579.97461141668, 0.08740234375, -0.786834716796875, -0.57733154296875, -0.05799379572272301, -0.07918163388967514, -0.012259329669177532
65579.98467741667, 0.0716094970703125, -0.7955322265625, -0.5777740478515625, -0.05210740864276886, -0.12195386737585068, -0.03199015557765961
65579.99474441668, 0.0756988525390625, -0.811859130859375, -0.5791168212890625, -0.025142638012766838, -0.1665000319480896, -0.06299787759780884
65580.00481141667, 0.0664825439453125, -0.8316650390625, -0.5766448974609375, 0.01720508560538292, -0.21973742544651031, -0.09257280826568604
65580.01487841667, 0.0516510009765625, -0.8424224853515625, -0.568450927734375, 0.06064816564321518, -0.26808416843414307, -0.1353578269481659
65580.02494541668, 0.0466461181640625, -0.8477783203125, -0.557861328125, 0.0986727774143219, -0.29516053199768066, -0.1699243187904358
65580.03501241667, 0.0374298095703125, -0.8473052978515625, -0.556640625, 0.11578811705112457, -0.29425159096717834, -0.20496459305286407
65580.04507941667, 0.0191497802734375, -0.8431243896484375, -0.562164306640625, 0.11817430704832077, -0.284527063369751, -0.23439200222492218
65580.05514641666, 0.00848388671875, -0.8364410400390625, -0.5657501220703125, 0.10602869838476181, -0.27879568934440613, -0.26869750022888184
65580.06521341667, 0.01593017578125, -0.832611083984375, -0.576446533203125, 0.09092830866575241, -0.27818581461906433, -0.2996434271335602
65580.07527941668, 0.036407470703125, -0.830322265625, -0.592803955078125, 0.08020269125699997, -0.29867351055145264, -0.3177657127380371
65580.08534641667, 0.0669097900390625, -0.8222808837890625, -0.6118011474609375, 0.07556959241628647, -0.3049764037132263, -0.2994982898235321
65580.09541341667, 0.058685302734375, -0.8397216796875, -0.6237030029296875, 0.12831535935401917, -0.4094298481941223, -0.32657676935195923
65580.10548041668, 0.0744781494140625, -0.81402587890625, -0.6166534423828125, 0.13504250347614288, -0.41971099376678467, -0.3418806493282318
65580.11554741667, 0.070709228515625, -0.8251953125, -0.61883544921875, 0.16994749009609222, -0.4541834890842438, -0.3608074486255646
65580.12561441667, 0.0683135986328125, -0.8079986572265625, -0.60400390625, 0.19629201292991638, -0.5117295980453491, -0.3843418061733246
65580.13568141666, 0.0774078369140625, -0.801239013671875, -0.5919647216796875, 0.21301133930683136, -0.5641397833824158, -0.40850281715393066
65580.14574841667, 0.0757598876953125, -0.810394287109375, -0.586822509765625, 0.21364730596542358, -0.6094050407409668, -0.43702900409698486
65580.15581541667, 0.071319580078125, -0.8090972900390625, -0.571044921875, 0.21031223237514496, -0.6578428745269775, -0.4722959101200104
65580.16588241667, 0.0713348388671875, -0.805267333984375, -0.563690185546875, 0.21243663132190704, -0.7116166353225708, -0.5165954828262329
65580.17594841667, 0.0694427490234375, -0.800445556640625, -0.561431884765625, 0.2179080992937088, -0.7745673656463623, -0.5599775314331055
65580.18601541666, 0.062042236328125, -0.7986602783203125, -0.5543365478515625, 0.22717775404453278, -0.862763524055481, -0.6070140600204468
65580.19608241667, 0.059539794921875, -0.798736572265625, -0.542327880859375, 0.22914743423461914, -0.9546138048171997, -0.6576529741287231
65580.20615, 0.0716400146484375, -0.8041229248046875, -0.5302886962890625, 0.22293028235435486, -1.0312066078186035, -0.7048905491828918
65580.21621700001, 0.084930419921875, -0.8135528564453125, -0.5201263427734375, 0.21556290984153748, -1.0747026205062866, -0.737910807132721
65580.226284, 0.0797882080078125, -0.81695556640625, -0.5118408203125, 0.20366311073303223, -1.1197090148925781, -0.7697736620903015
65580.236351, 0.0683746337890625, -0.813232421875, -0.506988525390625, 0.19664141535758972, -1.1641169786453247, -0.8129911422729492
65580.24641800001, 0.0622100830078125, -0.8096771240234375, -0.50115966796875, 0.19232603907585144, -1.2066152095794678, -0.8553375601768494
65580.256485, 0.0631866455078125, -0.812591552734375, -0.4974517822265625, 0.1895749866962433, -1.2544660568237305, -0.8974487781524658
65580.26655100001, 0.0702362060546875, -0.8198089599609375, -0.4949493408203125, 0.18093223869800568, -1.3162306547164917, -0.9390233755111694
65580.276618, 0.085479736328125, -0.8292999267578125, -0.4958038330078125, 0.16165468096733093, -1.3836897611618042, -0.9692811965942383
65580.286685, 0.093536376953125, -0.836212158203125, -0.500762939453125, 0.15060947835445404, -1.4623758792877197, -0.9917787313461304
65580.29675200001, 0.08026123046875, -0.834503173828125, -0.503662109375, 0.13811978697776794, -1.5458686351776123, -1.0082423686981201
65580.306819, 0.0635528564453125, -0.827911376953125, -0.5089111328125, 0.13045388460159302, -1.6188924312591553, -1.0372405052185059
65580.316886, 0.060455322265625, -0.819427490234375, -0.51849365234375, 0.13372157514095306, -1.6712102890014648, -1.0665971040725708
65580.32695300001, 0.07159423828125, -0.808074951171875, -0.5253143310546875, 0.14896391332149506, -1.717441439628601, -1.0868221521377563
65580.33702, 0.0829620361328125, -0.804107666015625, -0.5347747802734375, 0.15724927186965942, -1.7478797435760498, -1.1041282415390015
65580.347087, 0.0972900390625, -0.8074188232421875, -0.5465850830078125, 0.15694060921669006, -1.7762088775634766, -1.108367919921875
65580.357154, 0.1064453125, -0.807525634765625, -0.5530242919921875, 0.14614735543727875, -1.8134065866470337, -1.1102508306503296
65580.36722100001, 0.1130828857421875, -0.8061370849609375, -0.564361572265625, 0.1236918494105339, -1.8589287996292114, -1.1110436916351318
65580.37728700001, 0.1165924072265625, -0.8041229248046875, -0.578369140625, 0.09605889022350311, -1.9042507410049438, -1.1105687618255615
65580.387354, 0.1148223876953125, -0.7928009033203125, -0.590484619140625, 0.07350431382656097, -1.9410645961761475, -1.1191494464874268
65580.397421, 0.1085205078125, -0.7779541015625, -0.602874755859375, 0.06168786436319351, -1.9609142541885376, -1.137138843536377
65580.407488, 0.106201171875, -0.7675323486328125, -0.616943359375, 0.0647536963224411, -1.9784929752349854, -1.1608961820602417
65580.417555, 0.10809326171875, -0.7606353759765625, -0.6275634765625, 0.07000598311424255, -2.000635862350464, -1.1863775253295898
65580.427622, 0.1131439208984375, -0.76153564453125, -0.633331298828125, 0.07720264047384262, -2.01873517036438, -1.2155921459197998
65580.437689, 0.12640380859375, -0.7671966552734375, -0.6374969482421875, 0.08937674760818481, -2.034477710723877, -1.2391477823257446
65580.44775600001, 0.137939453125, -0.774871826171875, -0.6380462646484375, 0.10922209173440933, -2.046876907348633, -1.2664076089859009
65580.457823, 0.146820068359375, -0.78131103515625, -0.6407012939453125, 0.1295127123594284, -2.0547378063201904, -1.2967802286148071
65580.46789, 0.1583251953125, -0.7809600830078125, -0.6469268798828125, 0.14995621144771576, -2.061717987060547, -1.3278089761734009
65580.47795700001, 0.1713104248046875, -0.7894439697265625, -0.6563873291015625, 0.18221880495548248, -2.0823307037353516, -1.3521451950073242
65580.488023, 0.1810455322265625, -0.79302978515625, -0.6577606201171875, 0.2166401594877243, -2.0955731868743896, -1.3709156513214111
65580.49809000001, 0.1869049072265625, -0.792449951171875, -0.6490020751953125, 0.24985350668430328, -2.093140125274658, -1.3901588916778564
65580.508157, 0.188079833984375, -0.79119873046875, -0.638763427734375, 0.27287253737449646, -2.0788705348968506, -1.4061444997787476
65580.518224, 0.181610107421875, -0.797088623046875, -0.6258544921875, 0.2871902287006378, -2.055384874343872, -1.420966625213623
65580.52829100001, 0.1781463623046875, -0.80322265625, -0.61328125, 0.29411470890045166, -2.0253677368164062, -1.4341378211975098
65580.538358, 0.179473876953125, -0.811126708984375, -0.6067352294921875, 0.29640528559684753, -2.0003151893615723, -1.433098316192627
65580.548425, 0.1824798583984375, -0.8223724365234375, -0.5971221923828125, 0.29016658663749695, -2.005577325820923, -1.4182806015014648
65580.55849200001, 0.192138671875, -0.83673095703125, -0.5852813720703125, 0.2682013511657715, -2.0280568599700928, -1.3925155401229858
65580.568559, 0.21380615234375, -0.849853515625, -0.5816192626953125, 0.2304537147283554, -2.0585761070251465, -1.363161325454712
65580.578626, 0.23052978515625, -0.8531036376953125, -0.577880859375, 0.17829251289367676, -2.1040756702423096, -1.3311700820922852
65580.588693, 0.2266998291015625, -0.8437957763671875, -0.572662353515625, 0.1177319586277008, -2.161780595779419, -1.299346685409546
65580.59876000001, 0.213470458984375, -0.82427978515625, -0.57415771484375, 0.04157567396759987, -2.216539144515991, -1.2888906002044678
65580.60882600001, 0.1918182373046875, -0.8148345947265625, -0.577239990234375, -0.03118082322180271, -2.259746789932251, -1.3009581565856934
65580.618893, 0.1595611572265625, -0.80877685546875, -0.5797271728515625, -0.0888393223285675, -2.298600673675537, -1.3149664402008057
65580.62896, 0.12677001953125, -0.8024444580078125, -0.5885162353515625, -0.12231872230768204, -2.318291664123535, -1.3416259288787842
65580.639027, 0.1029205322265625, -0.7933502197265625, -0.5987548828125, -0.13945482671260834, -2.3168983459472656, -1.3691859245300293
65580.64909400001, 0.0890045166015625, -0.78656005859375, -0.60516357421875, -0.1322411298751831, -2.3102314472198486, -1.3879644870758057
65580.659161, 0.082855224609375, -0.781494140625, -0.6172943115234375, -0.10495917499065399, -2.2756519317626953, -1.4005241394042969
65580.669228, 0.074371337890625, -0.7769622802734375, -0.6240234375, -0.07414852827787399, -2.2296900749206543, -1.4062323570251465
65580.67929500001, 0.066925048828125, -0.778717041015625, -0.632080078125, -0.03491111099720001, -2.1803839206695557, -1.4048643112182617
65580.689362, 0.0739898681640625, -0.784027099609375, -0.6367340087890625, 0.00512738386169076, -2.132495164871216, -1.391163945198059
65580.699429, 0.08831787109375, -0.795684814453125, -0.6395111083984375, 0.044196754693984985, -2.0679869651794434, -1.3597553968429565
65580.70949600001, 0.07781982421875, -0.8093109130859375, -0.646148681640625, 0.08007486164569855, -2.0027942657470703, -1.3273096084594727
65580.719563, 0.05706787109375, -0.817626953125, -0.65087890625, 0.1216859519481659, -1.945945382118225, -1.2958440780639648
65580.72963, 0.0375518798828125, -0.8353729248046875, -0.653533935546875, 0.15656298398971558, -1.8963539600372314, -1.2687504291534424
65580.739696, 0.033905029296875, -0.8558349609375, -0.6566162109375, 0.1753358691930771, -1.8403489589691162, -1.2360804080963135
65580.749763, 0.041351318359375, -0.87042236328125, -0.6666107177734375, 0.17866775393486023, -1.7886059284210205, -1.2042196989059448
65580.75983000001, 0.0466766357421875, -0.8779449462890625, -0.6735992431640625, 0.16433674097061157, -1.757191777229309, -1.1678520441055298
65580.769897, 0.04803466796875, -0.876983642578125, -0.6753997802734375, 0.13706651329994202, -1.736446499824524, -1.1338690519332886
65580.779964, 0.0535736083984375, -0.8724517822265625, -0.6657867431640625, 0.10845723748207092, -1.7333050966262817, -1.1092891693115234
65580.790031, 0.0625, -0.859161376953125, -0.6494293212890625, 0.08427786082029343, -1.7369033098220825, -1.088870644569397
65580.800098, 0.073974609375, -0.8441009521484375, -0.63018798828125, 0.0705290287733078, -1.7335280179977417, -1.0730019807815552
65580.810165, 0.0723114013671875, -0.82562255859375, -0.6117706298828125, 0.06904671341180801, -1.7326512336730957, -1.0551660060882568
65580.820232, 0.070037841796875, -0.80474853515625, -0.6016387939453125, 0.07130321115255356, -1.735610842704773, -1.0474660396575928
65580.83029900001, 0.0788116455078125, -0.793701171875, -0.5979461669921875, 0.05865132808685303, -1.7331455945968628, -1.0397801399230957
65580.840366, 0.0816192626953125, -0.7957000732421875, -0.60235595703125, 0.050512176007032394, -1.7402034997940063, -1.0204248428344727
65580.850433, 0.079376220703125, -0.79400634765625, -0.608184814453125, 0.053946588188409805, -1.7483391761779785, -1.0038738250732422
65580.86050000001, 0.08135986328125, -0.7837066650390625, -0.613250732421875, 0.060806892812252045, -1.7349293231964111, -0.9849890470504761
65580.870567, 0.079925537109375, -0.7708587646484375, -0.6154022216796875, 0.07960161566734314, -1.7080659866333008, -0.9571928381919861
65580.88063300001, 0.0714111328125, -0.756256103515625, -0.61297607421875, 0.09765944629907608, -1.651636004447937, -0.9324195384979248
65580.8907, 0.060943603515625, -0.751220703125, -0.606475830078125, 0.11658280342817307, -1.587654948234558, -0.9077994227409363
65580.900767, 0.052093505859375, -0.756103515625, -0.592132568359375, 0.1329042613506317, -1.5100514888763428, -0.8858331441879272
65580.91083400001, 0.0484161376953125, -0.7611083984375, -0.5821990966796875, 0.14546531438827515, -1.4439784288406372, -0.8665484189987183
65580.920901, 0.0558624267578125, -0.7713623046875, -0.57244873046875, 0.14727281033992767, -1.392116904258728, -0.8490450382232666
65580.930968, 0.06390380859375, -0.7923431396484375, -0.5671844482421875, 0.15161003172397614, -1.329375147819519, -0.8265586495399475
65580.94103500001, 0.0573883056640625, -0.8071746826171875, -0.5668792724609375, 0.15120522677898407, -1.277576208114624, -0.8146969079971313
65580.951102, 0.0480194091796875, -0.8136749267578125, -0.56475830078125, 0.15059137344360352, -1.242239236831665, -0.817257285118103
65580.961169, 0.0557098388671875, -0.8240814208984375, -0.561859130859375, 0.15181510150432587, -1.2118743658065796, -0.8206973075866699
65580.971236, 0.0545501708984375, -0.8399505615234375, -0.55426025390625, 0.1534007340669632, -1.178226113319397, -0.8271828889846802
65580.98130300001, 0.05303955078125, -0.8495635986328125, -0.5459747314453125, 0.16057103872299194, -1.150116205215454, -0.837948739528656
65580.99137, 0.0611724853515625, -0.85662841796875, -0.536895751953125, 0.1717030555009842, -1.1350592374801636, -0.8459581732749939
65581.001437, 0.0648956298828125, -0.8659515380859375, -0.5356597900390625, 0.18051545321941376, -1.1222786903381348, -0.8430721163749695
65581.01150400001, 0.065032958984375, -0.8701629638671875, -0.54742431640625, 0.19523154199123383, -1.1233652830123901, -0.8319041132926941
65581.021571, 0.0626068115234375, -0.872802734375, -0.550811767578125, 0.21886470913887024, -1.1457374095916748, -0.8203316330909729
65581.031638, 0.0591278076171875, -0.875457763671875, -0.547210693359375, 0.2489704042673111, -1.1829288005828857, -0.8076611161231995
65581.04170500001, 0.055023193359375, -0.8800811767578125, -0.5400390625, 0.28005802631378174, -1.2161966562271118, -0.800065279006958
65581.051771, 0.0499725341796875, -0.8799591064453125, -0.5253143310546875, 0.3042003810405731, -1.2305998802185059, -0.7922843098640442
65581.06183800001, 0.04290771484375, -0.88067626953125, -0.51312255859375, 0.3268260657787323, -1.220954179763794, -0.7858647704124451
65581.071905, 0.0370635986328125, -0.8796844482421875, -0.505157470703125, 0.3438223600387573, -1.1935739517211914, -0.7816340327262878
65581.081972, 0.0391998291015625, -0.8750152587890625, -0.5015106201171875, 0.34559762477874756, -1.1449477672576904, -0.7793295979499817
65581.09203900001, 0.031158447265625, -0.87359619140625, -0.50030517578125, 0.33565229177474976, -1.1010477542877197, -0.7868596911430359
65581.102106, 0.0404815673828125, -0.87493896484375, -0.500335693359375, 0.3123461902141571, -1.065538763999939, -0.7875744700431824
65581.112173, 0.064666748046875, -0.8797149658203125, -0.5099029541015625, 0.27415433526039124, -1.0483651161193848, -0.7748442888259888
65581.12224, 0.0806884765625, -0.888763427734375, -0.5249786376953125, 0.23609907925128937, -1.0444190502166748, -0.7536208033561707
65581.132307, 0.0926055908203125, -0.8915863037109375, -0.5395355224609375, 0.22115129232406616, -1.0539648532867432, -0.7121186256408691
65581.142374, 0.0847930908203125, -0.8858184814453125, -0.562652587890625, 0.23687778413295746, -1.0740821361541748, -0.6667375564575195
65581.152441, 0.0643463134765625, -0.876800537109375, -0.5889739990234375, 0.28000450134277344, -1.0948084592819214, -0.6291060447692871
65581.16250800001, 0.0514678955078125, -0.8664093017578125, -0.60791015625, 0.3463408946990967, -1.100222110748291, -0.5979350805282593
65581.172575, 0.046234130859375, -0.8557586669921875, -0.611572265625, 0.4235083758831024, -1.0981425046920776, -0.5673909783363342
65581.182642, 0.0460968017578125, -0.8500213623046875, -0.6013031005859375, 0.49231088161468506, -1.0914946794509888, -0.5516216158866882
65581.19270900001, 0.05926513671875, -0.8574981689453125, -0.583953857421875, 0.5413228869438171, -1.0781980752944946, -0.5283879637718201
65581.202775, 0.071075439453125, -0.8671875, -0.5630340576171875, 0.5605373382568359, -1.0706608295440674, -0.5065236687660217
65581.21284200001, 0.07666015625, -0.8719024658203125, -0.539306640625, 0.5431820750236511, -1.0860168933868408, -0.4851837456226349
65581.222909, 0.0753021240234375, -0.878021240234375, -0.51385498046875, 0.5007616281509399, -1.1149300336837769, -0.4746389389038086
65581.232975, 0.0718994140625, -0.88494873046875, -0.4974365234375, 0.44380462169647217, -1.1213412284851074, -0.47405144572257996
65581.243042, 0.0659332275390625, -0.8918609619140625, -0.492919921875, 0.3871147036552429, -1.101722002029419, -0.48225507140159607
65581.253109, 0.0482177734375, -0.885589599609375, -0.5007476806640625, 0.3517758846282959, -1.0808942317962646, -0.5016183853149414
65581.26317600001, 0.0479278564453125, -0.8661041259765625, -0.518646240234375, 0.34962084889411926, -1.0602169036865234, -0.52152019739151
65581.273243, 0.059478759765625, -0.851470947265625, -0.5376739501953125, 0.38724571466445923, -1.0423502922058105, -0.53123939037323
65581.28331, 0.07806396484375, -0.8417510986328125, -0.5497283935546875, 0.43745163083076477, -1.0200375318527222, -0.520553708076477
65581.29337700001, 0.0941009521484375, -0.8383941650390625, -0.5555419921875, 0.4973407983779907, -0.9937878251075745, -0.5021156072616577
65581.303444, 0.09686279296875, -0.8307952880859375, -0.55377197265625, 0.5443064570426941, -0.9744397401809692, -0.4783591330051422
65581.313511, 0.1066741943359375, -0.82537841796875, -0.541412353515625, 0.5695154070854187, -0.9518646597862244, -0.4604554772377014
65581.32357800001, 0.1243438720703125, -0.835205078125, -0.5222320556640625, 0.5757834315299988, -0.9237006306648254, -0.4282895624637604
65581.333645, 0.1304473876953125, -0.8456268310546875, -0.5039520263671875, 0.5559303164482117, -0.8945755362510681, -0.39345303177833557
65581.343712, 0.12890625, -0.8528900146484375, -0.481414794921875, 0.5048360228538513, -0.8780202269554138, -0.3658938407897949
65581.353779, 0.1264190673828125, -0.859893798828125, -0.4565887451171875, 0.4394868314266205, -0.860677182674408, -0.35677996277809143
65581.36384600001, 0.1278228759765625, -0.8608551025390625, -0.4339141845703125, 0.3665955662727356, -0.843640148639679, -0.35088905692100525
65581.373913, 0.13800048828125, -0.861846923828125, -0.4225616455078125, 0.3145858943462372, -0.8039449453353882, -0.33909016847610474
65581.38398, 0.1462249755859375, -0.85858154296875, -0.4294586181640625, 0.2833494246006012, -0.7163926959037781, -0.31387484073638916
65581.39404700001, 0.1405487060546875, -0.8516845703125, -0.4460601806640625, 0.26919764280319214, -0.6338003873825073, -0.2856264114379883
65581.404114, 0.1360321044921875, -0.83636474609375, -0.4662017822265625, 0.2503219544887543, -0.5633163452148438, -0.2605471611022949
65581.414181, 0.132965087890625, -0.8300628662109375, -0.47430419921875, 0.23942936956882477, -0.5088182091712952, -0.23958329856395721
65581.42424800001, 0.1361236572265625, -0.8354034423828125, -0.46759033203125, 0.21317219734191895, -0.47010865807533264, -0.2176596224308014
65581.434315, 0.1461944580078125, -0.8455657958984375, -0.4654388427734375, 0.17212383449077606, -0.4102413058280945, -0.19308477640151978
65581.444382, 0.1503753662109375, -0.84661865234375, -0.471893310546875, 0.1298661231994629, -0.35136017203330994, -0.17364156246185303
65581.454449, 0.1417999267578125, -0.837493896484375, -0.4738616943359375, 0.09976360946893692, -0.3134644329547882, -0.17105749249458313
65581.46451600001, 0.1415252685546875, -0.8296966552734375, -0.479461669921875, 0.07992865145206451, -0.26677843928337097, -0.16387201845645905
65581.474583, 0.14166259765625, -0.82305908203125, -0.4904022216796875, 0.06966643035411835, -0.23412807285785675, -0.1539272516965866
65581.484649, 0.1395721435546875, -0.8164215087890625, -0.4964752197265625, 0.07615229487419128, -0.2153826206922531, -0.1514185518026352
65581.494716, 0.13909912109375, -0.8145294189453125, -0.49530029296875, 0.09260396659374237, -0.21794404089450836, -0.14507755637168884
65581.50478300001, 0.1373291015625, -0.8109130859375, -0.49188232421875, 0.1118285283446312, -0.23182018101215363, -0.13804788887500763
65581.51485, 0.131103515625, -0.808013916015625, -0.4929656982421875, 0.12794864177703857, -0.2530096173286438, -0.14056430757045746
65581.524917, 0.126983642578125, -0.8120574951171875, -0.4983062744140625, 0.13207654654979706, -0.2775171101093292, -0.14711062610149384
65581.534984, 0.134674072265625, -0.8192901611328125, -0.502532958984375, 0.13668115437030792, -0.30169832706451416, -0.1391586810350418
65581.54505100001, 0.13909912109375, -0.826171875, -0.505889892578125, 0.14422401785850525, -0.3310852348804474, -0.1265435665845871
65581.555118, 0.1319732666015625, -0.833740234375, -0.505340576171875, 0.156888946890831, -0.3550012409687042, -0.11505681276321411
65581.565185, 0.11822509765625, -0.841094970703125, -0.4959716796875, 0.1745544970035553, -0.3777347803115845, -0.10113753378391266
65581.57525200001, 0.102996826171875, -0.8471832275390625, -0.4808502197265625, 0.18594004213809967, -0.38209331035614014, -0.0957755297422409
65581.585319, 0.0915985107421875, -0.8546905517578125, -0.4597015380859375, 0.18704286217689514, -0.36919376254081726, -0.09879662096500397
65581.595386, 0.0879364013671875, -0.8642730712890625, -0.437957763671875, 0.1684103161096573, -0.3361513912677765, -0.10109466314315796
65581.60545300001, 0.090301513671875, -0.8777008056640625, -0.4261474609375, 0.13898637890815735, -0.3052688241004944, -0.09957239776849747
65581.61552, 0.0982208251953125, -0.8874664306640625, -0.425323486328125, 0.09257041662931442, -0.27720096707344055, -0.09258905798196793
65581.625587, 0.092742919921875, -0.8926239013671875, -0.4278411865234375, 0.042266763746738434, -0.27086159586906433, -0.08621104806661606
65581.635654, 0.07989501953125, -0.8941497802734375, -0.433074951171875, -0.00780705688521266, -0.2848123013973236, -0.0782623142004013
65581.64572100001, 0.06683349609375, -0.89007568359375, -0.44085693359375, -0.052022453397512436, -0.31519922614097595, -0.06827972084283829
65581.655788, 0.05621337890625, -0.8821563720703125, -0.4515838623046875, -0.0840941071510315, -0.34443435072898865, -0.06301571428775787
65581.665855, 0.05181884765625, -0.8758392333984375, -0.4580078125, -0.09472890198230743, -0.38162457942962646, -0.05957651138305664
65581.67592200001, 0.0501251220703125, -0.877471923828125, -0.4603271484375, -0.09436192363500595, -0.4093712568283081, -0.058823633939027786
65581.685989, 0.0483551025390625, -0.8806304931640625, -0.4617462158203125, -0.08732851594686508, -0.43479567766189575, -0.06160743907094002
65581.696056, 0.03814697265625, -0.882598876953125, -0.461029052734375, -0.07779359817504883, -0.46860504150390625, -0.07618851214647293
65581.70612300001, 0.0239105224609375, -0.885894775390625, -0.4564208984375, -0.06549672037363052, -0.5068344473838806, -0.09942805022001266
65581.71619, 0.01507568359375, -0.8916778564453125, -0.451385498046875, -0.058271560817956924, -0.5342612862586975, -0.12472169101238251
65581.726257, 0.01593017578125, -0.89794921875, -0.45001220703125, -0.05435511842370033, -0.5471121072769165, -0.1501580774784088
65581.736324, 0.022735595703125, -0.9061431884765625, -0.44830322265625, -0.042379945516586304, -0.5543702840805054, -0.17111502587795258
65581.74639100001, 0.031463623046875, -0.908966064453125, -0.44683837890625, -0.025228656828403473, -0.5744843482971191, -0.18858003616333008
65581.756458, 0.0394439697265625, -0.912841796875, -0.4482574462890625, -0.011608985252678394, -0.5950769782066345, -0.2040543258190155
65581.766525, 0.04498291015625, -0.9169769287109375, -0.451507568359375, -0.0033388049341738224, -0.6130746006965637, -0.22122372686862946
65581.77659200001, 0.0446929931640625, -0.9146270751953125, -0.457672119140625, 0.009072856977581978, -0.6262654662132263, -0.23828206956386566
65581.786659, 0.0383453369140625, -0.91064453125, -0.4663543701171875, 0.029405292123556137, -0.6337289810180664, -0.25076884031295776
65581.796726, 0.0329132080078125, -0.9067840576171875, -0.472259521484375, 0.05329518020153046, -0.6314551830291748, -0.26430168747901917
65581.80679300001, 0.0318450927734375, -0.8990936279296875, -0.4750213623046875, 0.07896885275840759, -0.6177047491073608, -0.272906094789505
65581.81686, 0.0312347412109375, -0.892730712890625, -0.4676666259765625, 0.1005934551358223, -0.5905432105064392, -0.2810945212841034
65581.826927, 0.0385284423828125, -0.8928070068359375, -0.461883544921875, 0.11993679404258728, -0.5464204549789429, -0.2892584502696991
65581.836994, 0.0512847900390625, -0.8909454345703125, -0.45916748046875, 0.1369866132736206, -0.5081154108047485, -0.2870485484600067
65581.84706100001, 0.058929443359375, -0.8879852294921875, -0.45635986328125, 0.1554468423128128, -0.4855070412158966, -0.2876877188682556
65581.857128, 0.063995361328125, -0.88775634765625, -0.4520263671875, 0.16290876269340515, -0.47474414110183716, -0.29002463817596436
65581.867195, 0.063720703125, -0.893798828125, -0.4449615478515625, 0.15645724534988403, -0.4720791280269623, -0.2825384736061096
65581.87726200001, 0.062225341796875, -0.9007110595703125, -0.43975830078125, 0.1449824869632721, -0.4771133065223694, -0.26986902952194214
65581.887329, 0.0592041015625, -0.90234375, -0.4352874755859375, 0.13333915174007416, -0.48046407103538513, -0.2558429539203644
65581.897396, 0.0546112060546875, -0.904815673828125, -0.432952880859375, 0.12384337931871414, -0.487417072057724, -0.24678342044353485
65581.90746300001, 0.05511474609375, -0.9072418212890625, -0.4290313720703125, 0.11472737789154053, -0.4947708547115326, -0.2475155144929886
65581.917529, 0.060302734375, -0.914398193359375, -0.4219818115234375, 0.10540605336427689, -0.5033374428749084, -0.25522297620773315
65581.927597, 0.0714569091796875, -0.9229278564453125, -0.418121337890625, 0.09343381226062775, -0.5114001631736755, -0.26672810316085815
65581.937664, 0.086761474609375, -0.92926025390625, -0.417083740234375, 0.0818253606557846, -0.5295288562774658, -0.27247095108032227
65581.94773, 0.0884857177734375, -0.925445556640625, -0.418487548828125, 0.06182155758142471, -0.5504953861236572, -0.2774481177330017
65581.95779700001, 0.0806732177734375, -0.9208831787109375, -0.4243621826171875, 0.04422178864479065, -0.5732904076576233, -0.2916907072067261
65581.967864, 0.081329345703125, -0.9143524169921875, -0.427825927734375, 0.02816106379032135, -0.5877460837364197, -0.3003896474838257
65581.977931, 0.080169677734375, -0.9084320068359375, -0.4368133544921875, 0.01733851060271263, -0.5954825282096863, -0.31516700983047485
65581.987998, 0.0836181640625, -0.9051666259765625, -0.44671630859375, 0.02082219161093235, -0.5992181897163391, -0.32529741525650024
65581.998065, 0.0957794189453125, -0.9011688232421875, -0.4583740234375, 0.04663541167974472, -0.5990000367164612, -0.3212243616580963
65582.008132, 0.0993499755859375, -0.890625, -0.469635009765625, 0.08607203513383865, -0.604908287525177, -0.31597793102264404
65582.018199, 0.0913543701171875, -0.881134033203125, -0.4723663330078125, 0.10839438438415527, -0.6093842387199402, -0.30667951703071594
65582.02826600001, 0.080596923828125, -0.875457763671875, -0.4651947021484375, 0.11807790398597717, -0.6112868189811707, -0.30546510219573975
65582.038333, 0.0622711181640625, -0.87408447265625, -0.4603271484375, 0.11449568718671799, -0.616869330406189, -0.30983588099479675
65582.0484, 0.0434722900390625, -0.8770751953125, -0.46075439453125, 0.10896376520395279, -0.6333947777748108, -0.32151731848716736
65582.05846700001, 0.0311279296875, -0.8829193115234375, -0.45623779296875, 0.1112130731344223, -0.6520646214485168, -0.32845059037208557
65582.068534, 0.02490234375, -0.8870086669921875, -0.45159912109375, 0.12490890920162201, -0.6598836183547974, -0.3307318389415741
65582.078601, 0.0184326171875, -0.8871307373046875, -0.4446258544921875, 0.13286590576171875, -0.6633167266845703, -0.3219791054725647
65582.08866800001, 0.0048675537109375, -0.888153076171875, -0.4359588623046875, 0.11742303520441055, -0.6486267447471619, -0.32217538356781006
65582.098735, -0.017333984375, -0.888092041015625, -0.431121826171875, 0.07538077235221863, -0.6252007484436035, -0.33064448833465576
65582.108802, -0.036895751953125, -0.8865509033203125, -0.433868408203125, 0.009815612807869911, -0.6059767603874207, -0.3450987935066223
65582.118869, -0.0474853515625, -0.8812255859375, -0.437408447265625, -0.06257949024438858, -0.5921142101287842, -0.3626554310321808
65582.12893600001, -0.0480499267578125, -0.8784027099609375, -0.446441650390625, -0.12061536312103271, -0.588699221611023, -0.3861578106880188
65582.139003, -0.03955078125, -0.873504638671875, -0.4609527587890625, -0.1570708453655243, -0.5970389246940613, -0.4089222550392151
65582.14907, -0.0267791748046875, -0.8702545166015625, -0.47772216796875, -0.1598820686340332, -0.6160695552825928, -0.42604586482048035
65582.15913700001, -0.01019287109375, -0.87030029296875, -0.493072509765625, -0.1318131536245346, -0.6369525194168091, -0.4371403157711029
65582.169204, -0.001495361328125, -0.86737060546875, -0.50390625, -0.08955145627260208, -0.6676600575447083, -0.46145498752593994
65582.179271, 0.0038604736328125, -0.8641357421875, -0.511138916015625, -0.03448553755879402, -0.6925398707389832, -0.4895569086074829
65582.18933800001, 0.0154876708984375, -0.86151123046875, -0.5136566162109375, 0.027400465682148933, -0.7114804983139038, -0.5175408720970154
65582.199405, 0.0237579345703125, -0.864898681640625, -0.5075836181640625, 0.09668579697608948, -0.7356210350990295, -0.5433647632598877
65582.20947216667, 0.0311126708984375, -0.86883544921875, -0.4974212646484375, 0.1541679948568344, -0.7520349025726318, -0.5616670846939087
65582.21953916668, 0.0294647216796875, -0.87200927734375, -0.4850616455078125, 0.18826924264431, -0.7569351196289062, -0.5793163776397705
65582.22960616667, 0.014923095703125, -0.8855438232421875, -0.472564697265625, 0.2030622959136963, -0.761593759059906, -0.5949893593788147
65582.23967316667, 0.007965087890625, -0.8878326416015625, -0.4655914306640625, 0.1927233785390854, -0.757564127445221, -0.6072468161582947
65582.24974016668, 0.002166748046875, -0.884490966796875, -0.4646148681640625, 0.17264553904533386, -0.7543030977249146, -0.6052001714706421
65582.25980716667, -0.0016632080078125, -0.8830413818359375, -0.4681396484375, 0.13796798884868622, -0.744922399520874, -0.5928923487663269
65582.26987416667, 0.0028076171875, -0.8824005126953125, -0.475921630859375, 0.10902715474367142, -0.7237230539321899, -0.5699556469917297
65582.27994216667, 0.00689697265625, -0.8767852783203125, -0.4839935302734375, 0.09792602807283401, -0.7064791321754456, -0.5380584001541138
65582.29000816667, 0.0102691650390625, -0.8729095458984375, -0.484832763671875, 0.08795621991157532, -0.6943316459655762, -0.5038937926292419
65582.30007616668, 0.0204315185546875, -0.8725738525390625, -0.482513427734375, 0.0836767852306366, -0.6749829649925232, -0.47227033972740173
65582.31014316667, 0.03240966796875, -0.8724822998046875, -0.487579345703125, 0.08739722520112991, -0.6651313900947571, -0.43774938583374023
65582.32021016667, 0.038787841796875, -0.8671112060546875, -0.499420166015625, 0.09203378856182098, -0.6690363883972168, -0.4103206694126129
65582.33027716666, 0.037689208984375, -0.8651275634765625, -0.5081329345703125, 0.10493387281894684, -0.6990368962287903, -0.38829952478408813
65582.34034416667, 0.0351715087890625, -0.862152099609375, -0.509246826171875, 0.12203669548034668, -0.7443122267723083, -0.36710768938064575
65582.35041116667, 0.032440185546875, -0.8646240234375, -0.50146484375, 0.13295085728168488, -0.7873712778091431, -0.354686439037323
65582.36047816667, 0.0280609130859375, -0.87615966796875, -0.48602294921875, 0.1371258944272995, -0.8126569390296936, -0.3493369519710541
65582.37054516668, 0.020751953125, -0.88421630859375, -0.4646759033203125, 0.1272735297679901, -0.820629358291626, -0.35465529561042786
65582.38061216667, 0.006866455078125, -0.8882293701171875, -0.445953369140625, 0.10760502517223358, -0.8127719759941101, -0.36656254529953003
65582.39067916667, -0.0048370361328125, -0.88995361328125, -0.4357452392578125, 0.08797832578420639, -0.8027795553207397, -0.393390953540802
65582.40074616668, -0.0124359130859375, -0.8873138427734375, -0.438140869140625, 0.06410255283117294, -0.7894277572631836, -0.41820043325424194
65582.41081316667, -0.0176849365234375, -0.880828857421875, -0.4415130615234375, 0.04646017774939537, -0.7875286936759949, -0.44567468762397766
65582.42088016667, -0.015533447265625, -0.8765716552734375, -0.4450225830078125, 0.037748709321022034, -0.7738024592399597, -0.4624198377132416
65582.43094716666, -0.0122833251953125, -0.87335205078125, -0.457672119140625, 0.018439993262290955, -0.7501770257949829, -0.47160694003105164
65582.44101416667, -0.0097198486328125, -0.8701934814453125, -0.471343994140625, 0.00914316438138485, -0.7394724488258362, -0.4631197154521942
65582.45108116667, -0.00274658203125, -0.867828369140625, -0.4835205078125, 0.006792126223444939, -0.7402186989784241, -0.43596452474594116
65582.46114816667, 0.0013885498046875, -0.8717498779296875, -0.4909210205078125, 0.004225371405482292, -0.7399446368217468, -0.4004161059856415
65582.47121516668, -0.0001983642578125, -0.877197265625, -0.491729736328125, -0.0015068164793774486, -0.7420520186424255, -0.3560185730457306
65582.48128216667, -0.0019073486328125, -0.8777008056640625, -0.4944610595703125, -0.0070187607780098915, -0.7561966180801392, -0.30904653668403625
65582.49134916667, -0.0090484619140625, -0.8767242431640625, -0.4979705810546875, -0.016467124223709106, -0.7889337539672852, -0.27258944511413574
65582.50141616668, -0.0184478759765625, -0.87890625, -0.492767333984375, -0.029382921755313873, -0.8246278762817383, -0.2475179135799408
65582.51148316667, -0.0323638916015625, -0.8798065185546875, -0.4898834228515625, -0.039933301508426666, -0.8577706217765808, -0.23149821162223816
65582.52155016667, -0.0435791015625, -0.88214111328125, -0.494384765625, -0.0451325923204422, -0.8820762038230896, -0.2374037653207779
65582.53161716666, -0.0413970947265625, -0.878997802734375, -0.49505615234375, -0.04075195640325546, -0.8924505710601807, -0.252094030380249
65582.54168416667, -0.0404815673828125, -0.8787994384765625, -0.4961700439453125, -0.025891251862049103, -0.8965640664100647, -0.26401007175445557
65582.55175116667, -0.0456085205078125, -0.8790283203125, -0.4994354248046875, -0.00478543434292078, -0.9058297872543335, -0.27870887517929077
65582.56181816667, -0.0462646484375, -0.875885009765625, -0.5054473876953125, 0.02185096964240074, -0.9228071570396423, -0.2917911112308502
65582.57188516668, -0.0417022705078125, -0.872222900390625, -0.507232666015625, 0.048286039382219315, -0.9332752227783203, -0.2989172041416168
65582.58195216667, -0.044189453125, -0.8752593994140625, -0.505218505859375, 0.0675971508026123, -0.947181224822998, -0.3051828145980835
65582.59201916667, -0.0462188720703125, -0.8787689208984375, -0.4981231689453125, 0.08085490018129349, -0.9601430892944336, -0.31389907002449036
65582.60208616668, -0.0456085205078125, -0.8842926025390625, -0.4870758056640625, 0.08185944706201553, -0.9673983454704285, -0.32437434792518616
65582.61215316667, -0.03656005859375, -0.8946075439453125, -0.4770965576171875, 0.07350137829780579, -0.9758956432342529, -0.3346394896507263
65582.62222016667, -0.0272369384765625, -0.9022064208984375, -0.47027587890625, 0.0601581446826458, -0.9837605357170105, -0.3422931730747223
65582.63228716666, -0.0250244140625, -0.9044342041015625, -0.4677734375, 0.037999313324689865, -0.9820268154144287, -0.3485625088214874
65582.64235416667, -0.023651123046875, -0.900665283203125, -0.4702606201171875, 0.026125609874725342, -0.9799529910087585, -0.35747769474983215
65582.65242116667, -0.0215301513671875, -0.8931884765625, -0.47210693359375, 0.014540859498083591, -0.9653910994529724, -0.36724433302879333
65582.66248816666, -0.02288818359375, -0.8907318115234375, -0.4729156494140625, 0.006715160794556141, -0.932989239692688, -0.3842238485813141
65582.67255516668, -0.0223541259765625, -0.8875732421875, -0.472442626953125, 0.0041425470262765884, -0.8984869122505188, -0.4043581187725067
65582.68262216667, -0.0193328857421875, -0.885223388671875, -0.471160888671875, 0.0017667410429567099, -0.8670663833618164, -0.41887128353118896
65582.69268916667, -0.010284423828125, -0.887237548828125, -0.478118896484375, 0.001975266495719552, -0.8283703923225403, -0.42602160573005676
65582.70275616668, -0.004974365234375, -0.8841094970703125, -0.4898529052734375, 0.0032863407395780087, -0.7935519814491272, -0.4233395457267761
65582.71282316667, -0.0051116943359375, -0.8773193359375, -0.498016357421875, 0.01498214527964592, -0.7743822336196899, -0.41899433732032776
65582.72289116668, -0.0028228759765625, -0.8732452392578125, -0.5054779052734375, 0.0332876481115818, -0.7639314532279968, -0.40183985233306885
65582.73295816667, -4.57763671875e-05, -0.872406005859375, -0.5077362060546875, 0.05808327719569206, -0.7570762634277344, -0.38027170300483704
65582.74302516667, 0.0049591064453125, -0.8748016357421875, -0.5018310546875, 0.08418971300125122, -0.7535286545753479, -0.3532552719116211
65582.75309216668, 0.0118255615234375, -0.8789215087890625, -0.4880218505859375, 0.1074092835187912, -0.7424935698509216, -0.3278159499168396
65582.76315916667, 0.01885986328125, -0.8845672607421875, -0.4736328125, 0.12197650223970413, -0.7295939922332764, -0.3015148341655731
65582.77322616667, 0.017425537109375, -0.888702392578125, -0.4621734619140625, 0.13175323605537415, -0.7234548926353455, -0.2853313386440277
65582.78329316666, 0.0079803466796875, -0.8868560791015625, -0.452117919921875, 0.12475338578224182, -0.7200068831443787, -0.27945640683174133
65582.79336016667, 0.0024261474609375, -0.886962890625, -0.4428558349609375, 0.11801958084106445, -0.7170931100845337, -0.2832641899585724
65582.80342716667, 0.0021820068359375, -0.8925323486328125, -0.438232421875, 0.11169909685850143, -0.7011125683784485, -0.28971144556999207
65582.81349416666, 0.0001983642578125, -0.89306640625, -0.4341278076171875, 0.10181264579296112, -0.6798195242881775, -0.3012964725494385
65582.82356116668, -0.0024871826171875, -0.8944244384765625, -0.4360198974609375, 0.09177998453378677, -0.6668057441711426, -0.31564316153526306
65582.83362816667, 0.0033721923828125, -0.8990478515625, -0.4426116943359375, 0.08507760614156723, -0.6601963043212891, -0.32183927297592163
65582.84369516667, 0.0119171142578125, -0.8986358642578125, -0.44818115234375, 0.07791264355182648, -0.6649937033653259, -0.32174715399742126
65582.85376216668, 0.0077362060546875, -0.8952484130859375, -0.452056884765625, 0.07510886341333389, -0.6830765604972839, -0.3218019902706146
65582.86382916667, -0.000823974609375, -0.8922119140625, -0.454620361328125, 0.06871061772108078, -0.703987717628479, -0.3243831396102905
65582.87389616667, -0.0063018798828125, -0.891937255859375, -0.456573486328125, 0.06886641681194305, -0.7171897888183594, -0.3312612771987915
65582.88396316668, -0.00299072265625, -0.8936767578125, -0.452850341796875, 0.07008641213178635, -0.7185029983520508, -0.3420920968055725
65582.89403016667, -0.0006866455078125, -0.9002838134765625, -0.446136474609375, 0.07919175922870636, -0.7136371731758118, -0.35670432448387146
65582.90409716667, 0.0006866455078125, -0.9076080322265625, -0.4409942626953125, 0.0783909484744072, -0.703761637210846, -0.3686445951461792
65582.91416416666, 0.0054931640625, -0.90673828125, -0.44256591796875, 0.07003980129957199, -0.6811684370040894, -0.3739056885242462
65582.92423116667, -0.000885009765625, -0.9069366455078125, -0.4530792236328125, 0.05564754828810692, -0.6652959585189819, -0.3770788311958313
65582.93429816667, -0.0155792236328125, -0.9015045166015625, -0.4623870849609375, 0.042985282838344574, -0.6541381478309631, -0.38854748010635376
65582.94436516667, -0.0209503173828125, -0.8950042724609375, -0.4676361083984375, 0.04505455866456032, -0.6449092030525208, -0.4000352919101715
65582.95443316667, -0.0193939208984375, -0.89483642578125, -0.47137451171875, 0.05507337301969528, -0.6309558749198914, -0.40978220105171204
65582.96450016666, -0.014984130859375, -0.896697998046875, -0.4724273681640625, 0.06446527689695358, -0.6116873621940613, -0.41675859689712524
65582.97456716668, -0.00958251953125, -0.895965576171875, -0.4718475341796875, 0.08279821276664734, -0.6006898283958435, -0.4230697751045227
65582.98463416667, -0.0077667236328125, -0.8936309814453125, -0.470855712890625, 0.08821214735507965, -0.6009199023246765, -0.42748475074768066
65582.99470116667, -0.0070648193359375, -0.8916015625, -0.472076416015625, 0.09246894717216492, -0.6112173199653625, -0.43361616134643555
65583.00476816668, -0.008331298828125, -0.8924407958984375, -0.4704742431640625, 0.09403408318758011, -0.6265730857849121, -0.43194955587387085
65583.01483516667, -0.0125732421875, -0.8892059326171875, -0.4672088623046875, 0.09658246487379074, -0.6384947299957275, -0.4289878308773041
65583.02490216667, -0.0185546875, -0.88726806640625, -0.4637298583984375, 0.09824614226818085, -0.6471457481384277, -0.4233153164386749
65583.03496916668, -0.0198516845703125, -0.8853912353515625, -0.461029052734375, 0.09720005095005035, -0.6522353291511536, -0.4126458764076233
65583.04503616667, -0.01837158203125, -0.8809051513671875, -0.4583282470703125, 0.10089971870183945, -0.6535583734512329, -0.40258926153182983
65583.05510316667, -0.0179443359375, -0.87738037109375, -0.4550018310546875, 0.10718637704849243, -0.6514648795127869, -0.3990461826324463
65583.06517016666, -0.01788330078125, -0.874176025390625, -0.45166015625, 0.10951264202594757, -0.6517692804336548, -0.3942785859107971
65583.07523716667, -0.01678466796875, -0.873443603515625, -0.4470977783203125, 0.10895924270153046, -0.6562034487724304, -0.39216139912605286
65583.08530416667, -0.017059326171875, -0.8752288818359375, -0.4418792724609375, 0.10114659368991852, -0.6602277159690857, -0.38838741183280945
65583.09537116667, -0.017669677734375, -0.875152587890625, -0.441925048828125, 0.08544592559337616, -0.6613627672195435, -0.38142725825309753
65583.10543816668, -0.01690673828125, -0.8719482421875, -0.44671630859375, 0.0726209431886673, -0.6639966368675232, -0.374893456697464
65583.11550516667, -0.0203857421875, -0.8685455322265625, -0.45159912109375, 0.061171744018793106, -0.6689311861991882, -0.3666594922542572
65583.12557216667, -0.0196533203125, -0.8689422607421875, -0.4551849365234375, 0.050993677228689194, -0.6689634323120117, -0.3605768382549286
65583.13563916668, -0.0211181640625, -0.8698883056640625, -0.4614105224609375, 0.04351818189024925, -0.6635127067565918, -0.3511476516723633
65583.14570716667, -0.0283660888671875, -0.8662109375, -0.4680023193359375, 0.04587161913514137, -0.6565235257148743, -0.3406185805797577
65583.15577416668, -0.0345458984375, -0.859222412109375, -0.475128173828125, 0.055995091795921326, -0.6473811864852905, -0.3318631649017334
65583.16584116667, -0.039031982421875, -0.856353759765625, -0.477874755859375, 0.0750121921300888, -0.6303603649139404, -0.3269360363483429
65583.17590816667, -0.037322998046875, -0.852691650390625, -0.476837158203125, 0.10639195144176483, -0.6077845096588135, -0.317477822303772
65583.18597516666, -0.0363922119140625, -0.84869384765625, -0.4732513427734375, 0.1376505345106125, -0.5962969660758972, -0.30816635489463806
65583.19604216667, -0.035919189453125, -0.850830078125, -0.4615478515625, 0.16135533154010773, -0.5820767283439636, -0.3047116994857788
65583.20611, -0.0294952392578125, -0.85955810546875, -0.443939208984375, 0.16863615810871124, -0.5640668272972107, -0.29817071557044983
65583.21617700001, -0.016845703125, -0.8731536865234375, -0.4258270263671875, 0.1575174480676651, -0.5449783802032471, -0.29711902141571045
65583.226244, -0.0082244873046875, -0.8852386474609375, -0.41485595703125, 0.12827648222446442, -0.5212022066116333, -0.2919554114341736
65583.236311, -0.001800537109375, -0.8888397216796875, -0.408660888671875, 0.0954626053571701, -0.5051499605178833, -0.2905633747577667
65583.24637800001, -0.00213623046875, -0.890777587890625, -0.4061431884765625, 0.06765148043632507, -0.4944656491279602, -0.2848157584667206
65583.256445, -0.002960205078125, -0.89263916015625, -0.404998779296875, 0.04536508396267891, -0.48582929372787476, -0.277349591255188
65583.266512, -0.001312255859375, -0.8949737548828125, -0.404388427734375, 0.031445275992155075, -0.46764177083969116, -0.26771560311317444
65583.276579, 0.002838134765625, -0.899932861328125, -0.40203857421875, 0.013605024665594101, -0.4558658003807068, -0.25240907073020935
65583.28664600001, 0.00714111328125, -0.9098968505859375, -0.40179443359375, 0.002672215923666954, -0.44082799553871155, -0.23897875845432281
65583.29671400001, 0.012847900390625, -0.9203033447265625, -0.404022216796875, -0.0102539686486125, -0.4304443299770355, -0.22476732730865479
65583.306781, 0.02471923828125, -0.9255828857421875, -0.4055023193359375, -0.032347820699214935, -0.42134296894073486, -0.21156977117061615
65583.316848, 0.0362396240234375, -0.92913818359375, -0.410186767578125, -0.06739262491464615, -0.409748911857605, -0.20010486245155334
65583.326915, 0.0438385009765625, -0.929718017578125, -0.4197540283203125, -0.10957842320203781, -0.40208086371421814, -0.18554642796516418
65583.33698200001, 0.04901123046875, -0.9244537353515625, -0.4337158203125, -0.14184528589248657, -0.4068564474582672, -0.1692100614309311
65583.347049, 0.054412841796875, -0.91229248046875, -0.4470672607421875, -0.1591489017009735, -0.41330501437187195, -0.15240071713924408
65583.357116, 0.061431884765625, -0.90118408203125, -0.4582977294921875, -0.1560758799314499, -0.41938501596450806, -0.13586941361427307
65583.36718300001, 0.0623016357421875, -0.893280029296875, -0.466156005859375, -0.13582654297351837, -0.42453211545944214, -0.12438187003135681
65583.37725, 0.0584716796875, -0.890167236328125, -0.46893310546875, -0.10208003222942352, -0.4301084876060486, -0.12226945161819458
65583.387317, 0.05999755859375, -0.8869476318359375, -0.46826171875, -0.0579029805958271, -0.43469980359077454, -0.1279481053352356
65583.39738400001, 0.0615234375, -0.887725830078125, -0.4652557373046875, -0.012258796952664852, -0.42291930317878723, -0.14219309389591217
65583.407451, 0.06304931640625, -0.8912353515625, -0.46148681640625, 0.03532230481505394, -0.4084223806858063, -0.15635710954666138
65583.417518, 0.0685272216796875, -0.896331787109375, -0.45770263671875, 0.08179499953985214, -0.3970341682434082, -0.17065589129924774
65583.427586, 0.0819549560546875, -0.9041748046875, -0.448974609375, 0.12108834087848663, -0.3899073004722595, -0.17737051844596863
65583.437653, 0.0908355712890625, -0.910980224609375, -0.436431884765625, 0.14725549519062042, -0.3851351737976074, -0.18121026456356049
65583.44772000001, 0.095001220703125, -0.916473388671875, -0.422393798828125, 0.15088245272636414, -0.37961655855178833, -0.18809746205806732
65583.457787, 0.1042938232421875, -0.9189453125, -0.4111328125, 0.14215873181819916, -0.3645119071006775, -0.1901816576719284
65583.467854, 0.1157989501953125, -0.9215087890625, -0.3997344970703125, 0.1240130215883255, -0.345533162355423, -0.19343657791614532
65583.477921, 0.1348724365234375, -0.91827392578125, -0.396881103515625, 0.10501004010438919, -0.3156900405883789, -0.18355198204517365
65583.48798800001, 0.1492462158203125, -0.9122772216796875, -0.40283203125, 0.09501253068447113, -0.293038010597229, -0.16556473076343536
65583.498055, 0.15948486328125, -0.9114837646484375, -0.4121551513671875, 0.09175628423690796, -0.2920723259449005, -0.146763876080513
65583.508122, 0.1682891845703125, -0.91265869140625, -0.4202880859375, 0.10147415846586227, -0.30216172337532043, -0.11236835271120071
65583.51818900001, 0.16680908203125, -0.9112548828125, -0.4239959716796875, 0.1235634833574295, -0.3113352358341217, -0.07575920969247818
65583.528256, 0.162139892578125, -0.909149169921875, -0.421234130859375, 0.15331898629665375, -0.32970547676086426, -0.04195703566074371
65583.538323, 0.1582183837890625, -0.914642333984375, -0.411529541015625, 0.1813061386346817, -0.3557905852794647, -0.016351809725165367
65583.54839000001, 0.1540374755859375, -0.9281768798828125, -0.392791748046875, 0.1977895051240921, -0.37248116731643677, 0.005255482159554958
65583.558458, 0.1393890380859375, -0.935638427734375, -0.3704681396484375, 0.18161027133464813, -0.3777979016304016, 0.013948572799563408
65583.56852500001, 0.120452880859375, -0.9396209716796875, -0.355194091796875, 0.14259283244609833, -0.36881956458091736, 0.012751481495797634
65583.578592, 0.1037139892578125, -0.9419403076171875, -0.3490142822265625, 0.08952375501394272, -0.3588694632053375, -0.0005731122801080346
65583.588659, 0.0912017822265625, -0.9407806396484375, -0.3466339111328125, 0.028896629810333252, -0.3497958183288574, -0.02046665921807289
65583.59872600001, 0.0887908935546875, -0.943145751953125, -0.3443756103515625, -0.03151558339595795, -0.3372832238674164, -0.04291604086756706
65583.608793, 0.0899200439453125, -0.9455718994140625, -0.3467864990234375, -0.08938846737146378, -0.32607078552246094, -0.06583493947982788
65583.61886, 0.093414306640625, -0.9456024169921875, -0.35443115234375, -0.1395813375711441, -0.3227274417877197, -0.08861162513494492
65583.628927, 0.09857177734375, -0.9409027099609375, -0.368011474609375, -0.16879621148109436, -0.3338876962661743, -0.10029757767915726
65583.63899400001, 0.0964508056640625, -0.9372406005859375, -0.38079833984375, -0.1791686862707138, -0.3589610755443573, -0.11175582557916641
65583.649061, 0.0943603515625, -0.9287872314453125, -0.3923187255859375, -0.17635798454284668, -0.38627341389656067, -0.11701636761426926
65583.659128, 0.089630126953125, -0.920989990234375, -0.402435302734375, -0.16822975873947144, -0.4173189401626587, -0.12059193104505539
65583.669196, 0.087249755859375, -0.9154205322265625, -0.4122314453125, -0.15172508358955383, -0.4407323896884918, -0.11985716223716736
65583.679263, 0.0849456787109375, -0.910491943359375, -0.4171295166015625, -0.12650920450687408, -0.46682870388031006, -0.1150142028927803
65583.68933000001, 0.0797119140625, -0.90899658203125, -0.41558837890625, -0.09361277520656586, -0.4826563894748688, -0.11384081095457077
65583.699397, 0.0685272216796875, -0.904876708984375, -0.408416748046875, -0.06173100695014, -0.48526549339294434, -0.1176597848534584
65583.709464, 0.0552215576171875, -0.9048309326171875, -0.39898681640625, -0.037214744836091995, -0.47783926129341125, -0.13036386668682098
65583.71953100001, 0.0487213134765625, -0.9050140380859375, -0.3828277587890625, -0.02081926167011261, -0.4393952190876007, -0.14182931184768677
65583.729598, 0.0444183349609375, -0.907379150390625, -0.3727569580078125, -0.013393569737672806, -0.3854270577430725, -0.16052336990833282
65583.739665, 0.0403289794921875, -0.9095001220703125, -0.3700714111328125, -0.010625746101140976, -0.33487385511398315, -0.17757238447666168
65583.74973200001, 0.044342041015625, -0.9141387939453125, -0.3717498779296875, -0.007492803502827883, -0.2967640161514282, -0.19509120285511017
65583.759799, 0.0486907958984375, -0.9226226806640625, -0.3729095458984375, -0.0028503811918199062, -0.2759847044944763, -0.2010398954153061
65583.76986700001, 0.0483856201171875, -0.9264984130859375, -0.372528076171875, 0.0041675809770822525, -0.2747063934803009, -0.20635023713111877
65583.779934, 0.0447845458984375, -0.927337646484375, -0.3735809326171875, 0.016348613426089287, -0.2805842459201813, -0.21208588778972626
65583.790001, 0.0407257080078125, -0.924072265625, -0.3710174560546875, 0.02358601987361908, -0.2806657552719116, -0.2146577090024948
65583.800068, 0.035552978515625, -0.9194488525390625, -0.36572265625, 0.03248656913638115, -0.2754741907119751, -0.2092517614364624
65583.810135, 0.0325469970703125, -0.9176025390625, -0.3577423095703125, 0.031621843576431274, -0.2700599730014801, -0.204875648021698
65583.820202, 0.0317230224609375, -0.9157867431640625, -0.3546142578125, 0.026761572808027267, -0.24788063764572144, -0.19422221183776855
65583.830269, 0.0412445068359375, -0.9165496826171875, -0.35699462890625, 0.01721493899822235, -0.22187380492687225, -0.17862540483474731
65583.84033600001, 0.051849365234375, -0.917449951171875, -0.3597869873046875, 0.0022037657909095287, -0.19599507749080658, -0.16681721806526184
65583.850403, 0.05609130859375, -0.91717529296875, -0.3617706298828125, -0.0062757390551269054, -0.17053072154521942, -0.15686364471912384
65583.86047, 0.056427001953125, -0.9215087890625, -0.3614501953125, -0.016939036548137665, -0.1500624716281891, -0.14124660193920135
65583.870538, 0.0523681640625, -0.92437744140625, -0.36279296875, -0.02009461633861065, -0.13649339973926544, -0.12439412623643875
65583.880605, 0.0519866943359375, -0.925323486328125, -0.3643951416015625, -0.028436169028282166, -0.12647511065006256, -0.11030866205692291
65583.89067200001, 0.0487823486328125, -0.9304656982421875, -0.3626251220703125, -0.033795781433582306, -0.11616841703653336, -0.09370145946741104
65583.900739, 0.0501556396484375, -0.9309539794921875, -0.36285400390625, -0.031373634934425354, -0.11070893704891205, -0.07808867841959
65583.910806, 0.052764892578125, -0.9282684326171875, -0.3620452880859375, -0.023396402597427368, -0.11350632458925247, -0.06445568799972534
65583.92087300001, 0.0504913330078125, -0.9282379150390625, -0.36517333984375, -0.019536949694156647, -0.11520222574472427, -0.06440535187721252
65583.93094, 0.0467529296875, -0.92999267578125, -0.36431884765625, -0.015860188752412796, -0.1179620549082756, -0.06585970520973206
65583.941007, 0.0460205078125, -0.928314208984375, -0.3636627197265625, -0.0063066319562494755, -0.12678484618663788, -0.07422842085361481
65583.951074, 0.0458221435546875, -0.9274444580078125, -0.3661956787109375, 0.007864315062761307, -0.1360238790512085, -0.07997871935367584
65583.961141, 0.044952392578125, -0.921905517578125, -0.3681793212890625, 0.022346051409840584, -0.14502084255218506, -0.08459078520536423
65583.97120900001, 0.0398101806640625, -0.91595458984375, -0.36932373046875, 0.04312563315033913, -0.16035611927509308, -0.08346080780029297
65583.981276, 0.0303955078125, -0.91302490234375, -0.3713836669921875, 0.06412838399410248, -0.1803780347108841, -0.08777565509080887
65583.991343, 0.0281829833984375, -0.9078521728515625, -0.367340087890625, 0.07342281937599182, -0.20299412310123444, -0.08960019052028656
65584.00141, 0.0329742431640625, -0.9105224609375, -0.3604736328125, 0.08607443422079086, -0.22182799875736237, -0.08939619362354279
65584.01147700001, 0.04278564453125, -0.919586181640625, -0.3543701171875, 0.0850810706615448, -0.2268669754266739, -0.0803891122341156
65584.021544, 0.0446319580078125, -0.9229583740234375, -0.35040283203125, 0.07631421089172363, -0.2296193391084671, -0.07011277228593826
65584.031611, 0.0389251708984375, -0.9175872802734375, -0.35107421875, 0.06393157690763474, -0.2287980318069458, -0.05914294719696045
65584.04167800001, 0.034698486328125, -0.91058349609375, -0.3542938232421875, 0.05790138244628906, -0.22618067264556885, -0.04812039062380791
65584.051746, 0.033233642578125, -0.908660888671875, -0.3578948974609375, 0.051533233374357224, -0.20961421728134155, -0.03212065249681473
65584.06181300001, 0.0380096435546875, -0.905853271484375, -0.3621826171875, 0.05186080187559128, -0.1912360042333603, -0.01050110999494791
65584.07188, 0.041229248046875, -0.9025421142578125, -0.367340087890625, 0.06103033199906349, -0.17693722248077393, 0.014946458861231804
65584.081947, 0.041229248046875, -0.90277099609375, -0.37408447265625, 0.0643603503704071, -0.16934694349765778, 0.04253414273262024
65584.09201400001, 0.039154052734375, -0.9103240966796875, -0.3802032470703125, 0.07019293308258057, -0.17029130458831787, 0.06862300634384155
65584.102081, 0.0391845703125, -0.9263153076171875, -0.3776092529296875, 0.0773475170135498, -0.17543014883995056, 0.09867943823337555
65584.112148, 0.03839111328125, -0.941162109375, -0.3739776611328125, 0.08483179658651352, -0.17412066459655762, 0.12623995542526245
65584.12221500001, 0.0341949462890625, -0.950103759765625, -0.3690338134765625, 0.0908215120434761, -0.17853565514087677, 0.14797721803188324
65584.132282, 0.0265960693359375, -0.954498291015625, -0.358795166015625, 0.08492793887853622, -0.17423172295093536, 0.16178171336650848
65584.14235000001, 0.0170745849609375, -0.955108642578125, -0.3485260009765625, 0.07289524376392365, -0.1583275943994522, 0.16229888796806335
65584.152417, 0.0086822509765625, -0.9564056396484375, -0.340850830078125, 0.059359729290008545, -0.12849432229995728, 0.1593872606754303
65584.162484, 0.0099334716796875, -0.953216552734375, -0.3421783447265625, 0.04325719177722931, -0.09669964760541916, 0.15101560950279236
65584.17255100001, 0.0183258056640625, -0.9434051513671875, -0.35003662109375, 0.02858530543744564, -0.06475422531366348, 0.14682726562023163
65584.182618, 0.0239410400390625, -0.942047119140625, -0.367401123046875, 0.022907447069883347, -0.05122190713882446, 0.14239735901355743
65584.192685, 0.0347900390625, -0.9432373046875, -0.379791259765625, 0.02996056154370308, -0.05692426860332489, 0.14046816527843475
65584.202752, 0.0474700927734375, -0.9454345703125, -0.3886260986328125, 0.05154814571142197, -0.07678452879190445, 0.1465870440006256
65584.212818375, 0.05462646484375, -0.9484710693359375, -0.3951568603515625, 0.08593355119228363, -0.11295504868030548, 0.1560303419828415
65584.222886375, 0.049652099609375, -0.9532012939453125, -0.397491455078125, 0.1197892501950264, -0.16068048775196075, 0.1655849665403366
65584.232953375, 0.036773681640625, -0.95233154296875, -0.3964691162109375, 0.14916791021823883, -0.2300124317407608, 0.17031314969062805
65584.243020375, 0.0114593505859375, -0.9490966796875, -0.3865203857421875, 0.1587153524160385, -0.30882176756858826, 0.15380766987800598
65584.25308737501, -0.0206756591796875, -0.9585723876953125, -0.3629608154296875, 0.1330786943435669, -0.37281912565231323, 0.12450624257326126
65584.263154375, -0.03778076171875, -0.972747802734375, -0.33447265625, 0.06465888768434525, -0.385358601808548, 0.0853029116988182
65584.273221375, -0.036651611328125, -0.9838104248046875, -0.3173065185546875, -0.030830349773168564, -0.3526020050048828, 0.051539622247219086
65584.28328837501, -0.0295257568359375, -0.979400634765625, -0.318756103515625, -0.15301324427127838, -0.30282750725746155, 0.021749770268797874
65584.293355375, -0.0257415771484375, -0.962982177734375, -0.333740234375, -0.2833227813243866, -0.24303661286830902, -0.012819391675293446
65584.30342337501, -0.0160675048828125, -0.946563720703125, -0.36395263671875, -0.4034135043621063, -0.18276022374629974, -0.04556135833263397
65584.313490375, -0.0019378662109375, -0.9290313720703125, -0.3994293212890625, -0.48723116517066956, -0.14225861430168152, -0.07048508524894714
65584.323557375, 0.020416259765625, -0.913177490234375, -0.441253662109375, -0.5211140513420105, -0.10442760586738586, -0.08251191675662994
65584.33362437501, 0.0465545654296875, -0.897552490234375, -0.4762115478515625, -0.504422128200531, -0.06682563573122025, -0.07696056365966797
65584.343691375, 0.0560760498046875, -0.8839874267578125, -0.4987945556640625, -0.45469239354133606, -0.03810610622167587, -0.073252372443676
65584.353758375, 0.0623321533203125, -0.866424560546875, -0.5185089111328125, -0.3877714276313782, -0.014421283267438412, -0.07265502959489822
65584.36382537501, 0.0673828125, -0.84930419921875, -0.5321044921875, -0.320834219455719, 0.0032474587205797434, -0.07356556504964828
65584.373893375, 0.0623016357421875, -0.8383941650390625, -0.538330078125, -0.2452116161584854, 0.006468551699072123, -0.08269941061735153
65584.38396037501, 0.056854248046875, -0.833526611328125, -0.5362396240234375, -0.17893752455711365, 0.00040746363811194897, -0.09596674144268036
65584.394027375, 0.0538787841796875, -0.836090087890625, -0.5230560302734375, -0.11812743544578552, -0.004535629414021969, -0.10284542292356491
65584.404094375, 0.043487548828125, -0.8420867919921875, -0.511688232421875, -0.07667001336812973, -0.013948839157819748, -0.1158222034573555
65584.41416137501, 0.03070068359375, -0.8494873046875, -0.5012054443359375, -0.04729214683175087, -0.015793876722455025, -0.1341700553894043
65584.424228375, 0.021148681640625, -0.85546875, -0.4936676025390625, -0.01666792668402195, -0.013022058643400669, -0.15506495535373688
65584.434295375, 0.011138916015625, -0.8607635498046875, -0.4861602783203125, 0.007059773895889521, -0.007034739945083857, -0.1687821000814438
65584.444363375, 0.0056915283203125, -0.863861083984375, -0.4817657470703125, 0.02003256417810917, 0.0008655273704789579, -0.1772935539484024
65584.454430375, 0.003082275390625, -0.868377685546875, -0.4794158935546875, 0.018735338002443314, 0.00902465358376503, -0.17798838019371033
65584.46449737501, -0.001556396484375, -0.8754730224609375, -0.48114013671875, 0.01164520438760519, 0.009247826412320137, -0.16965454816818237
65584.474564375, -0.0056610107421875, -0.8839263916015625, -0.4830474853515625, -0.0001579254458192736, 0.00042024682625196874, -0.1565464735031128
65584.484631375, -0.006103515625, -0.8909759521484375, -0.48382568359375, -0.014550180174410343, -0.010068613104522228, -0.13573838770389557
65584.494698375, -0.004364013671875, -0.894683837890625, -0.4831085205078125, -0.042386073619127274, -0.017371000722050667, -0.12605167925357819
65584.50476537501, -0.0009765625, -0.89599609375, -0.4824676513671875, -0.08605791628360748, -0.006036320701241493, -0.12541250884532928
65584.514832375, 0.01385498046875, -0.8950347900390625, -0.4849853515625, -0.13536953926086426, 0.011598066426813602, -0.12858887016773224
65584.524900375, 0.0371856689453125, -0.8914794921875, -0.48968505859375, -0.18088136613368988, 0.02754960209131241, -0.12462155520915985
65584.534967375, 0.05780029296875, -0.8907928466796875, -0.497467041015625, -0.22463363409042358, 0.03651806339621544, -0.11975888907909393
65584.545034375, 0.06793212890625, -0.8885650634765625, -0.5050811767578125, -0.25310495495796204, 0.03726028650999069, -0.11456999182701111
65584.55510137501, 0.072052001953125, -0.883758544921875, -0.5110015869140625, -0.2706906199455261, 0.0382017157971859, -0.10262464731931686
65584.565168375, 0.0716705322265625, -0.874847412109375, -0.5135345458984375, -0.27660122513771057, 0.05242086201906204, -0.09720324724912643
65584.575235375, 0.0693359375, -0.8628997802734375, -0.5160064697265625, -0.2709087133407593, 0.06896708160638809, -0.09033229202032089
65584.585303375, 0.064361572265625, -0.8514251708984375, -0.5183563232421875, -0.25603604316711426, 0.08574420213699341, -0.08644115179777145
65584.595370375, 0.0553436279296875, -0.8490142822265625, -0.517913818359375, -0.23705142736434937, 0.09330730885267258, -0.0863862857222557
65584.60543737501, 0.0548553466796875, -0.8492279052734375, -0.5124359130859375, -0.22551195323467255, 0.10167842358350754, -0.09164496511220932
65584.615504375, 0.056610107421875, -0.8555755615234375, -0.507171630859375, -0.22114036977291107, 0.10216498374938965, -0.09882058948278427
65584.625571375, 0.054351806640625, -0.8596649169921875, -0.502227783203125, -0.2142222821712494, 0.09156081080436707, -0.10803991556167603
65584.63563837501, 0.051025390625, -0.8601531982421875, -0.498382568359375, -0.2109207659959793, 0.07700157165527344, -0.11727682501077652
65584.645705375, 0.051605224609375, -0.8583984375, -0.496551513671875, -0.20672175288200378, 0.04945969581604004, -0.11898737400770187
65584.65577337501, 0.044769287109375, -0.857177734375, -0.5001678466796875, -0.20565569400787354, 0.034322820603847504, -0.122135229408741
65584.665840375, 0.033843994140625, -0.8553009033203125, -0.5008087158203125, -0.20122605562210083, 0.01612730510532856, -0.12538056075572968
65584.675907375, 0.0240020751953125, -0.849639892578125, -0.5042572021484375, -0.18957765400409698, 0.013192767277359962, -0.13468191027641296
65584.68597437501, 0.016632080078125, -0.8422698974609375, -0.5107269287109375, -0.17123912274837494, 0.01762559823691845, -0.1471702754497528
65584.696041375, 0.0164794921875, -0.8367767333984375, -0.5150909423828125, -0.13992008566856384, 0.027110978960990906, -0.15790069103240967
65584.706108375, 0.0270233154296875, -0.831268310546875, -0.5184326171875, -0.09915933758020401, 0.053229399025440216, -0.16071191430091858
65584.716176375, 0.0340118408203125, -0.8292083740234375, -0.522247314453125, -0.05567950755357742, 0.0789741799235344, -0.14761528372764587
65584.726243375, 0.037689208984375, -0.8280029296875, -0.52215576171875, -0.017768876627087593, 0.10960345715284348, -0.13436099886894226
65584.73631037501, 0.03741455078125, -0.830474853515625, -0.5179901123046875, 0.012856942601501942, 0.14166764914989471, -0.1116383820772171
65584.746377375, 0.0355224609375, -0.8351287841796875, -0.5140380859375, 0.03220533952116966, 0.1785135567188263, -0.0924052968621254
65584.756444375, 0.0341796875, -0.839752197265625, -0.511383056640625, 0.04441726580262184, 0.2170920968055725, -0.07174050062894821
65584.766511375, 0.0345001220703125, -0.8443145751953125, -0.5079193115234375, 0.05247945338487625, 0.24839116632938385, -0.05228371173143387
65584.77657837501, 0.035369873046875, -0.8504791259765625, -0.5005645751953125, 0.05796423181891441, 0.2680506110191345, -0.03169667720794678
65584.78664637501, 0.0370330810546875, -0.8604583740234375, -0.4910888671875, 0.058399926871061325, 0.2808854579925537, -0.012087022885680199
65584.796713375, 0.03912353515625, -0.8662261962890625, -0.483184814453125, 0.05282086879014969, 0.28292569518089294, 0.0114001939073205
65584.806780375, 0.0398101806640625, -0.8667449951171875, -0.4727325439453125, 0.04073065146803856, 0.2753141224384308, 0.03188629448413849
65584.816847375, 0.0399017333984375, -0.8668670654296875, -0.4658966064453125, 0.02334500290453434, 0.26316478848457336, 0.052435778081417084
65584.82691437501, 0.0420074462890625, -0.87017822265625, -0.4585723876953125, 0.0021899172570556402, 0.2534434497356415, 0.07409366965293884
65584.836981375, 0.04095458984375, -0.870849609375, -0.45599365234375, -0.02129623293876648, 0.24974484741687775, 0.09147851914167404
65584.847049375, 0.041107177734375, -0.8682708740234375, -0.4597625732421875, -0.042220957577228546, 0.25866323709487915, 0.10607477277517319
65584.857116375, 0.048095703125, -0.8619232177734375, -0.467498779296875, -0.04534777253866196, 0.2683717906475067, 0.12450490891933441
65584.867183375, 0.047271728515625, -0.8579559326171875, -0.474029541015625, -0.048298291862010956, 0.2880221903324127, 0.14230094850063324
65584.87725037501, 0.0484466552734375, -0.8523712158203125, -0.48370361328125, -0.03249615803360939, 0.3073839247226715, 0.1580072045326233
65584.887317375, 0.053375244140625, -0.850067138671875, -0.489898681640625, -0.0030069751664996147, 0.31650710105895996, 0.17811088263988495
65584.897384375, 0.058258056640625, -0.8517303466796875, -0.4898681640625, 0.023567376658320427, 0.31823521852493286, 0.20437631011009216
65584.907452375, 0.0605316162109375, -0.857574462890625, -0.4870452880859375, 0.04656563699245453, 0.3258076608181, 0.23205693066120148
65584.917519375, 0.0579986572265625, -0.8638153076171875, -0.485107421875, 0.059353869408369064, 0.33075928688049316, 0.2542557120323181
65584.92758637501, 0.054931640625, -0.8713226318359375, -0.4803619384765625, 0.0694563090801239, 0.33903026580810547, 0.2680218517780304
65584.937653375, 0.059814453125, -0.88250732421875, -0.47552490234375, 0.07591766864061356, 0.3569810390472412, 0.27973923087120056
65584.947720375, 0.06622314453125, -0.8900146484375, -0.473175048828125, 0.08097660541534424, 0.368508517742157, 0.2904808223247528
65584.95778737501, 0.06866455078125, -0.8932037353515625, -0.4727935791015625, 0.06827838718891144, 0.37444737553596497, 0.28865283727645874
65584.967855375, 0.07501220703125, -0.899810791015625, -0.477752685546875, 0.04960190877318382, 0.3841540515422821, 0.2895977199077606
65584.97792237501, 0.0811614990234375, -0.899658203125, -0.488128662109375, 0.028021514415740967, 0.3933241367340088, 0.29346010088920593
65584.987989375, 0.0793609619140625, -0.89837646484375, -0.5038909912109375, 0.027063841000199318, 0.3859889805316925, 0.30469730496406555
65584.998056375, 0.06414794921875, -0.9090576171875, -0.518310546875, 0.04819948598742485, 0.3688470125198364, 0.32283130288124084
65585.00812337501, 0.0479736328125, -0.9131317138671875, -0.5191650390625, 0.08153560757637024, 0.370743989944458, 0.34809911251068115
65585.018191375, 0.048614501953125, -0.8961181640625, -0.5131072998046875, 0.11090095341205597, 0.40653154253959656, 0.37343695759773254
65585.02825837501, 0.052337646484375, -0.8848876953125, -0.50494384765625, 0.10939573496580124, 0.45794013142585754, 0.3900279402732849
65585.038325375, 0.058197021484375, -0.894622802734375, -0.4935302734375, 0.0647267997264862, 0.515620231628418, 0.40655630826950073
65585.048392375, 0.0663299560546875, -0.916412353515625, -0.480865478515625, 0.0037476003635674715, 0.5492998957633972, 0.41800764203071594
65585.05845937501, 0.081878662109375, -0.9293975830078125, -0.4787750244140625, -0.0674714520573616, 0.5515742301940918, 0.4354627728462219
65585.068526375, 0.0989532470703125, -0.9347381591796875, -0.481689453125, -0.13785161077976227, 0.5218469500541687, 0.4521043598651886
65585.07859437501, 0.1043243408203125, -0.93157958984375, -0.48980712890625, -0.20280051231384277, 0.4865803122520447, 0.4627423584461212
65585.088661375, 0.0968780517578125, -0.919708251953125, -0.503448486328125, -0.2500074505805969, 0.45971566438674927, 0.458430677652359
65585.098728375, 0.081024169921875, -0.9033966064453125, -0.5220947265625, -0.26409661769866943, 0.42806506156921387, 0.44804516434669495
65585.10879537501, 0.06805419921875, -0.8922119140625, -0.539642333984375, -0.23715876042842865, 0.39854949712753296, 0.4380119740962982
65585.118862375, 0.0572357177734375, -0.8931427001953125, -0.5476531982421875, -0.1760285496711731, 0.3713541030883789, 0.42996975779533386
65585.12893037501, 0.045684814453125, -0.8997955322265625, -0.547698974609375, -0.09927252680063248, 0.36553695797920227, 0.4253006875514984
65585.138997375, 0.0352783203125, -0.9069976806640625, -0.5377655029296875, -0.026610571891069412, 0.383450984954834, 0.4181447923183441
65585.149064375, 0.0245819091796875, -0.9139556884765625, -0.5211944580078125, 0.02015187405049801, 0.4295748174190521, 0.40458691120147705
65585.15913137501, 0.018463134765625, -0.9199066162109375, -0.5051727294921875, 0.03456197306513786, 0.48362764716148376, 0.3721455931663513
65585.169198375, 0.02801513671875, -0.92132568359375, -0.485198974609375, 0.01785942353308201, 0.5454529523849487, 0.34220609068870544
65585.179265375, 0.0494537353515625, -0.9234771728515625, -0.4621734619140625, -0.03272172808647156, 0.6199634075164795, 0.30098965764045715
65585.189333375, 0.0682373046875, -0.9246368408203125, -0.44921875, -0.12445218116044998, 0.6735813617706299, 0.25646933913230896
65585.199400375, 0.0883941650390625, -0.924285888671875, -0.4533843994140625, -0.23325109481811523, 0.7011562585830688, 0.2164047360420227
65585.20946829166, 0.1146697998046875, -0.917266845703125, -0.4771881103515625, -0.32466062903404236, 0.6895435452461243, 0.18615709245204926
65585.21953529168, 0.1358642578125, -0.89813232421875, -0.5050811767578125, -0.37469372153282166, 0.6337745189666748, 0.17528340220451355
65585.22960229167, 0.1558074951171875, -0.8722686767578125, -0.5314788818359375, -0.37907302379608154, 0.555010199546814, 0.1741374433040619
65585.23967029167, 0.16546630859375, -0.850677490234375, -0.554229736328125, -0.3490690290927887, 0.481815367937088, 0.18400712311267853
65585.24973729167, 0.16357421875, -0.8309783935546875, -0.5666656494140625, -0.2859595715999603, 0.40415892004966736, 0.20832709968090057
65585.25980429167, 0.155426025390625, -0.8091583251953125, -0.567047119140625, -0.21250666677951813, 0.35048559308052063, 0.22695165872573853
65585.26987129168, 0.1416473388671875, -0.7919921875, -0.56683349609375, -0.13087865710258484, 0.31496328115463257, 0.24961408972740173
65585.27993829167, 0.130615234375, -0.780303955078125, -0.5621795654296875, -0.04404282569885254, 0.29751265048980713, 0.2690543830394745
65585.29000529167, 0.1130523681640625, -0.77587890625, -0.5443878173828125, 0.030785076320171356, 0.30095556378364563, 0.2894642949104309
65585.30007329167, 0.0885772705078125, -0.7816619873046875, -0.518341064453125, 0.08926329761743546, 0.31338003277778625, 0.2955280542373657
65585.31014029167, 0.0661468505859375, -0.7974090576171875, -0.489471435546875, 0.11955142766237259, 0.34569188952445984, 0.2920033633708954
65585.32020729168, 0.0461883544921875, -0.81964111328125, -0.4601898193359375, 0.12703704833984375, 0.3906036913394928, 0.2744062542915344
65585.33027429167, 0.03271484375, -0.840789794921875, -0.4354248046875, 0.11643952876329422, 0.43078547716140747, 0.25818735361099243
65585.34034129167, 0.02984619140625, -0.853729248046875, -0.41943359375, 0.08291912078857422, 0.46744203567504883, 0.23452168703079224
65585.35040929167, 0.0364227294921875, -0.865814208984375, -0.4080657958984375, 0.04067499190568924, 0.49388188123703003, 0.21185526251792908
65585.36047629167, 0.05023193359375, -0.8779296875, -0.405242919921875, -0.018727615475654602, 0.5108768343925476, 0.20310385525226593
65585.37054329168, 0.0645294189453125, -0.8839263916015625, -0.4110107421875, -0.07388913631439209, 0.503973126411438, 0.20471346378326416
65585.38061029167, 0.07696533203125, -0.885162353515625, -0.4229583740234375, -0.1245909333229065, 0.4847637712955475, 0.21580685675144196
65585.39067729167, 0.0843505859375, -0.88653564453125, -0.4358673095703125, -0.1573866903781891, 0.4517211318016052, 0.2343459278345108
65585.40074529167, 0.08245849609375, -0.883209228515625, -0.4493408203125, -0.17546556890010834, 0.41759005188941956, 0.24588219821453094
65585.41081229167, 0.0774078369140625, -0.8795318603515625, -0.4613189697265625, -0.1795111745595932, 0.3869810104370117, 0.25112250447273254
65585.42087929168, 0.0680389404296875, -0.874237060546875, -0.4705963134765625, -0.1767159104347229, 0.3580271303653717, 0.24759435653686523
65585.43094629167, 0.064056396484375, -0.8704833984375, -0.4773406982421875, -0.16237346827983856, 0.3263094127178192, 0.24301451444625854
65585.44101329167, 0.063690185546875, -0.871826171875, -0.47943115234375, -0.14751090109348297, 0.29762715101242065, 0.2359776496887207
65585.45108129167, 0.0615386962890625, -0.8728179931640625, -0.477813720703125, -0.1338997483253479, 0.280830055475235, 0.22491593658924103
65585.46114829167, 0.058074951171875, -0.8703155517578125, -0.4722900390625, -0.12035277485847473, 0.28099146485328674, 0.2087273746728897
65585.47121529168, 0.046630859375, -0.86798095703125, -0.470947265625, -0.10776694118976593, 0.2864687740802765, 0.18354026973247528
65585.48128229167, 0.0319061279296875, -0.8667144775390625, -0.4710540771484375, -0.0936516597867012, 0.2945927381515503, 0.14512017369270325
65585.49134929167, 0.0252532958984375, -0.8686676025390625, -0.4736785888671875, -0.07326702028512955, 0.29453790187835693, 0.10404810309410095
65585.50141729167, 0.02392578125, -0.8709869384765625, -0.4738006591796875, -0.056351155042648315, 0.2993108034133911, 0.06190384924411774
65585.51148429167, 0.0299072265625, -0.8690643310546875, -0.473846435546875, -0.03209322318434715, 0.3104713261127472, 0.025749571621418
65585.52155129168, 0.0420379638671875, -0.864898681640625, -0.475677490234375, -0.010268882848322392, 0.31428229808807373, 0.0004980111261829734
65585.53161829167, 0.0507354736328125, -0.85919189453125, -0.4777374267578125, 0.009634518064558506, 0.3169451951980591, -0.010936270467936993
65585.54168529167, 0.05743408203125, -0.853607177734375, -0.4780120849609375, 0.027689950540661812, 0.32224780321121216, -0.011169297620654106
65585.55175329167, 0.0610198974609375, -0.8492431640625, -0.4754486083984375, 0.04206409677863121, 0.3284814655780792, -0.000966727442573756
65585.56182029167, 0.0653228759765625, -0.8472442626953125, -0.4693756103515625, 0.06030169129371643, 0.33416441082954407, 0.01667511649429798
65585.57188729168, 0.073333740234375, -0.8527069091796875, -0.462677001953125, 0.0679689273238182, 0.3426345884799957, 0.04318741708993912
65585.58195429167, 0.0781097412109375, -0.8602752685546875, -0.45318603515625, 0.07578451186418533, 0.34882110357284546, 0.07246248424053192
65585.59202229168, 0.076751708984375, -0.8604278564453125, -0.445892333984375, 0.07854939997196198, 0.35601723194122314, 0.10139879584312439
65585.60208929167, 0.06597900390625, -0.8616485595703125, -0.44287109375, 0.0688810646533966, 0.3587155342102051, 0.12005050480365753
65585.61215629167, 0.0588836669921875, -0.86541748046875, -0.4394989013671875, 0.060443904250860214, 0.356547474861145, 0.13492745161056519
65585.62222329168, 0.0595703125, -0.867767333984375, -0.4361114501953125, 0.051840029656887054, 0.35528993606567383, 0.1485135704278946
65585.63229029167, 0.0554046630859375, -0.873443603515625, -0.433013916015625, 0.04788842797279358, 0.3454711139202118, 0.1616632044315338
65585.64235829168, 0.05743408203125, -0.8818206787109375, -0.4293060302734375, 0.04151095822453499, 0.3385689854621887, 0.16696928441524506
65585.65242529167, 0.0642547607421875, -0.8919830322265625, -0.4255828857421875, 0.03574148565530777, 0.33566829562187195, 0.17422586679458618
65585.66249229167, 0.0711517333984375, -0.8992767333984375, -0.4235687255859375, 0.033971283584833145, 0.32499805092811584, 0.1838926076889038
65585.67255929168, 0.078582763671875, -0.9005279541015625, -0.4225311279296875, 0.03235527500510216, 0.3255717158317566, 0.19377905130386353
65585.68262629167, 0.0781097412109375, -0.90093994140625, -0.4258575439453125, 0.03461629897356033, 0.31871938705444336, 0.19965824484825134
65585.69269429168, 0.0728607177734375, -0.895355224609375, -0.431396484375, 0.03990880027413368, 0.2995358407497406, 0.20639418065547943
65585.70276129167, 0.0689239501953125, -0.890228271484375, -0.438323974609375, 0.04918139427900314, 0.2664756178855896, 0.21343371272087097
65585.71282829167, 0.062225341796875, -0.884765625, -0.4436492919921875, 0.06554678827524185, 0.2278054654598236, 0.22570423781871796
65585.72289529168, 0.0496978759765625, -0.88177490234375, -0.4443511962890625, 0.07238924503326416, 0.18353547155857086, 0.23689669370651245
65585.73296329167, 0.03851318359375, -0.88482666015625, -0.44073486328125, 0.07184276729822159, 0.14791090786457062, 0.2409481704235077
65585.74303029168, 0.0338134765625, -0.8879547119140625, -0.4336395263671875, 0.06711512058973312, 0.12283404171466827, 0.24457858502864838
65585.75309729167, 0.031158447265625, -0.8963470458984375, -0.4266357421875, 0.0626378133893013, 0.1150062158703804, 0.24292609095573425
65585.76316429167, 0.033538818359375, -0.89923095703125, -0.4263153076171875, 0.05745077505707741, 0.12214721739292145, 0.23925945162773132
65585.77323129168, 0.034515380859375, -0.896820068359375, -0.43341064453125, 0.05041150748729706, 0.12083747237920761, 0.23853188753128052
65585.78329929167, 0.0315399169921875, -0.889190673828125, -0.442596435546875, 0.0449480339884758, 0.12442528456449509, 0.23922429978847504
65585.79336629168, 0.027740478515625, -0.8825531005859375, -0.449188232421875, 0.03883714601397514, 0.14098641276359558, 0.2376548945903778
65585.80343329167, 0.0273590087890625, -0.8779296875, -0.45440673828125, 0.032816268503665924, 0.15815980732440948, 0.24310585856437683
65585.81350029167, 0.0330810546875, -0.879425048828125, -0.4564971923828125, 0.025663550943136215, 0.17218135297298431, 0.25000423192977905
65585.82356829167, 0.04046630859375, -0.880767822265625, -0.460906982421875, 0.016086025163531303, 0.1895856410264969, 0.26412007212638855
65585.83363529167, 0.0407562255859375, -0.882659912109375, -0.4676361083984375, 0.0025859293527901173, 0.20594091713428497, 0.2782963514328003
65585.84370229168, 0.032562255859375, -0.88616943359375, -0.47406005859375, -0.0020501012913882732, 0.2080163210630417, 0.2935325503349304
65585.85376929167, 0.021026611328125, -0.8887481689453125, -0.4775543212890625, 0.00401737866923213, 0.20154403150081635, 0.30617883801460266
65585.86383629167, 0.0040435791015625, -0.89556884765625, -0.4776611328125, 0.013017265126109123, 0.19268742203712463, 0.30645552277565
65585.87390429167, -0.0196990966796875, -0.90728759765625, -0.4758148193359375, 0.008713063783943653, 0.181544229388237, 0.2918204069137573
65585.88397129167, -0.0349578857421875, -0.9189300537109375, -0.4713134765625, -0.01414484716951847, 0.1825847178697586, 0.26504606008529663
65585.89403829168, -0.0377655029296875, -0.9264373779296875, -0.46820068359375, -0.04747137799859047, 0.18894967436790466, 0.23789352178573608
65585.90410529167, -0.032379150390625, -0.93267822265625, -0.467071533203125, -0.0887216106057167, 0.2053757905960083, 0.2139783352613449
65585.91417329168, -0.0191650390625, -0.929962158203125, -0.4714508056640625, -0.1542135328054428, 0.23684662580490112, 0.19204667210578918
65585.92424029167, -0.0021514892578125, -0.9246978759765625, -0.482452392578125, -0.228282168507576, 0.260798841714859, 0.16984549164772034
65585.93430729167, 0.024017333984375, -0.9185791015625, -0.496551513671875, -0.29270216822624207, 0.27423393726348877, 0.16668112576007843
65585.94437429168, 0.0538177490234375, -0.912445068359375, -0.517913818359375, -0.33504801988601685, 0.2808670997619629, 0.18000119924545288
65585.95444229167, 0.073944091796875, -0.9009246826171875, -0.5413818359375, -0.3513447046279907, 0.27213937044143677, 0.2046538144350052
65585.96450929168, 0.0786285400390625, -0.8881683349609375, -0.5578765869140625, -0.34658777713775635, 0.24924391508102417, 0.23343272507190704
65585.97457629167, 0.0769805908203125, -0.879302978515625, -0.5666046142578125, -0.32936352491378784, 0.23454032838344574, 0.252471923828125
65585.98464329167, 0.068450927734375, -0.87091064453125, -0.5649261474609375, -0.303093284368515, 0.23552943766117096, 0.26005473732948303
65585.99471129167, 0.0595550537109375, -0.8673095703125, -0.5564727783203125, -0.2817517817020416, 0.24078571796417236, 0.2500031888484955
65586.00477829167, 0.0584564208984375, -0.8648834228515625, -0.5471649169921875, -0.27747103571891785, 0.25379154086112976, 0.23268331587314606
65586.01484529168, 0.0636444091796875, -0.86114501953125, -0.5423736572265625, -0.2887742817401886, 0.26295679807662964, 0.20678353309631348
65586.02491229167, 0.0681610107421875, -0.85577392578125, -0.544036865234375, -0.29903116822242737, 0.26286038756370544, 0.1838875412940979
65586.03497929167, 0.0720672607421875, -0.849334716796875, -0.5520172119140625, -0.2984543442726135, 0.24765560030937195, 0.16440652310848236
65586.04504729167, 0.077056884765625, -0.8437347412109375, -0.56463623046875, -0.2772558331489563, 0.21678024530410767, 0.14939828217029572
65586.05511429167, 0.0776214599609375, -0.8372039794921875, -0.575897216796875, -0.243521049618721, 0.18018442392349243, 0.1418098658323288
65586.06518129168, 0.064727783203125, -0.82928466796875, -0.5879364013671875, -0.19686006009578705, 0.14965713024139404, 0.13474316895008087
65586.07524829167, 0.04766845703125, -0.8184814453125, -0.5999603271484375, -0.1415206491947174, 0.11716124415397644, 0.1236867904663086
65586.08531629168, 0.030517578125, -0.8129425048828125, -0.606903076171875, -0.08160591125488281, 0.08377665281295776, 0.11203199625015259
65586.09538329167, 0.0207977294921875, -0.813201904296875, -0.6080169677734375, -0.028872394934296608, 0.06118053197860718, 0.10514186322689056
65586.10545029167, 0.01666259765625, -0.8183746337890625, -0.6055755615234375, 0.019747605547308922, 0.044434309005737305, 0.10446355491876602
65586.11551729168, 0.0065460205078125, -0.8295135498046875, -0.597259521484375, 0.05590667575597763, 0.03479313477873802, 0.10626731812953949
65586.12558529167, -0.00616455078125, -0.8382415771484375, -0.582977294921875, 0.06988267600536346, 0.03346474841237068, 0.10658743232488632
65586.13565229168, -0.0151519775390625, -0.83978271484375, -0.5688629150390625, 0.059660132974386215, 0.05224429443478584, 0.09707941114902496
65586.14571929167, -0.016326904296875, -0.8377838134765625, -0.55718994140625, 0.029922213405370712, 0.08764516562223434, 0.0794689953327179
65586.15578629167, -0.00604248046875, -0.8343963623046875, -0.549224853515625, -0.022296249866485596, 0.14615987241268158, 0.05965321138501167
65586.16585429167, 0.003448486328125, -0.8287811279296875, -0.54364013671875, -0.08823638409376144, 0.21415410935878754, 0.044930990785360336
65586.17592129167, 0.0201416015625, -0.8240509033203125, -0.5465240478515625, -0.152889683842659, 0.28734150528907776, 0.03440085053443909
65586.18598829168, 0.0405426025390625, -0.8202972412109375, -0.55877685546875, -0.20723174512386322, 0.3521236777305603, 0.0367492251098156
65586.19605529167, 0.0503692626953125, -0.8136444091796875, -0.5785064697265625, -0.23321408033370972, 0.3918609917163849, 0.04068830609321594
65586.206122, 0.0587615966796875, -0.8058013916015625, -0.5960693359375, -0.2240634560585022, 0.4120946228504181, 0.05119927227497101
65586.216189, 0.065338134765625, -0.8014068603515625, -0.6091766357421875, -0.1883118599653244, 0.41119179129600525, 0.06315047293901443
65586.22625600001, 0.0656890869140625, -0.7993316650390625, -0.610931396484375, -0.1398758739233017, 0.40485215187072754, 0.06266497820615768
65586.236323, 0.06304931640625, -0.7978973388671875, -0.607391357421875, -0.08621478080749512, 0.39818572998046875, 0.060610082000494
65586.24639100001, 0.058563232421875, -0.79656982421875, -0.5958709716796875, -0.040647562593221664, 0.3847767114639282, 0.04926927760243416
65586.256458, 0.0576934814453125, -0.801666259765625, -0.581146240234375, -0.014098241925239563, 0.37290993332862854, 0.04178180173039436
65586.266525, 0.05914306640625, -0.8061065673828125, -0.56671142578125, -0.004161987919360399, 0.37163108587265015, 0.04242175817489624
65586.27659200001, 0.057281494140625, -0.8035125732421875, -0.5506134033203125, -0.010717892087996006, 0.37099137902259827, 0.04699866846203804
65586.28666, 0.0545196533203125, -0.798675537109375, -0.5429840087890625, -0.028496090322732925, 0.36706215143203735, 0.05011509731411934
65586.29672700001, 0.0549774169921875, -0.79876708984375, -0.538726806640625, -0.058040134608745575, 0.3699604868888855, 0.05253058671951294
65586.306794, 0.054351806640625, -0.7996978759765625, -0.54022216796875, -0.08816341310739517, 0.37355202436447144, 0.058881692588329315
65586.316861, 0.054534912109375, -0.7987823486328125, -0.547821044921875, -0.11502166092395782, 0.3752351403236389, 0.06856148689985275
65586.326929, 0.051055908203125, -0.7933349609375, -0.5593414306640625, -0.12791934609413147, 0.36840811371803284, 0.08211244642734528
65586.336996, 0.042205810546875, -0.78948974609375, -0.572479248046875, -0.12673397362232208, 0.35243502259254456, 0.09341410547494888
65586.34706300001, 0.0403594970703125, -0.7855682373046875, -0.5844879150390625, -0.10511576384305954, 0.3464770019054413, 0.10429631173610687
65586.35713, 0.048828125, -0.781280517578125, -0.5955963134765625, -0.06433344632387161, 0.33650290966033936, 0.12060151249170303
65586.367198, 0.0452728271484375, -0.781036376953125, -0.6023406982421875, -0.010030795820057392, 0.32508328557014465, 0.1394345909357071
65586.377265, 0.0424652099609375, -0.77740478515625, -0.6062774658203125, 0.0471227690577507, 0.3198893070220947, 0.1603260189294815
65586.387332, 0.0373992919921875, -0.7714691162109375, -0.6096649169921875, 0.09438056498765945, 0.3264620006084442, 0.18008480966091156
65586.39739900001, 0.0308990478515625, -0.77545166015625, -0.605682373046875, 0.14071397483348846, 0.3322961926460266, 0.19808325171470642
65586.407467, 0.0316314697265625, -0.78228759765625, -0.5928192138671875, 0.1742658019065857, 0.34759843349456787, 0.21802100539207458
65586.41753400001, 0.0352020263671875, -0.7912750244140625, -0.5777435302734375, 0.19234707951545715, 0.3608713746070862, 0.24321532249450684
65586.427601, 0.0411376953125, -0.8027191162109375, -0.5651092529296875, 0.18816138803958893, 0.37461915612220764, 0.2686202824115753
65586.437669, 0.040008544921875, -0.812591552734375, -0.5547027587890625, 0.17137068510055542, 0.3936745822429657, 0.2942292392253876
65586.447736, 0.0389404296875, -0.8217010498046875, -0.5485382080078125, 0.1426578164100647, 0.41171377897262573, 0.31254032254219055
65586.457803, 0.0432281494140625, -0.829925537109375, -0.5468597412109375, 0.11719906330108643, 0.42546820640563965, 0.3369242250919342
65586.46787000001, 0.0491790771484375, -0.835845947265625, -0.5495452880859375, 0.09392596036195755, 0.440566748380661, 0.36068281531333923
65586.47793800001, 0.050201416015625, -0.83941650390625, -0.556060791015625, 0.07693099975585938, 0.4447108805179596, 0.3845497965812683
65586.488005, 0.04443359375, -0.8520050048828125, -0.55889892578125, 0.08284641057252884, 0.43268564343452454, 0.41417187452316284
65586.498072, 0.036529541015625, -0.86328125, -0.555694580078125, 0.0987289771437645, 0.43567904829978943, 0.45197492837905884
65586.508139, 0.038421630859375, -0.861846923828125, -0.5511322021484375, 0.11382776498794556, 0.43989190459251404, 0.4821711778640747
65586.518207, 0.0469207763671875, -0.855316162109375, -0.542449951171875, 0.08787179738283157, 0.45643624663352966, 0.4940057396888733
65586.52827400001, 0.0483245849609375, -0.8565216064453125, -0.5360565185546875, 0.025542644783854485, 0.4705973267555237, 0.4921332597732544
65586.538341, 0.050994873046875, -0.864959716796875, -0.5311126708984375, -0.08057846873998642, 0.47166845202445984, 0.4815234839916229
65586.548408, 0.070159912109375, -0.870513916015625, -0.5371246337890625, -0.18657147884368896, 0.463326632976532, 0.4868205189704895
65586.558476, 0.0851593017578125, -0.8653106689453125, -0.55596923828125, -0.2730400562286377, 0.4340193569660187, 0.5038655400276184
65586.568543, 0.0885162353515625, -0.85186767578125, -0.58135986328125, -0.30266693234443665, 0.38838741183280945, 0.5216408371925354
65586.57861, 0.0841522216796875, -0.837615966796875, -0.5986480712890625, -0.26692304015159607, 0.347322553396225, 0.5438755750656128
65586.588678, 0.0652923583984375, -0.831634521484375, -0.60333251953125, -0.18870572745800018, 0.3236744701862335, 0.5626338124275208
65586.59874500001, 0.0420379638671875, -0.8324127197265625, -0.595703125, -0.10799544304609299, 0.3214246332645416, 0.55933678150177
65586.608812, 0.0254669189453125, -0.834014892578125, -0.5823211669921875, -0.04809189587831497, 0.3461291790008545, 0.5323541760444641
65586.618879, 0.0139617919921875, -0.8450164794921875, -0.571868896484375, -0.008724248968064785, 0.37966182827949524, 0.49287229776382446
65586.628947, 0.018280029296875, -0.8642120361328125, -0.551910400390625, 0.0024234766606241465, 0.41233670711517334, 0.4524146020412445
65586.639014, 0.0279541015625, -0.888763427734375, -0.544342041015625, -0.009347429499030113, 0.4412687420845032, 0.4084665775299072
65586.64908100001, 0.04608154296875, -0.89886474609375, -0.5389404296875, -0.023445138707756996, 0.4465886652469635, 0.3682384788990021
65586.659148, 0.06707763671875, -0.8996429443359375, -0.5363616943359375, -0.03952796757221222, 0.44418463110923767, 0.32983410358428955
65586.66921600001, 0.0874176025390625, -0.8971099853515625, -0.53717041015625, -0.049607764929533005, 0.4435737133026123, 0.29351842403411865
65586.679283, 0.1053314208984375, -0.891204833984375, -0.5416412353515625, -0.05301261693239212, 0.44775620102882385, 0.259980708360672
65586.68935, 0.1159515380859375, -0.884033203125, -0.547027587890625, -0.06037040054798126, 0.4401038885116577, 0.223555326461792
65586.699418, 0.1236419677734375, -0.8762969970703125, -0.5533294677734375, -0.07320576906204224, 0.4168965518474579, 0.19033825397491455
65586.709485, 0.13555908203125, -0.878082275390625, -0.560882568359375, -0.09009847044944763, 0.3811766505241394, 0.16800685226917267
65586.71955200001, 0.1484527587890625, -0.8807373046875, -0.566436767578125, -0.10748092085123062, 0.3346560299396515, 0.16441477835178375
65586.729619, 0.1473236083984375, -0.8733673095703125, -0.5715179443359375, -0.11650610715150833, 0.2763458490371704, 0.16951791942119598
65586.73968700001, 0.1380767822265625, -0.8626861572265625, -0.57940673828125, -0.10488167405128479, 0.22007910907268524, 0.17324689030647278
65586.749754, 0.127899169921875, -0.8481597900390625, -0.583343505859375, -0.07554002851247787, 0.17848558723926544, 0.17844457924365997
65586.759821, 0.1170654296875, -0.8347625732421875, -0.5851898193359375, -0.028564266860485077, 0.15528279542922974, 0.17012858390808105
65586.769889, 0.1087188720703125, -0.8281707763671875, -0.580291748046875, 0.03248177841305733, 0.14684270322322845, 0.1632230132818222
65586.779956, 0.102386474609375, -0.8255615234375, -0.56927490234375, 0.08591996878385544, 0.15173546969890594, 0.1571190506219864
65586.79002300001, 0.0923614501953125, -0.826812744140625, -0.5522918701171875, 0.12159407883882523, 0.16268505156040192, 0.14751781523227692
65586.80009, 0.0816802978515625, -0.83087158203125, -0.533050537109375, 0.14220161736011505, 0.16822496056556702, 0.1287665069103241
65586.81015800001, 0.0780487060546875, -0.83355712890625, -0.5117340087890625, 0.13745532929897308, 0.1831810027360916, 0.10857094824314117
65586.820225, 0.07891845703125, -0.8393402099609375, -0.49676513671875, 0.10956777632236481, 0.20259065926074982, 0.08514206111431122
65586.830292, 0.08111572265625, -0.8480682373046875, -0.4878082275390625, 0.07028454542160034, 0.2263636291027069, 0.05554421991109848
65586.84036, 0.0927886962890625, -0.8487701416015625, -0.48699951171875, 0.025664083659648895, 0.24255511164665222, 0.030225014314055443
65586.850427, 0.1096343994140625, -0.8460693359375, -0.4977264404296875, -0.005404352676123381, 0.2514956295490265, 0.017706824466586113
65586.86049400001, 0.1199493408203125, -0.8353118896484375, -0.51348876953125, -0.011608186177909374, 0.24069197475910187, 0.01564607210457325
65586.870561, 0.1272430419921875, -0.819000244140625, -0.52923583984375, 0.005857622716575861, 0.21401534974575043, 0.022584671154618263
65586.880629, 0.129730224609375, -0.8023681640625, -0.538299560546875, 0.039915457367897034, 0.1863379180431366, 0.032464466989040375
65586.890696, 0.125762939453125, -0.7957763671875, -0.535369873046875, 0.07721755653619766, 0.1643649786710739, 0.04459862783551216
65586.900763, 0.1175994873046875, -0.7968292236328125, -0.522003173828125, 0.10953794419765472, 0.14251907169818878, 0.05066424235701561
65586.910831, 0.1067962646484375, -0.7981414794921875, -0.5057525634765625, 0.12758378684520721, 0.13670165836811066, 0.05369625240564346
65586.92089800001, 0.0922088623046875, -0.8040771484375, -0.4933319091796875, 0.12410330772399902, 0.1427512913942337, 0.04752783849835396
65586.930965, 0.079803466796875, -0.8104248046875, -0.4825439453125, 0.11196675151586533, 0.14069746434688568, 0.02810620330274105
65586.941032, 0.079864501953125, -0.818939208984375, -0.47271728515625, 0.09263353049755096, 0.1398143619298935, 0.01263856329023838
65586.9511, 0.0852203369140625, -0.832305908203125, -0.4695281982421875, 0.05864919722080231, 0.1379552036523819, -0.0009970874525606632
65586.961167, 0.0881805419921875, -0.83990478515625, -0.4706268310546875, 0.027114175260066986, 0.12913481891155243, -0.013226322829723358
65586.971234, 0.088897705078125, -0.8438568115234375, -0.478179931640625, -0.004607002250850201, 0.10894725471735, -0.021950839087367058
65586.981302, 0.089141845703125, -0.8481597900390625, -0.490753173828125, -0.020732974633574486, 0.08855489641427994, -0.02641323208808899
65586.99136900001, 0.083099365234375, -0.8486175537109375, -0.5021209716796875, -0.027280889451503754, 0.06102926656603813, -0.03393932431936264
65587.001436, 0.0826873779296875, -0.8384552001953125, -0.511138916015625, -0.02550749108195305, 0.05583423748612404, -0.04423270747065544
65587.01150400001, 0.0870208740234375, -0.8245086669921875, -0.5220794677734375, -0.03537103906273842, 0.059963200241327286, -0.057978615164756775
65587.021571, 0.097259521484375, -0.814727783203125, -0.54144287109375, -0.045105691999197006, 0.06839130818843842, -0.06981983035802841
65587.031638, 0.1142425537109375, -0.8112335205078125, -0.561065673828125, -0.049014680087566376, 0.0663507953286171, -0.07207339257001877
65587.04170500001, 0.13116455078125, -0.80670166015625, -0.5791778564453125, -0.030043652281165123, 0.047699347138404846, -0.05537404119968414
65587.051773, 0.1405181884765625, -0.7978668212890625, -0.5873260498046875, 0.018485799431800842, 0.015507054515182972, -0.027059048414230347
65587.06184000001, 0.1396331787109375, -0.7965545654296875, -0.5829010009765625, 0.08015742152929306, -0.012739497236907482, -0.0006354302167892456
65587.071907, 0.1315155029296875, -0.8023681640625, -0.563629150390625, 0.130307137966156, -0.030075078830122948, 0.016632506623864174
65587.08197500001, 0.11492919921875, -0.812042236328125, -0.53497314453125, 0.15353097021579742, -0.028422852978110313, 0.020447218790650368
65587.092042, 0.0956878662109375, -0.822967529296875, -0.508544921875, 0.13896028697490692, -0.014341655187308788, 0.011534417048096657
65587.102109, 0.08807373046875, -0.83355712890625, -0.493133544921875, 0.10024484246969223, 0.009571400471031666, -0.00321949552744627
65587.112177, 0.088134765625, -0.8384552001953125, -0.48236083984375, 0.0411066897213459, 0.017970211803913116, -0.010911503806710243
65587.122244, 0.0866546630859375, -0.840576171875, -0.4812774658203125, -0.030063891783356667, 0.018030133098363876, -0.017856761813163757
65587.13231100001, 0.0830078125, -0.8388519287109375, -0.492431640625, -0.10584653913974762, 0.012419651262462139, -0.02490535005927086
65587.142378, 0.086181640625, -0.830596923828125, -0.5084228515625, -0.1673583686351776, 0.0038546593859791756, -0.0312239658087492
65587.15244600001, 0.0926361083984375, -0.8192901611328125, -0.5312042236328125, -0.20242448151111603, -0.009836385026574135, -0.027596207335591316
65587.162513, 0.09100341796875, -0.80853271484375, -0.555267333984375, -0.215447336435318, -0.040949828922748566, -0.028722191229462624
65587.17258, 0.0873260498046875, -0.7992706298828125, -0.5721588134765625, -0.20478403568267822, -0.0791664570569992, -0.02948199212551117
65587.182648, 0.0817413330078125, -0.795074462890625, -0.5779571533203125, -0.1873781532049179, -0.11755219846963882, -0.037756700068712234
65587.192715, 0.0762176513671875, -0.793548583984375, -0.580535888671875, -0.16126611828804016, -0.141306534409523, -0.05094707012176514
65587.20278200001, 0.0642547607421875, -0.7932281494140625, -0.580474853515625, -0.1499016135931015, -0.1495002806186676, -0.07487104833126068
65587.21285029167, 0.0451507568359375, -0.7934417724609375, -0.57476806640625, -0.1511213481426239, -0.14482882618904114, -0.10911343991756439
65587.22291729167, 0.0331573486328125, -0.7903900146484375, -0.5697021484375, -0.1528683751821518, -0.1266666054725647, -0.15080203115940094
65587.23298429167, 0.0325927734375, -0.7857208251953125, -0.570068359375, -0.15503539144992828, -0.10210133343935013, -0.19492608308792114
65587.24305229167, 0.0357513427734375, -0.7801971435546875, -0.581634521484375, -0.15822745859622955, -0.08465337008237839, -0.23627378046512604
65587.25311929166, 0.0371856689453125, -0.773529052734375, -0.5949249267578125, -0.161353200674057, -0.08700254559516907, -0.2684844434261322
65587.26318629168, 0.0412750244140625, -0.7672119140625, -0.608184814453125, -0.15511980652809143, -0.10176151245832443, -0.28900864720344543
65587.27325429166, 0.0490875244140625, -0.7651519775390625, -0.619720458984375, -0.1431473046541214, -0.1327764242887497, -0.300630658864975
65587.28332129167, 0.0561676025390625, -0.763031005859375, -0.6247406005859375, -0.1248074471950531, -0.16876451671123505, -0.298307865858078
65587.29338829167, 0.058624267578125, -0.7652130126953125, -0.6160736083984375, -0.09473077207803726, -0.21346727013587952, -0.2872176468372345
65587.30345529167, 0.0557708740234375, -0.772430419921875, -0.6009521484375, -0.08444058150053024, -0.2431415468454361, -0.2740837633609772
65587.31352329167, 0.037872314453125, -0.782745361328125, -0.588897705078125, -0.08571357280015945, -0.2700392007827759, -0.27077555656433105
65587.32359029166, 0.0116424560546875, -0.788055419921875, -0.588470458984375, -0.1115635484457016, -0.30284589529037476, -0.2894512414932251
65587.33365729167, -0.0063018798828125, -0.7884979248046875, -0.5865936279296875, -0.1409589797258377, -0.33996129035949707, -0.31977400183677673
65587.34372529168, -0.0070037841796875, -0.792999267578125, -0.5859375, -0.17205938696861267, -0.36128708720207214, -0.3607403337955475
65587.35379229167, 0.00341796875, -0.797332763671875, -0.5870208740234375, -0.2015453726053238, -0.3732033967971802, -0.3974091410636902
65587.36385929167, 0.0084381103515625, -0.7960357666015625, -0.5884552001953125, -0.22052384912967682, -0.3723469376564026, -0.437616765499115
65587.37392729167, 0.013214111328125, -0.7877349853515625, -0.5933074951171875, -0.23511505126953125, -0.3667452335357666, -0.4737832844257355
65587.38399429167, 0.029296875, -0.7781524658203125, -0.601318359375, -0.2325240522623062, -0.35471174120903015, -0.4971650242805481
65587.39406129168, 0.0362701416015625, -0.7709503173828125, -0.609375, -0.23902855813503265, -0.3509170114994049, -0.5051745176315308
65587.40412929167, 0.0364837646484375, -0.7613677978515625, -0.6117095947265625, -0.24860049784183502, -0.35108134150505066, -0.5048045516014099
65587.41419629168, 0.041259765625, -0.753204345703125, -0.6094207763671875, -0.26141268014907837, -0.3591105043888092, -0.5067145824432373
65587.42426329167, 0.05499267578125, -0.7517852783203125, -0.6063079833984375, -0.27954936027526855, -0.3661614656448364, -0.50486159324646
65587.43433129168, 0.06744384765625, -0.7523651123046875, -0.605712890625, -0.2904840409755707, -0.3922061324119568, -0.5063156485557556
65587.44439829167, 0.0722503662109375, -0.755859375, -0.603607177734375, -0.30933254957199097, -0.42051392793655396, -0.5146843791007996
65587.45446529167, 0.076690673828125, -0.76043701171875, -0.603485107421875, -0.3258574604988098, -0.4724532961845398, -0.5327531099319458
65587.46453329167, 0.075653076171875, -0.767059326171875, -0.604248046875, -0.33957621455192566, -0.5394619107246399, -0.5523321628570557
65587.47460029167, 0.079925537109375, -0.7785797119140625, -0.60784912109375, -0.35244220495224, -0.6035356521606445, -0.5780367255210876
65587.48466729168, 0.0860137939453125, -0.7886199951171875, -0.6114349365234375, -0.35976722836494446, -0.6471409201622009, -0.5966391563415527
65587.49473529166, 0.0852508544921875, -0.79168701171875, -0.613189697265625, -0.35574212670326233, -0.6652634739875793, -0.6182307600975037
65587.50480229167, 0.081695556640625, -0.791839599609375, -0.6196136474609375, -0.33575642108917236, -0.6725203394889832, -0.6361961364746094
65587.51486929167, 0.0823516845703125, -0.7889556884765625, -0.6369781494140625, -0.309737890958786, -0.6769278645515442, -0.6535874009132385
65587.52493729167, 0.0815277099609375, -0.7849578857421875, -0.6598663330078125, -0.27916666865348816, -0.7093883156776428, -0.6736966371536255
65587.53500429167, 0.0831146240234375, -0.790130615234375, -0.6747894287109375, -0.2405255287885666, -0.7564660906791687, -0.6854782104492188
65587.54507129166, 0.0868377685546875, -0.7908172607421875, -0.6829833984375, -0.20339572429656982, -0.7987321019172668, -0.7097542881965637
65587.55513929167, 0.080352783203125, -0.7965240478515625, -0.6871185302734375, -0.16500653326511383, -0.8473073244094849, -0.7418211102485657
65587.56520629168, 0.0818939208984375, -0.806732177734375, -0.6890869140625, -0.1268990933895111, -0.8761480450630188, -0.774063229560852
65587.57527329167, 0.09136962890625, -0.8239593505859375, -0.6877899169921875, -0.07605455070734024, -0.8807579874992371, -0.796413004398346
65587.58534129168, 0.101531982421875, -0.837493896484375, -0.683502197265625, -0.024480042979121208, -0.8747178912162781, -0.8160849809646606
65587.59540829167, 0.111724853515625, -0.837432861328125, -0.6817169189453125, 0.017197096720337868, -0.872631311416626, -0.8320852518081665
65587.60547529167, 0.11346435546875, -0.836212158203125, -0.6804046630859375, 0.03994768112897873, -0.8842488527297974, -0.8535090088844299
65587.61554329167, 0.1197662353515625, -0.8288421630859375, -0.678314208984375, 0.04447239264845848, -0.9090545773506165, -0.8735620975494385
65587.62561029167, 0.1266632080078125, -0.819427490234375, -0.6795501708984375, 0.03874659538269043, -0.9340965747833252, -0.9013564586639404
65587.63567729168, 0.137481689453125, -0.8096466064453125, -0.6876373291015625, 0.04153545945882797, -0.9638800024986267, -0.9261422157287598
65587.64574529167, 0.141815185546875, -0.7926025390625, -0.69744873046875, 0.05649043992161751, -1.0046463012695312, -0.949800968170166
65587.65581229168, 0.1395263671875, -0.783294677734375, -0.707061767578125, 0.08071721345186234, -1.0553889274597168, -0.9757918119430542
65587.66587929167, 0.1468505859375, -0.7767333984375, -0.7014312744140625, 0.1113656759262085, -1.0962529182434082, -0.9920008778572083
65587.67594729167, 0.1579742431640625, -0.7732696533203125, -0.6931610107421875, 0.14017735421657562, -1.1123738288879395, -1.0026202201843262
65587.68601429167, 0.1612396240234375, -0.7686614990234375, -0.6884002685546875, 0.1589108258485794, -1.1258974075317383, -1.0059525966644287
65587.69608129167, 0.15594482421875, -0.756317138671875, -0.6880950927734375, 0.16829685866832733, -1.1373144388198853, -1.012127161026001
65587.70614929167, 0.14990234375, -0.742523193359375, -0.6934967041015625, 0.1755736917257309, -1.1508402824401855, -1.0193177461624146
65587.71621629166, 0.1367950439453125, -0.7336273193359375, -0.6968536376953125, 0.18309232592582703, -1.1727256774902344, -1.0299551486968994
65587.72628329167, 0.1270294189453125, -0.7261962890625, -0.6969451904296875, 0.18945088982582092, -1.1874747276306152, -1.043283462524414
65587.73635129166, 0.121002197265625, -0.7169647216796875, -0.69415283203125, 0.19711865484714508, -1.1977976560592651, -1.0560301542282104
65587.74641829167, 0.114105224609375, -0.7100982666015625, -0.6897125244140625, 0.20492678880691528, -1.1954230070114136, -1.0691052675247192
65587.75648529167, 0.1145782470703125, -0.7039337158203125, -0.6856689453125, 0.2068873941898346, -1.1894845962524414, -1.0823092460632324
65587.76655329167, 0.11016845703125, -0.7001800537109375, -0.68194580078125, 0.2145240157842636, -1.1917192935943604, -1.0959800481796265
65587.77662029167, 0.10504150390625, -0.6937255859375, -0.678314208984375, 0.2102310061454773, -1.1926140785217285, -1.1118005514144897
65587.78668729166, 0.1107177734375, -0.6906890869140625, -0.6775054931640625, 0.2036878764629364, -1.1913975477218628, -1.1259845495224
65587.79675529167, 0.1171112060546875, -0.6866302490234375, -0.6737823486328125, 0.19874665141105652, -1.1880431175231934, -1.1342251300811768
65587.80682229168, 0.1193389892578125, -0.6799774169921875, -0.6732025146484375, 0.19599640369415283, -1.1814775466918945, -1.1394113302230835
65587.81688929167, 0.116851806640625, -0.67706298828125, -0.6728363037109375, 0.19326452910900116, -1.17268705368042, -1.144747257232666
65587.82695729168, 0.1190948486328125, -0.675689697265625, -0.6716766357421875, 0.2028103619813919, -1.1671137809753418, -1.1407253742218018
65587.83702429167, 0.1200103759765625, -0.6738128662109375, -0.6714324951171875, 0.21819785237312317, -1.1726922988891602, -1.134732723236084
65587.84709229167, 0.1230010986328125, -0.67181396484375, -0.668548583984375, 0.22633913159370422, -1.1810804605484009, -1.1203465461730957
65587.85715929167, 0.1280059814453125, -0.67266845703125, -0.664306640625, 0.22495880722999573, -1.1900407075881958, -1.108655333518982
65587.86722629167, 0.129638671875, -0.6790008544921875, -0.659942626953125, 0.21356794238090515, -1.1926860809326172, -1.0915870666503906
65587.87729429167, 0.1274871826171875, -0.6891632080078125, -0.6542205810546875, 0.1907033771276474, -1.19391667842865, -1.079380750656128
65587.88736129167, 0.1253814697265625, -0.6986541748046875, -0.65130615234375, 0.16751310229301453, -1.1953214406967163, -1.0674705505371094
65587.89742829168, 0.1209564208984375, -0.706268310546875, -0.64801025390625, 0.13851553201675415, -1.1936767101287842, -1.0586227178573608
65587.90749629166, 0.1150054931640625, -0.7119903564453125, -0.6470947265625, 0.11115022003650665, -1.19427490234375, -1.0558022260665894
65587.91756329167, 0.1126251220703125, -0.714630126953125, -0.64898681640625, 0.08700307458639145, -1.1884186267852783, -1.052761435508728
65587.92763029167, 0.1075592041015625, -0.714111328125, -0.6549835205078125, 0.0610969103872776, -1.1870262622833252, -1.0586811304092407
65587.93769829167, 0.1031494140625, -0.71612548828125, -0.657806396484375, 0.04529930278658867, -1.1842906475067139, -1.067548394203186
65587.94776529167, 0.10479736328125, -0.7173919677734375, -0.65869140625, 0.029375731945037842, -1.176575779914856, -1.0756195783615112
65587.95783229166, 0.110137939453125, -0.7153472900390625, -0.661102294921875, 0.01423379685729742, -1.1675095558166504, -1.0779587030410767
65587.96790029167, 0.1133880615234375, -0.7112884521484375, -0.6632537841796875, -0.0005906891310587525, -1.1572641134262085, -1.0739245414733887
65587.97796729168, 0.1133270263671875, -0.7050628662109375, -0.666107177734375, -0.01708337850868702, -1.1523761749267578, -1.0682871341705322
65587.98803429167, 0.1138458251953125, -0.703338623046875, -0.6692047119140625, -0.029397835955023766, -1.1542134284973145, -1.0616153478622437
65587.99810229168, 0.1160430908203125, -0.7038726806640625, -0.6706390380859375, -0.03682299703359604, -1.1558939218521118, -1.0513054132461548
65588.00816929167, 0.1183319091796875, -0.7071990966796875, -0.6722564697265625, -0.04632808268070221, -1.1676589250564575, -1.0463488101959229
65588.01823729168, 0.1193084716796875, -0.7120361328125, -0.67279052734375, -0.05651813745498657, -1.1701090335845947, -1.035953164100647
65588.02830429167, 0.114837646484375, -0.711578369140625, -0.6737518310546875, -0.06351639330387115, -1.164692759513855, -1.025408148765564
65588.03837129167, 0.106201171875, -0.7051239013671875, -0.6740570068359375, -0.0779520571231842, -1.1535987854003906, -1.0257047414779663
65588.04843929167, 0.10321044921875, -0.696441650390625, -0.6779937744140625, -0.09096000343561172, -1.1401357650756836, -1.0264685153961182
65588.05850629167, 0.10211181640625, -0.69635009765625, -0.6832275390625, -0.10928548127412796, -1.1348671913146973, -1.030596137046814
65588.06857329168, 0.103271484375, -0.7001190185546875, -0.6908721923828125, -0.11390180140733719, -1.132475733757019, -1.0329464673995972
65588.07864129166, 0.10662841796875, -0.7007598876953125, -0.6969146728515625, -0.1067592054605484, -1.134142279624939, -1.0373930931091309
65588.08870829167, 0.1175079345703125, -0.7031097412109375, -0.7004241943359375, -0.08825422823429108, -1.1269549131393433, -1.0459564924240112
65588.09877529167, 0.1294708251953125, -0.711212158203125, -0.701904296875, -0.061638861894607544, -1.1205945014953613, -1.0459150075912476
65588.10884329167, 0.1371612548828125, -0.7143707275390625, -0.7013092041015625, -0.030279342085123062, -1.1079517602920532, -1.0440504550933838
65588.11891029167, 0.136871337890625, -0.7137908935546875, -0.699981689453125, -0.00014168016787152737, -1.095948338508606, -1.0416879653930664
65588.12897829167, 0.1365966796875, -0.7164306640625, -0.7017822265625, 0.012967996299266815, -1.0867804288864136, -1.0402594804763794
65588.13904529167, 0.138702392578125, -0.7229766845703125, -0.6992950439453125, 0.011897139251232147, -1.0813931226730347, -1.0325636863708496
65588.14911229168, 0.144744873046875, -0.7244415283203125, -0.7010955810546875, 0.005123389419168234, -1.0722248554229736, -1.0259591341018677
65588.15918029167, 0.1508941650390625, -0.7230682373046875, -0.7062530517578125, -0.013521401211619377, -1.0602906942367554, -1.0172995328903198
65588.16924729168, 0.1545867919921875, -0.7237548828125, -0.7156982421875, -0.02165789157152176, -1.047896385192871, -1.0111562013626099
65588.17931429167, 0.1560821533203125, -0.720123291015625, -0.7303619384765625, -0.01495338324457407, -1.0514907836914062, -1.0007821321487427
65588.18938229168, 0.1632232666015625, -0.7186737060546875, -0.7415771484375, 0.011200989596545696, -1.0615506172180176, -0.9890908598899841
65588.19944929167, 0.166748046875, -0.7199859619140625, -0.74346923828125, 0.048590704798698425, -1.0738131999969482, -0.9698425531387329
65588.20951779166, 0.1632537841796875, -0.72119140625, -0.73907470703125, 0.07149389386177063, -1.0858051776885986, -0.9575323462486267
65588.21958479167, 0.154327392578125, -0.722808837890625, -0.7278594970703125, 0.0842038244009018, -1.0944348573684692, -0.9495548605918884
65588.22965179167, 0.144378662109375, -0.72308349609375, -0.717529296875, 0.07900107651948929, -1.0884687900543213, -0.9465559124946594
65588.23971979167, 0.13836669921875, -0.72113037109375, -0.7110595703125, 0.0644005611538887, -1.0741630792617798, -0.9454490542411804
65588.24978679167, 0.1327056884765625, -0.718719482421875, -0.709197998046875, 0.04508412256836891, -1.056131362915039, -0.9484382271766663
65588.25985379166, 0.1333160400390625, -0.7136383056640625, -0.7134246826171875, 0.020144682377576828, -1.0338010787963867, -0.9443212151527405
65588.26992179167, 0.14141845703125, -0.7097015380859375, -0.721893310546875, -9.58738019107841e-05, -1.0134459733963013, -0.9268956184387207
65588.27998879168, 0.13751220703125, -0.7061920166015625, -0.73028564453125, -0.008732771500945091, -0.996208906173706, -0.9047769904136658
65588.29005679167, 0.135406494140625, -0.698333740234375, -0.7405853271484375, -0.006265618838369846, -0.9767926335334778, -0.8812224268913269
65588.30012379168, 0.1370697021484375, -0.691558837890625, -0.7494354248046875, 0.0043590618297457695, -0.9618142247200012, -0.856331467628479
65588.31019079167, 0.1336669921875, -0.6886444091796875, -0.75531005859375, 0.019834425300359726, -0.9444738030433655, -0.8317616581916809
65588.32025879167, 0.1261138916015625, -0.6885986328125, -0.7591552734375, 0.03897589445114136, -0.9325346350669861, -0.8151509761810303
65588.33032579167, 0.1249542236328125, -0.689208984375, -0.7629547119140625, 0.05937730520963669, -0.9211975336074829, -0.8031222820281982
65588.34039279167, 0.1269378662109375, -0.6915435791015625, -0.7675018310546875, 0.08795835077762604, -0.908491313457489, -0.7969506978988647
65588.35046079167, 0.1247711181640625, -0.6941070556640625, -0.7696075439453125, 0.1255161166191101, -0.891903817653656, -0.7997453808784485
65588.36052779166, 0.120635986328125, -0.6952362060546875, -0.769775390625, 0.16553489863872528, -0.8761696219444275, -0.8103376030921936
65588.37059579167, 0.1197357177734375, -0.6986846923828125, -0.7679595947265625, 0.20402556657791138, -0.8642581105232239, -0.8200818300247192
65588.38066279166, 0.120635986328125, -0.7064666748046875, -0.7586212158203125, 0.2299940586090088, -0.8422276377677917, -0.8344495892524719
65588.39072979167, 0.12286376953125, -0.7161865234375, -0.7489013671875, 0.2320398986339569, -0.8227553963661194, -0.8441227078437805
65588.40079779168, 0.1354217529296875, -0.7213134765625, -0.742828369140625, 0.222468763589859, -0.8117061853408813, -0.8495193719863892
65588.41086479167, 0.1550140380859375, -0.7269439697265625, -0.7436065673828125, 0.21044671535491943, -0.8050466775894165, -0.8388137221336365
65588.42093279168, 0.1696319580078125, -0.7264404296875, -0.753448486328125, 0.20204177498817444, -0.7953400015830994, -0.8203526735305786
65588.43099979167, 0.172454833984375, -0.719512939453125, -0.7638397216796875, 0.19932082295417786, -0.7934533953666687, -0.8011371493339539
65588.44106679167, 0.1744384765625, -0.7122650146484375, -0.77288818359375, 0.2088107317686081, -0.7877995371818542, -0.781015932559967
65588.45113479167, 0.174774169921875, -0.7058258056640625, -0.7785797119140625, 0.23551131784915924, -0.7856977581977844, -0.7634603977203369
65588.46120179167, 0.178802490234375, -0.7006378173828125, -0.7797393798828125, 0.2624470591545105, -0.7879310846328735, -0.7443873286247253
65588.47126879168, 0.184600830078125, -0.70086669921875, -0.775634765625, 0.28972262144088745, -0.7871792912483215, -0.7164174914360046
65588.48133679166, 0.187408447265625, -0.699371337890625, -0.767425537109375, 0.31119224429130554, -0.7862205505371094, -0.6898258328437805
65588.49140379168, 0.1857452392578125, -0.6954498291015625, -0.757904052734375, 0.32645320892333984, -0.7919458150863647, -0.663931131362915
65588.50147179166, 0.179290771484375, -0.693817138671875, -0.7456207275390625, 0.33054009079933167, -0.7916664481163025, -0.6379439830780029
65588.51153879167, 0.1695709228515625, -0.6905975341796875, -0.7321319580078125, 0.328305184841156, -0.7869899272918701, -0.6183764338493347
65588.52160579167, 0.161895751953125, -0.6876068115234375, -0.72357177734375, 0.32150745391845703, -0.7806406617164612, -0.6027929186820984
65588.53167379167, 0.1488037109375, -0.6825408935546875, -0.7141876220703125, 0.3192347288131714, -0.7688207626342773, -0.5901407599449158
65588.54174079167, 0.137542724609375, -0.6755523681640625, -0.7089080810546875, 0.316613107919693, -0.7599809765815735, -0.582721471786499
65588.55180879167, 0.1329498291015625, -0.6720733642578125, -0.70660400390625, 0.3131882846355438, -0.7525760531425476, -0.5752646327018738
65588.56187579167, 0.1304473876953125, -0.66986083984375, -0.7032928466796875, 0.3117097020149231, -0.745306670665741, -0.5672189593315125
65588.57194279168, 0.1272735595703125, -0.6690521240234375, -0.69744873046875, 0.3117123544216156, -0.7378453016281128, -0.5579301118850708
65588.58201079167, 0.125152587890625, -0.66851806640625, -0.691436767578125, 0.31492918729782104, -0.7323408126831055, -0.5467925071716309
65588.59207779168, 0.117156982421875, -0.667327880859375, -0.6878662109375, 0.3175569176673889, -0.7249239087104797, -0.5418619513511658
65588.60214579166, 0.112640380859375, -0.6658935546875, -0.6837005615234375, 0.30100297927856445, -0.7186836004257202, -0.5426108241081238
65588.61221279168, 0.1068878173828125, -0.6678619384765625, -0.680145263671875, 0.2848722040653229, -0.713703989982605, -0.5408563017845154
65588.62227979167, 0.1041412353515625, -0.6710662841796875, -0.6795196533203125, 0.26265692710876465, -0.7143274545669556, -0.5401875972747803
65588.63234779167, 0.1047515869140625, -0.6746978759765625, -0.6782379150390625, 0.2441471517086029, -0.7123042345046997, -0.5389367341995239
65588.64241479167, 0.1039886474609375, -0.6813507080078125, -0.6781005859375, 0.222284197807312, -0.6928892731666565, -0.5438132286071777
65588.65248279167, 0.1061248779296875, -0.6866302490234375, -0.6736602783203125, 0.19777698814868927, -0.6700284481048584, -0.5499140024185181
65588.66254979167, 0.11688232421875, -0.69195556640625, -0.67498779296875, 0.16617245972156525, -0.6395496129989624, -0.5580355525016785
65588.67261679166, 0.138275146484375, -0.69854736328125, -0.6818695068359375, 0.1527480036020279, -0.6039183735847473, -0.5493469834327698
65588.68268479167, 0.1562042236328125, -0.70068359375, -0.6942901611328125, 0.14978629350662231, -0.5873700380325317, -0.5249130129814148
65588.69275179168, 0.162567138671875, -0.700408935546875, -0.7075653076171875, 0.16887344419956207, -0.5868147611618042, -0.48904770612716675
65588.70281979167, 0.153472900390625, -0.706268310546875, -0.712493896484375, 0.19978421926498413, -0.5916574597358704, -0.4458640217781067
65588.71288679168, 0.1432647705078125, -0.72003173828125, -0.7044830322265625, 0.242475226521492, -0.5926103591918945, -0.4095393121242523
65588.72295379167, 0.133087158203125, -0.73779296875, -0.688446044921875, 0.26214107871055603, -0.5830897688865662, -0.38466379046440125
65588.73302179168, 0.1278839111328125, -0.7489166259765625, -0.667816162109375, 0.24040487408638, -0.5646375417709351, -0.3767624497413635
65588.74308879167, 0.1376800537109375, -0.7550048828125, -0.650299072265625, 0.17068971693515778, -0.5382869243621826, -0.38243284821510315
65588.75315679167, 0.1529998779296875, -0.7589874267578125, -0.64300537109375, 0.07721835374832153, -0.5168447494506836, -0.39193448424339294
65588.76322379167, 0.1779022216796875, -0.7603912353515625, -0.647796630859375, -0.011227887123823166, -0.5136833190917969, -0.38968411087989807
65588.77329179167, 0.1971893310546875, -0.7562103271484375, -0.6632232666015625, -0.06093951687216759, -0.5347625017166138, -0.3675204813480377
65588.78335879167, 0.2030792236328125, -0.7432708740234375, -0.678985595703125, -0.0559689924120903, -0.5521380305290222, -0.3388611376285553
65588.79342579166, 0.1955108642578125, -0.7301025390625, -0.686676025390625, -0.0036629117093980312, -0.5699476003646851, -0.30650773644447327
65588.80349379167, 0.1804962158203125, -0.722320556640625, -0.68511962890625, 0.07608252018690109, -0.573981523513794, -0.2852996587753296
65588.81356079168, 0.1636505126953125, -0.7267913818359375, -0.6745758056640625, 0.1571190506219864, -0.5647004246711731, -0.2812521755695343
65588.82362879167, 0.1464691162109375, -0.7402191162109375, -0.6550750732421875, 0.21136070787906647, -0.5588480830192566, -0.28924140334129333
65588.83369579168, 0.1407012939453125, -0.755706787109375, -0.6316070556640625, 0.234838604927063, -0.5505079030990601, -0.30213454365730286
65588.84376279167, 0.14764404296875, -0.7701263427734375, -0.61029052734375, 0.2358812391757965, -0.5260041356086731, -0.3119773268699646
65588.85383079168, 0.1455841064453125, -0.782562255859375, -0.5966949462890625, 0.21829985082149506, -0.5000188946723938, -0.3169766068458557
65588.86389779167, 0.140838623046875, -0.783355712890625, -0.589691162109375, 0.19083893299102783, -0.47518837451934814, -0.32184380292892456
65588.87396579167, 0.1410064697265625, -0.78240966796875, -0.58660888671875, 0.1752258837223053, -0.4522569477558136, -0.3275802731513977
65588.88403279167, 0.1502838134765625, -0.7858123779296875, -0.5838775634765625, 0.1664329171180725, -0.4199591875076294, -0.32672032713890076
65588.89409979167, 0.1636962890625, -0.7926025390625, -0.5825347900390625, 0.16332393884658813, -0.38930195569992065, -0.3180226981639862
65588.90416779167, 0.177764892578125, -0.79736328125, -0.5777130126953125, 0.16168370842933655, -0.3642139136791229, -0.30590346455574036
65588.91423479166, 0.183868408203125, -0.800933837890625, -0.5762939453125, 0.16034600138664246, -0.3473166823387146, -0.2898182272911072
65588.92430279167, 0.1834564208984375, -0.8019561767578125, -0.5732269287109375, 0.1556825339794159, -0.3326977789402008, -0.27867451310157776
65588.93436979168, 0.1820068359375, -0.8028564453125, -0.5747528076171875, 0.14845924079418182, -0.3260420262813568, -0.2694985866546631
65588.94443779167, 0.1814422607421875, -0.804473876953125, -0.573822021484375, 0.140732079744339, -0.3147856295108795, -0.262259840965271
65588.95450479168, 0.178131103515625, -0.80560302734375, -0.5753631591796875, 0.12947089970111847, -0.30042746663093567, -0.25415024161338806
65588.96457179167, 0.1851959228515625, -0.8049468994140625, -0.57366943359375, 0.12076742947101593, -0.27971312403678894, -0.2403998225927353
65588.97463979168, 0.199615478515625, -0.810638427734375, -0.5729827880859375, 0.1093139722943306, -0.2634787857532501, -0.22106660902500153
65588.98470679167, 0.2127685546875, -0.8141937255859375, -0.572662353515625, 0.10114898532629013, -0.25120747089385986, -0.19488559663295746
65588.99477479167, 0.2139129638671875, -0.8176116943359375, -0.5759735107421875, 0.08636125177145004, -0.25220295786857605, -0.15663355588912964
65589.00484179167, 0.2108306884765625, -0.8213043212890625, -0.5809783935546875, 0.07198817282915115, -0.2663155794143677, -0.11953971534967422
65589.01490979167, 0.2012786865234375, -0.8173675537109375, -0.587738037109375, 0.057372480630874634, -0.2767229378223419, -0.08672504127025604
65589.02497679167, 0.1854095458984375, -0.8170318603515625, -0.5955047607421875, 0.05566778779029846, -0.29508090019226074, -0.05952111631631851
65589.03504379166, 0.179290771484375, -0.818115234375, -0.5956268310546875, 0.06982169300317764, -0.290387362241745, -0.04325985535979271
65589.04511179167, 0.17279052734375, -0.8210296630859375, -0.5913238525390625, 0.09775824844837189, -0.2725212574005127, -0.03262878209352493
65589.05517879168, 0.1619873046875, -0.8306427001953125, -0.585235595703125, 0.127784863114357, -0.2379843294620514, -0.02935975231230259
65589.06524679167, 0.1582489013671875, -0.8355255126953125, -0.5802459716796875, 0.1574210524559021, -0.20225563645362854, -0.03543522208929062
65589.07531379168, 0.156585693359375, -0.8367767333984375, -0.57232666015625, 0.18014287948608398, -0.17150384187698364, -0.035659462213516235
65589.08538079167, 0.1523895263671875, -0.8391876220703125, -0.5638885498046875, 0.19214120507240295, -0.14842915534973145, -0.03790530562400818
65589.09544879168, 0.150390625, -0.8407745361328125, -0.5562896728515625, 0.19262243807315826, -0.13130661845207214, -0.037399571388959885
65589.10551579167, 0.1529541015625, -0.840423583984375, -0.5485382080078125, 0.18100866675376892, -0.11526347696781158, -0.03080345317721367
65589.11558379167, 0.1544647216796875, -0.8398590087890625, -0.5431365966796875, 0.1644914746284485, -0.09100127965211868, -0.021395569667220116
65589.12565079167, 0.1569061279296875, -0.8371734619140625, -0.5419921875, 0.14830026030540466, -0.056220393627882004, -0.007892278023064137
65589.13571879167, 0.1588592529296875, -0.82977294921875, -0.543670654296875, 0.13957494497299194, -0.02756291814148426, 0.005233111325651407
65589.14578579167, 0.1622772216796875, -0.8255462646484375, -0.54443359375, 0.1441529095172882, -0.0002825613773893565, 0.017102021723985672
65589.15585379167, 0.1655426025390625, -0.823272705078125, -0.541595458984375, 0.15961070358753204, 0.012716860510408878, 0.02803882583975792
65589.16592079167, 0.1667633056640625, -0.8250732421875, -0.5338592529296875, 0.1773553490638733, 0.024629712104797363, 0.035888757556676865
65589.17598779168, 0.1654205322265625, -0.8283233642578125, -0.5248870849609375, 0.19251884520053864, 0.021449364721775055, 0.03501098230481148
65589.18605579167, 0.1611328125, -0.831024169921875, -0.5145111083984375, 0.2031419277191162, 0.026037992909550667, 0.02773682214319706
65589.19612279168, 0.1567230224609375, -0.8343963623046875, -0.504669189453125, 0.20779260993003845, 0.028256405144929886, 0.017606690526008606
65589.20619079166, 0.1537933349609375, -0.8362274169921875, -0.4961700439453125, 0.20272940397262573, 0.03961505368351936, 0.004816859494894743
65589.21625700001, 0.146026611328125, -0.8341217041015625, -0.4919281005859375, 0.18751077353954315, 0.05410344898700714, -0.007436877116560936
65589.22632500001, 0.139923095703125, -0.83349609375, -0.4921722412109375, 0.17081861197948456, 0.06958626955747604, -0.021872010082006454
65589.236392, 0.1379547119140625, -0.832061767578125, -0.5004730224609375, 0.15514111518859863, 0.0813707560300827, -0.02960316650569439
65589.246459, 0.1397857666015625, -0.8270721435546875, -0.5077362060546875, 0.14989416301250458, 0.08574952185153961, -0.03221066668629646
65589.256527, 0.143646240234375, -0.82354736328125, -0.5125885009765625, 0.15523380041122437, 0.08208448439836502, -0.023750336840748787
65589.266594, 0.1512908935546875, -0.8233489990234375, -0.517547607421875, 0.15527693927288055, 0.07917018234729767, -0.004482366610318422
65589.276662, 0.1557159423828125, -0.8262939453125, -0.5157318115234375, 0.1564340740442276, 0.07288885116577148, 0.025664350017905235
65589.286729, 0.1559906005859375, -0.8285369873046875, -0.5092620849609375, 0.14808186888694763, 0.06767864525318146, 0.05979595705866814
65589.296797, 0.1521148681640625, -0.8292694091796875, -0.5046844482421875, 0.13621509075164795, 0.07035192847251892, 0.08934958279132843
65589.306864, 0.14239501953125, -0.832611083984375, -0.495849609375, 0.11268553882837296, 0.07471472024917603, 0.11466027051210403
65589.316932, 0.1336517333984375, -0.83660888671875, -0.4919586181640625, 0.08496016263961792, 0.09295497089624405, 0.12901949882507324
65589.326999, 0.1281890869140625, -0.840545654296875, -0.4930877685546875, 0.05986493080854416, 0.11341337859630585, 0.13004188239574432
65589.33706600001, 0.1311492919921875, -0.8428497314453125, -0.4969482421875, 0.040823861956596375, 0.13226643204689026, 0.13534876704216003
65589.34713400001, 0.1414337158203125, -0.8474273681640625, -0.5048675537109375, 0.03136032074689865, 0.15397918224334717, 0.1422053426504135
65589.357201, 0.148529052734375, -0.8509674072265625, -0.5131988525390625, 0.03062582015991211, 0.17047187685966492, 0.14882142841815948
65589.36726900001, 0.151458740234375, -0.850799560546875, -0.52105712890625, 0.04144411161541939, 0.17964406311511993, 0.15895555913448334
65589.377336, 0.152069091796875, -0.8498992919921875, -0.5268402099609375, 0.06446661055088043, 0.18242627382278442, 0.16784173250198364
65589.38740400001, 0.154541015625, -0.8458099365234375, -0.5296173095703125, 0.09144949167966843, 0.17327991127967834, 0.1817527562379837
65589.397471, 0.1576385498046875, -0.84503173828125, -0.5285186767578125, 0.11454841494560242, 0.16609176993370056, 0.1976126730442047
65589.407539, 0.1584625244140625, -0.847869873046875, -0.5246429443359375, 0.13278387486934662, 0.16968250274658203, 0.216102734208107
65589.417606, 0.15289306640625, -0.8504486083984375, -0.518829345703125, 0.14904700219631195, 0.17908133566379547, 0.2342710942029953
65589.427673, 0.1423187255859375, -0.8482208251953125, -0.5138702392578125, 0.16354872286319733, 0.18861305713653564, 0.2479373663663864
65589.437741, 0.135467529296875, -0.849334716796875, -0.5108184814453125, 0.16464567184448242, 0.2038053274154663, 0.25375956296920776
65589.447808, 0.134490966796875, -0.849700927734375, -0.5059661865234375, 0.16445472836494446, 0.22581714391708374, 0.26011812686920166
65589.457876, 0.134796142578125, -0.8514251708984375, -0.502227783203125, 0.1617308408021927, 0.23944108188152313, 0.26759523153305054
65589.46794300001, 0.13519287109375, -0.849395751953125, -0.499237060546875, 0.15279114246368408, 0.2569763958454132, 0.275556743144989
65589.478011, 0.13580322265625, -0.8535919189453125, -0.5018157958984375, 0.1273595541715622, 0.26577097177505493, 0.2822521924972534
65589.48807800001, 0.1367034912109375, -0.8568878173828125, -0.5044097900390625, 0.10045203566551208, 0.26277437806129456, 0.29166167974472046
65589.498146, 0.137176513671875, -0.85589599609375, -0.503875732421875, 0.07166086882352829, 0.2614057660102844, 0.3007790148258209
65589.50821300001, 0.1368255615234375, -0.85699462890625, -0.506378173828125, 0.05615941062569618, 0.26184332370758057, 0.304433137178421
65589.51828, 0.13275146484375, -0.8511962890625, -0.516357421875, 0.04699866846203804, 0.2632332444190979, 0.30895596742630005
65589.528348, 0.1292724609375, -0.84326171875, -0.5240020751953125, 0.0486823171377182, 0.2522585988044739, 0.3075927197933197
65589.538415, 0.1262359619140625, -0.83502197265625, -0.5261383056640625, 0.06389535963535309, 0.2451799362897873, 0.309032142162323
65589.548483, 0.121734619140625, -0.826690673828125, -0.5276031494140625, 0.07842662930488586, 0.23550626635551453, 0.31116026639938354
65589.55855, 0.1143798828125, -0.822723388671875, -0.52825927734375, 0.08703476935625076, 0.22425387799739838, 0.31155097484588623
65589.568618, 0.1073455810546875, -0.8260498046875, -0.524078369140625, 0.08897648006677628, 0.21420443058013916, 0.3112127482891083
65589.578685, 0.1021728515625, -0.83111572265625, -0.518402099609375, 0.08517827838659286, 0.2086155265569687, 0.30823051929473877
65589.588753, 0.09564208984375, -0.8368072509765625, -0.51483154296875, 0.07629822939634323, 0.21221904456615448, 0.3049638867378235
65589.59882, 0.0827178955078125, -0.841552734375, -0.5127410888671875, 0.06866161525249481, 0.21553654968738556, 0.30150365829467773
65589.608888, 0.071319580078125, -0.842742919921875, -0.5135650634765625, 0.048400554805994034, 0.22252175211906433, 0.29176339507102966
65589.618955, 0.065643310546875, -0.8446197509765625, -0.5164642333984375, 0.022938072681427002, 0.23318025469779968, 0.2828085422515869
65589.629023, 0.064117431640625, -0.8487091064453125, -0.5213165283203125, -0.011754659935832024, 0.24541056156158447, 0.2788505554199219
65589.63909, 0.06719970703125, -0.848724365234375, -0.5290069580078125, -0.04430461302399635, 0.25821638107299805, 0.2784912884235382
65589.649157, 0.071441650390625, -0.849884033203125, -0.5423431396484375, -0.07769878953695297, 0.2501797378063202, 0.2821086645126343
65589.65922500001, 0.0746307373046875, -0.8545684814453125, -0.5551300048828125, -0.10869745165109634, 0.23628070950508118, 0.2915831208229065
65589.669292, 0.079742431640625, -0.850921630859375, -0.5670166015625, -0.13879330456256866, 0.22261975705623627, 0.30097633600234985
65589.67936000001, 0.0824737548828125, -0.844207763671875, -0.5809478759765625, -0.16597965359687805, 0.20554782450199127, 0.31034055352211
65589.689427, 0.0772705078125, -0.8416595458984375, -0.594390869140625, -0.18615123629570007, 0.18487797677516937, 0.30914294719696045
65589.69949500001, 0.0684661865234375, -0.841217041015625, -0.605255126953125, -0.19963055849075317, 0.15824343264102936, 0.3062182366847992
65589.709562, 0.0594635009765625, -0.835662841796875, -0.6132354736328125, -0.19384297728538513, 0.13802844285964966, 0.29589131474494934
65589.71963, 0.0477294921875, -0.8319854736328125, -0.6181182861328125, -0.1710231453180313, 0.12003399431705475, 0.28082579374313354
65589.729697, 0.034454345703125, -0.8299407958984375, -0.62042236328125, -0.1422594040632248, 0.11305224895477295, 0.2629525363445282
65589.739765, 0.0233612060546875, -0.8238067626953125, -0.618499755859375, -0.1156267300248146, 0.12002680450677872, 0.2339371293783188
65589.749832, 0.015838623046875, -0.824188232421875, -0.612457275390625, -0.09894681721925735, 0.14431484043598175, 0.20345565676689148
65589.7599, 0.0198974609375, -0.8220062255859375, -0.6078643798828125, -0.09456325322389603, 0.17453105747699738, 0.17794843018054962
65589.769967, 0.030792236328125, -0.8193817138671875, -0.60333251953125, -0.10465237498283386, 0.2057473063468933, 0.15278688073158264
65589.780035, 0.045806884765625, -0.815948486328125, -0.6047821044921875, -0.129651740193367, 0.24647316336631775, 0.13691283762454987
65589.790102, 0.0618438720703125, -0.80792236328125, -0.6163482666015625, -0.16554050147533417, 0.2858964800834656, 0.13264353573322296
65589.80016900001, 0.06719970703125, -0.7935638427734375, -0.6380767822265625, -0.19014543294906616, 0.3083397150039673, 0.1350792646408081
65589.810237, 0.072845458984375, -0.776580810546875, -0.66119384765625, -0.1899012327194214, 0.3059234321117401, 0.13646942377090454
65589.82030400001, 0.085723876953125, -0.756439208984375, -0.6828460693359375, -0.1607143133878708, 0.29131653904914856, 0.14785045385360718
65589.830372, 0.093048095703125, -0.7431182861328125, -0.698760986328125, -0.10513041168451309, 0.269731342792511, 0.16038461029529572
65589.840439, 0.09283447265625, -0.7330780029296875, -0.70526123046875, -0.03632951155304909, 0.2340971827507019, 0.17990797758102417
65589.85050700001, 0.08538818359375, -0.7324371337890625, -0.701629638671875, 0.035113513469696045, 0.1976555585861206, 0.19387413561344147
65589.860574, 0.0731964111328125, -0.73687744140625, -0.6880035400390625, 0.09757502377033234, 0.17067000269889832, 0.20807090401649475
65589.87064200001, 0.05963134765625, -0.744415283203125, -0.664398193359375, 0.13971050083637238, 0.15285106003284454, 0.20766425132751465
65589.880709, 0.04498291015625, -0.7548828125, -0.6402740478515625, 0.15742558240890503, 0.14644935727119446, 0.20294059813022614
65589.89077700001, 0.0342559814453125, -0.7677001953125, -0.61651611328125, 0.15225878357887268, 0.1550644189119339, 0.18934808671474457
65589.900844, 0.0258636474609375, -0.7803192138671875, -0.6025238037109375, 0.12835584580898285, 0.16656208038330078, 0.1706894487142563
65589.910912, 0.0196075439453125, -0.7839813232421875, -0.5955657958984375, 0.08873679488897324, 0.1821945756673813, 0.14223571121692657
65589.920979, 0.014373779296875, -0.7852020263671875, -0.599517822265625, 0.048285506665706635, 0.1962512731552124, 0.11504989117383957
65589.931047, 0.0135650634765625, -0.7838287353515625, -0.609039306640625, 0.02341078408062458, 0.20213524997234344, 0.08839511126279831
65589.941114, 0.019256591796875, -0.77978515625, -0.6161956787109375, 0.020124709233641624, 0.20832976698875427, 0.0786692425608635
65589.951182, 0.0281219482421875, -0.777984619140625, -0.6245269775390625, 0.027605261653661728, 0.21721141040325165, 0.08222536742687225
65589.961249, 0.035247802734375, -0.77447509765625, -0.6308441162109375, 0.04337277263402939, 0.23840723931789398, 0.08832879364490509
65589.971317, 0.0356903076171875, -0.769195556640625, -0.6296844482421875, 0.05293085798621178, 0.2557457685470581, 0.09929303079843521
65589.981384, 0.033905029296875, -0.769439697265625, -0.6263427734375, 0.057313889265060425, 0.27085599303245544, 0.1136527955532074
65589.991452, 0.033233642578125, -0.7760162353515625, -0.6194915771484375, 0.03881290927529335, 0.29271095991134644, 0.12858779728412628
65590.001519, 0.032684326171875, -0.7830352783203125, -0.6096038818359375, 0.008431567810475826, 0.3102808892726898, 0.1415504664182663
65590.011587, 0.0270233154296875, -0.7875518798828125, -0.6024017333984375, -0.03205886483192444, 0.31742963194847107, 0.15101242065429688
65590.02165400001, 0.0285491943359375, -0.79437255859375, -0.5946044921875, -0.07639916986227036, 0.3335510790348053, 0.15828870236873627
65590.031722, 0.0317230224609375, -0.8006591796875, -0.59246826171875, -0.1069035455584526, 0.3517734706401825, 0.16579669713974
65590.04178900001, 0.0292816162109375, -0.799530029296875, -0.5926055908203125, -0.1264956295490265, 0.3631342649459839, 0.17594759166240692
65590.051856, 0.0256195068359375, -0.794403076171875, -0.5923004150390625, -0.1381046026945114, 0.36694657802581787, 0.18341164290905
65590.06192400001, 0.023590087890625, -0.78826904296875, -0.59344482421875, -0.1407288908958435, 0.3580297827720642, 0.18560262024402618
65590.071991, 0.0246429443359375, -0.7852783203125, -0.5922393798828125, -0.13714639842510223, 0.3345862329006195, 0.18801811337471008
65590.08205900001, 0.0260162353515625, -0.783294677734375, -0.590240478515625, -0.1256985366344452, 0.30640068650245667, 0.18655496835708618
65590.092126, 0.026214599609375, -0.7835540771484375, -0.587921142578125, -0.10789184272289276, 0.27806755900382996, 0.18000385165214539
65590.102194, 0.027740478515625, -0.7833709716796875, -0.5837554931640625, -0.07979656010866165, 0.2576272785663605, 0.1782911717891693
65590.112261, 0.0307769775390625, -0.7860565185546875, -0.5790557861328125, -0.049244776368141174, 0.25923848152160645, 0.17652736604213715
65590.122329, 0.0308074951171875, -0.78668212890625, -0.57635498046875, -0.025857696309685707, 0.2667209208011627, 0.17360320687294006
65590.132396, 0.0247344970703125, -0.7870635986328125, -0.5732574462890625, -0.007986820302903652, 0.27509334683418274, 0.1731102615594864
65590.142464, 0.01800537109375, -0.790557861328125, -0.5685272216796875, -0.0009414274245500565, 0.2888016998767853, 0.16782735288143158
65590.152531, 0.01153564453125, -0.7967376708984375, -0.564849853515625, -0.004603806417435408, 0.29687827825546265, 0.16438788175582886
65590.162599, 0.0111541748046875, -0.8013916015625, -0.5657196044921875, -0.0008868326549418271, 0.31434008479118347, 0.16424353420734406
65590.172666, 0.0117340087890625, -0.802520751953125, -0.5687103271484375, -0.0006024070316925645, 0.312956303358078, 0.1658579409122467
65590.182734, 0.0101318359375, -0.8061981201171875, -0.571746826171875, 0.007790545001626015, 0.3064126670360565, 0.1700982302427292
65590.192801, 0.0194244384765625, -0.8105316162109375, -0.5738525390625, 0.018545987084507942, 0.3031628131866455, 0.17690207064151764
65590.202869, 0.02960205078125, -0.8152618408203125, -0.574005126953125, 0.032947029918432236, 0.30548879504203796, 0.1940552294254303
65590.21293654168, 0.031494140625, -0.81805419921875, -0.5739593505859375, 0.04605164751410484, 0.2982948124408722, 0.21323904395103455
65590.22300454167, 0.029541015625, -0.8191680908203125, -0.576507568359375, 0.05730616673827171, 0.2945304214954376, 0.22471806406974792
65590.23307154168, 0.02972412109375, -0.8223724365234375, -0.5797119140625, 0.06618834286928177, 0.2918608784675598, 0.23380130529403687
65590.24313954166, 0.0364227294921875, -0.822265625, -0.579803466796875, 0.08176783472299576, 0.2815464735031128, 0.24019822478294373
65590.25320654167, 0.046966552734375, -0.826812744140625, -0.5798492431640625, 0.09542372077703476, 0.2787695825099945, 0.24874617159366608
65590.26327454168, 0.05169677734375, -0.83148193359375, -0.57867431640625, 0.10321027785539627, 0.2814018428325653, 0.265247106552124
65590.27334154167, 0.051300048828125, -0.8282470703125, -0.5782928466796875, 0.10655120760202408, 0.2815227508544922, 0.27490904927253723
65590.28340954168, 0.050445556640625, -0.820709228515625, -0.5778961181640625, 0.10863087326288223, 0.2803214192390442, 0.2859500050544739
65590.29347654167, 0.046875, -0.8152313232421875, -0.58197021484375, 0.1084846630692482, 0.2748126685619354, 0.29742157459259033
65590.30354454168, 0.04876708984375, -0.813385009765625, -0.5843963623046875, 0.10750728845596313, 0.2628808915615082, 0.3090241551399231
65590.31361154167, 0.0587005615234375, -0.8117523193359375, -0.58966064453125, 0.11243946105241776, 0.2694770097732544, 0.3223407566547394
65590.32367954167, 0.0662841796875, -0.8093109130859375, -0.6007080078125, 0.12490464746952057, 0.28388339281082153, 0.33189377188682556
65590.33374654167, 0.0688323974609375, -0.80584716796875, -0.6098480224609375, 0.15621596574783325, 0.294983446598053, 0.34018605947494507
65590.34381454167, 0.068878173828125, -0.8111419677734375, -0.614227294921875, 0.19778472185134888, 0.30680814385414124, 0.34664663672447205
65590.35388154167, 0.0654296875, -0.8237762451171875, -0.6128997802734375, 0.24897466599941254, 0.33010920882225037, 0.3476645052433014
65590.36394954167, 0.0652008056640625, -0.83709716796875, -0.6000213623046875, 0.29368647933006287, 0.3603736162185669, 0.34143057465553284
65590.37401654167, 0.065582275390625, -0.851837158203125, -0.577301025390625, 0.31412437558174133, 0.4091874957084656, 0.3219048082828522
65590.38408454167, 0.0762176513671875, -0.86529541015625, -0.561859130859375, 0.2911601960659027, 0.45569029450416565, 0.2994444966316223
65590.39415154167, 0.0959625244140625, -0.8769378662109375, -0.55426025390625, 0.2383209615945816, 0.484694242477417, 0.281157910823822
65590.40421954167, 0.112945556640625, -0.884307861328125, -0.55615234375, 0.16963909566402435, 0.476664274930954, 0.278400719165802
65590.41428654167, 0.125823974609375, -0.87994384765625, -0.5699462890625, 0.10645134001970291, 0.43719011545181274, 0.2957586944103241
65590.42435454167, 0.1285858154296875, -0.8681793212890625, -0.5912322998046875, 0.061287060379981995, 0.3620751202106476, 0.31947946548461914
65590.43442154166, 0.1213226318359375, -0.84893798828125, -0.61138916015625, 0.041309621185064316, 0.2895452678203583, 0.34505540132522583
65590.44448954167, 0.10797119140625, -0.8301544189453125, -0.6300506591796875, 0.05511252209544182, 0.21798133850097656, 0.36817750334739685
65590.45455654168, 0.08428955078125, -0.81939697265625, -0.6403961181640625, 0.10413279384374619, 0.14910772442817688, 0.37952283024787903
65590.46462454167, 0.0634002685546875, -0.82086181640625, -0.6398468017578125, 0.16902656853199005, 0.10007653385400772, 0.3859573006629944
65590.47469154168, 0.0456085205078125, -0.8327484130859375, -0.6276092529296875, 0.2329227328300476, 0.07908949255943298, 0.3861410319805145
65590.48475954166, 0.023468017578125, -0.8498077392578125, -0.6047515869140625, 0.2776225507259369, 0.08568161725997925, 0.38664066791534424
65590.49482754167, -0.0008544921875, -0.87420654296875, -0.5827178955078125, 0.30870485305786133, 0.11968165636062622, 0.3785078823566437
65590.50489454166, -0.015716552734375, -0.89166259765625, -0.5595245361328125, 0.31447166204452515, 0.18047577142715454, 0.3659380376338959
65590.51496254167, -0.0241546630859375, -0.9040069580078125, -0.5393218994140625, 0.2785019278526306, 0.259234756231308, 0.3421962261199951
65590.52502954168, -0.015777587890625, -0.9127197265625, -0.5282440185546875, 0.19816714525222778, 0.3505529463291168, 0.3082752823829651
65590.53509754167, 0.0030975341796875, -0.9116668701171875, -0.5280303955078125, 0.08722598105669022, 0.45039087533950806, 0.2686690092086792
65590.54516454168, 0.026031494140625, -0.9034423828125, -0.537750244140625, -0.03458860516548157, 0.5449743866920471, 0.2313661128282547
65590.55523254166, 0.0491485595703125, -0.885589599609375, -0.5657958984375, -0.13935549557209015, 0.6085608005523682, 0.2029842734336853
65590.56529954167, 0.07269287109375, -0.8578338623046875, -0.6078948974609375, -0.19938740134239197, 0.6341412663459778, 0.18619383871555328
65590.57536754166, 0.0985870361328125, -0.8259735107421875, -0.6412506103515625, -0.20981048047542572, 0.6117385029792786, 0.19533860683441162
65590.58543454167, 0.118499755859375, -0.80548095703125, -0.6646270751953125, -0.1725856214761734, 0.571057915687561, 0.2224261462688446
65590.59550254168, 0.127838134765625, -0.788909912109375, -0.679107666015625, -0.10250693559646606, 0.5197025537490845, 0.25985899567604065
65590.60556954167, 0.1250152587890625, -0.768157958984375, -0.682403564453125, -0.009413208812475204, 0.45237571001052856, 0.2917519509792328
65590.61563754168, 0.1176910400390625, -0.7556610107421875, -0.6716461181640625, 0.08231404423713684, 0.3940724730491638, 0.31880754232406616
65590.62570454167, 0.1070098876953125, -0.748443603515625, -0.6467132568359375, 0.1628086268901825, 0.3515505790710449, 0.33385759592056274
65590.63577254167, 0.0836334228515625, -0.74981689453125, -0.611114501953125, 0.2262704223394394, 0.317434161901474, 0.3288833498954773
65590.64583954167, 0.0661468505859375, -0.75909423828125, -0.5728759765625, 0.26302629709243774, 0.3008274734020233, 0.31008464097976685
65590.65590754167, 0.05419921875, -0.7735443115234375, -0.5362548828125, 0.27626460790634155, 0.31022682785987854, 0.28727519512176514
65590.66597454167, 0.0387115478515625, -0.7883453369140625, -0.5064697265625, 0.2671281099319458, 0.33674126863479614, 0.2525574266910553
65590.67604254167, 0.025146484375, -0.7953033447265625, -0.4889678955078125, 0.2429218292236328, 0.3667084872722626, 0.2099316567182541
65590.68610954167, 0.02471923828125, -0.7987060546875, -0.481903076171875, 0.20712655782699585, 0.40259671211242676, 0.1752634346485138
65590.69617754167, 0.030029296875, -0.80035400390625, -0.4791107177734375, 0.17574812471866608, 0.43408992886543274, 0.15012319386005402
65590.70624554167, 0.0367889404296875, -0.7954254150390625, -0.4832305908203125, 0.13631150126457214, 0.4464467167854309, 0.13137853145599365
65590.71631254167, 0.0443572998046875, -0.7957000732421875, -0.4866943359375, 0.0982394814491272, 0.44726699590682983, 0.12224841117858887
65590.72638054167, 0.0489349365234375, -0.7982177734375, -0.48980712890625, 0.05540173873305321, 0.4417196214199066, 0.12166198343038559
65590.73644754167, 0.05645751953125, -0.7961273193359375, -0.4926910400390625, 0.017659952864050865, 0.42055973410606384, 0.1224854364991188
65590.74651554167, 0.0673065185546875, -0.794281005859375, -0.4987945556640625, -0.012044145725667477, 0.39430949091911316, 0.12926797568798065
65590.75658254167, 0.0829315185546875, -0.794891357421875, -0.502899169921875, -0.030427681282162666, 0.3746207356452942, 0.13829022645950317
65590.76665054167, 0.08587646484375, -0.7942047119140625, -0.508270263671875, -0.041367679834365845, 0.353266179561615, 0.14634229242801666
65590.77671754167, 0.0789337158203125, -0.795013427734375, -0.5123443603515625, -0.05314550921320915, 0.3165198862552643, 0.1513301283121109
65590.78678554167, 0.0713043212890625, -0.795745849609375, -0.510833740234375, -0.05601666495203972, 0.2802060842514038, 0.14495691657066345
65590.79685254167, 0.069061279296875, -0.79736328125, -0.5018157958984375, -0.05790138244628906, 0.24590377509593964, 0.1346885710954666
65590.80692054167, 0.0661163330078125, -0.803863525390625, -0.49273681640625, -0.0696115717291832, 0.21175645291805267, 0.12200713157653809
65590.81698754166, 0.0645599365234375, -0.8087615966796875, -0.4836883544921875, -0.07974009960889816, 0.18164277076721191, 0.1005292683839798
65590.82705554167, 0.0645751953125, -0.8101806640625, -0.4759674072265625, -0.09514462202787399, 0.15166622400283813, 0.07781916111707687
65590.83712254168, 0.0658416748046875, -0.8130340576171875, -0.473541259765625, -0.10752273350954056, 0.12702105939388275, 0.05524487793445587
65590.84719054167, 0.0665130615234375, -0.8094024658203125, -0.481475830078125, -0.115297831594944, 0.10055643320083618, 0.030649522319436073
65590.85725754168, 0.05810546875, -0.8072662353515625, -0.4897613525390625, -0.1026960164308548, 0.06485596299171448, -0.0003099919413216412
65590.86732554167, 0.046600341796875, -0.803741455078125, -0.49737548828125, -0.08819563686847687, 0.032273516058921814, -0.04308435320854187
65590.87739354167, 0.03924560546875, -0.8034210205078125, -0.5025634765625, -0.0615491159260273, -0.0028818065766245127, -0.08184932917356491
65590.88746054166, 0.0450439453125, -0.803741455078125, -0.5023956298828125, -0.03430577740073204, -0.022219818085432053, -0.11579903960227966
65590.89752854167, 0.0548553466796875, -0.8060150146484375, -0.50048828125, -0.010094712488353252, -0.01691586710512638, -0.14185726642608643
65590.90759554168, 0.057708740234375, -0.8075408935546875, -0.4961700439453125, 0.0065596322529017925, -0.007594802882522345, -0.15674008429050446
65590.91766354167, 0.0648345947265625, -0.80682373046875, -0.489532470703125, 0.015293202362954617, 0.01077035628259182, -0.16323420405387878
65590.92773054168, 0.068389892578125, -0.8075714111328125, -0.4886932373046875, 0.019466642290353775, 0.03711381182074547, -0.15984106063842773
65590.93779854166, 0.0658416748046875, -0.8114776611328125, -0.4888916015625, 0.013508351519703865, 0.05403580516576767, -0.1583275943994522
65590.94786554168, 0.0629119873046875, -0.8162384033203125, -0.4853515625, 0.002834402257576585, 0.06975670903921127, -0.15125475823879242
65590.95793354166, 0.0687408447265625, -0.82269287109375, -0.479095458984375, -0.002816559048369527, 0.08511941879987717, -0.1433877944946289
65590.96800054167, 0.07366943359375, -0.8369903564453125, -0.4706268310546875, -0.01907302625477314, 0.09376617521047592, -0.13101953268051147
65590.97806854168, 0.0789337158203125, -0.8526458740234375, -0.46551513671875, -0.03846696391701698, 0.10094951838254929, -0.11651276051998138
65590.98813654167, 0.085174560546875, -0.8619842529296875, -0.46600341796875, -0.055510930716991425, 0.09555022418498993, -0.09620429575443268
65590.99820354168, 0.082916259765625, -0.8668365478515625, -0.47296142578125, -0.07349472492933273, 0.07090239971876144, -0.07942212373018265
65591.00827154166, 0.0833282470703125, -0.8675384521484375, -0.48101806640625, -0.08872054517269135, 0.03411030024290085, -0.06670765578746796
65591.01833854167, 0.08282470703125, -0.8665313720703125, -0.4910736083984375, -0.09471851587295532, 0.004246676806360483, -0.054596930742263794
65591.02840654166, 0.07879638671875, -0.86236572265625, -0.504608154296875, -0.09042417258024216, -0.025493109598755836, -0.05090925469994545
65591.03847354167, 0.08074951171875, -0.8577728271484375, -0.51507568359375, -0.06774362921714783, -0.038771096616983414, -0.052078913897275925
65591.04854154168, 0.085784912109375, -0.85894775390625, -0.5236358642578125, -0.03707147017121315, -0.03779345005750656, -0.04998327046632767
65591.05860854167, 0.0903472900390625, -0.8663482666015625, -0.5282440185546875, -0.009235842153429985, -0.02787051349878311, -0.043346673250198364
65591.06867654168, 0.0966949462890625, -0.868804931640625, -0.5338897705078125, 0.01230353768914938, -0.006204898934811354, -0.03843633830547333
65591.07874354167, 0.09844970703125, -0.87408447265625, -0.5385589599609375, 0.02375832572579384, 0.002132392954081297, -0.034631747752428055
65591.08881154167, 0.0975494384765625, -0.8792572021484375, -0.5432281494140625, 0.030777620151638985, 0.0009302421822212636, -0.035226162523031235
65591.09887954168, 0.107147216796875, -0.879364013671875, -0.551605224609375, 0.04045368358492851, -0.012313125655055046, -0.03940492868423462
65591.10894654167, 0.1222991943359375, -0.8799896240234375, -0.5619964599609375, 0.06260159611701965, -0.03495132550597191, -0.039139945060014725
65591.11901454168, 0.1301116943359375, -0.8816375732421875, -0.5781707763671875, 0.08841321617364883, -0.06376513093709946, -0.0399538092315197
65591.12908154167, 0.1365966796875, -0.889617919921875, -0.5926055908203125, 0.140357106924057, -0.11811545491218567, -0.03495319187641144
65591.13914954168, 0.1558685302734375, -0.8885650634765625, -0.5988922119140625, 0.19495217502117157, -0.17117734253406525, -0.014977884478867054
65591.14921654167, 0.165283203125, -0.88824462890625, -0.601165771484375, 0.23231899738311768, -0.23653770983219147, -0.0005587312043644488
65591.15928454167, 0.1636810302734375, -0.889068603515625, -0.5997467041015625, 0.24761991202831268, -0.312503844499588, 0.00017097493400797248
65591.16935154167, 0.155548095703125, -0.8974151611328125, -0.5983123779296875, 0.2399718463420868, -0.39856335520744324, -0.008026767522096634
65591.17941954167, 0.1587066650390625, -0.896270751953125, -0.604949951171875, 0.2101828008890152, -0.47744220495224, -0.012929380871355534
65591.18948654167, 0.1835174560546875, -0.877471923828125, -0.626678466796875, 0.1456000804901123, -0.5055058002471924, -0.022779347375035286
65591.19955454167, 0.1893157958984375, -0.8881683349609375, -0.6353607177734375, 0.19212336838245392, -0.6215525269508362, -0.028448686003684998
65591.20962291666, 0.159912109375, -0.9306793212890625, -0.65118408203125, 0.2738123834133148, -0.7193416357040405, 0.02460308000445366
65591.21968991667, 0.1995849609375, -0.8685302734375, -0.6572418212890625, 0.3071540892124176, -0.7095814347267151, 0.09342049807310104
65591.22975791668, 0.16748046875, -0.8796234130859375, -0.643310546875, 0.3301997482776642, -0.6902234554290771, 0.15311285853385925
65591.23982491667, 0.125244140625, -0.887237548828125, -0.62066650390625, 0.31299519538879395, -0.62254798412323, 0.20721843838691711
65591.24989291668, 0.105224609375, -0.8808135986328125, -0.6098785400390625, 0.26067179441452026, -0.5289106965065002, 0.24948492646217346
65591.25995991667, 0.075897216796875, -0.8678741455078125, -0.6011199951171875, 0.1986052393913269, -0.45510199666023254, 0.27367573976516724
65591.27002791667, 0.04840087890625, -0.83013916015625, -0.6183319091796875, 0.13996721804141998, -0.45406416058540344, 0.270774781703949
65591.28009491667, 0.0538787841796875, -0.825164794921875, -0.62103271484375, 0.11263679713010788, -0.3717000484466553, 0.2834300994873047
65591.29016291667, 0.0439605712890625, -0.8394012451171875, -0.6067352294921875, 0.08224800229072571, -0.3268047571182251, 0.3098635971546173
65591.30023091668, 0.0366058349609375, -0.8408050537109375, -0.595947265625, 0.04262309521436691, -0.30669575929641724, 0.33682942390441895
65591.31029791667, 0.0193634033203125, -0.8419036865234375, -0.56927490234375, -0.01732173189520836, -0.3048717677593231, 0.34723493456840515
65591.32036591668, -0.0167694091796875, -0.845458984375, -0.5465545654296875, -0.10861622542142868, -0.32928335666656494, 0.3479244112968445
65591.33043291667, -0.0303802490234375, -0.8410797119140625, -0.5332794189453125, -0.20619577169418335, -0.3103642463684082, 0.33676522970199585
65591.34050091667, -0.0576629638671875, -0.821746826171875, -0.5166015625, -0.24867959320545197, -0.2861529290676117, 0.31052032113075256
65591.35056791667, -0.0826263427734375, -0.796142578125, -0.51544189453125, -0.2511289119720459, -0.24547314643859863, 0.2717313766479492
65591.36063591667, -0.10150146484375, -0.7714385986328125, -0.52069091796875, -0.22531087696552277, -0.21100890636444092, 0.21578475832939148
65591.37070391668, -0.1311492919921875, -0.7581939697265625, -0.5169677734375, -0.19565178453922272, -0.16881032288074493, 0.1446985900402069
65591.38077091667, -0.1472320556640625, -0.74755859375, -0.530181884765625, -0.16903668642044067, -0.12434245645999908, 0.07535387575626373
65591.39083891668, -0.1384124755859375, -0.7477874755859375, -0.528350830078125, -0.1451667845249176, 0.002870887517929077, 0.025483256205916405
65591.40090591667, -0.1216888427734375, -0.7655181884765625, -0.5323638916015625, -0.12272591888904572, 0.13690058887004852, 0.01823573000729084
65591.41097391667, -0.0877838134765625, -0.7790679931640625, -0.5538482666015625, -0.12782160937786102, 0.2346940040588379, 0.031565647572278976
65591.42104091667, -0.0636749267578125, -0.79107666015625, -0.56475830078125, -0.1508219987154007, 0.28622058033943176, 0.05365923419594765
65591.43110891667, -0.03985595703125, -0.803741455078125, -0.580810546875, -0.1799149066209793, 0.30140912532806396, 0.061051901429891586
65591.44117691668, -0.0185699462890625, -0.8062286376953125, -0.5951385498046875, -0.20380745828151703, 0.28038346767425537, 0.07330004870891571
65591.45124391667, -0.010284423828125, -0.803985595703125, -0.6175994873046875, -0.19672903418540955, 0.25184929370880127, 0.07840932160615921
65591.46131191668, -0.0072021484375, -0.7988433837890625, -0.6292266845703125, -0.15793849527835846, 0.22659346461296082, 0.07424839586019516
65591.47137891667, -0.0017547607421875, -0.7948150634765625, -0.62506103515625, -0.1006387248635292, 0.2042359560728073, 0.07632779330015182
65591.48144691667, -0.002593994140625, -0.7974395751953125, -0.61285400390625, -0.04670678451657295, 0.19646112620830536, 0.07254264503717422
65591.49151391667, -0.01361083984375, -0.80523681640625, -0.600189208984375, -0.002484995638951659, 0.19668243825435638, 0.06449403613805771
65591.50158191667, -0.0202178955078125, -0.8070831298828125, -0.5880279541015625, 0.03786082938313484, 0.19961564242839813, 0.04981070011854172
65591.51164991668, -0.0285797119140625, -0.810577392578125, -0.57586669921875, 0.06259360909461975, 0.19402992725372314, 0.029559222981333733
65591.52171691667, -0.0339202880859375, -0.8186187744140625, -0.5695953369140625, 0.0758521556854248, 0.18192026019096375, -0.0012756541837006807
65591.53178491667, -0.028167724609375, -0.830657958984375, -0.5644378662109375, 0.08760787546634674, 0.16364778578281403, -0.02178465761244297
65591.54185191667, -0.0165557861328125, -0.8407440185546875, -0.5669403076171875, 0.10367073863744736, 0.14356781542301178, -0.02088078111410141
65591.55191991667, -0.009613037109375, -0.84747314453125, -0.5703277587890625, 0.13392823934555054, 0.1381155252456665, 0.004769455175846815
65591.56198691667, -0.0128021240234375, -0.8482513427734375, -0.576873779296875, 0.17153820395469666, 0.14098268747329712, 0.02767130918800831
65591.57205491667, -0.0242156982421875, -0.838348388671875, -0.574462890625, 0.20418108999729156, 0.13716956973075867, 0.04526148736476898
65591.58212291668, -0.0390777587890625, -0.829986572265625, -0.56060791015625, 0.23663464188575745, 0.1327010542154312, 0.04861893504858017
65591.59218991667, -0.049072265625, -0.82855224609375, -0.5409393310546875, 0.26177966594696045, 0.13784176111221313, 0.04831134155392647
65591.60225791667, -0.051239013671875, -0.8369903564453125, -0.5223541259765625, 0.27885693311691284, 0.16854427754878998, 0.04596882313489914
65591.61232491667, -0.044830322265625, -0.8461151123046875, -0.5103759765625, 0.28005561232566833, 0.2089870423078537, 0.04591689258813858
65591.62239291667, -0.0305328369140625, -0.8539581298828125, -0.5114288330078125, 0.267751544713974, 0.2357206493616104, 0.0442686602473259
65591.63245991667, -0.0059967041015625, -0.859222412109375, -0.5192108154296875, 0.24659593403339386, 0.2247375100851059, 0.054190535098314285
65591.64252791667, 0.0135040283203125, -0.8620452880859375, -0.522430419921875, 0.22218699753284454, 0.19621318578720093, 0.0767003670334816
65591.65259591668, 0.02874755859375, -0.8709716796875, -0.5223236083984375, 0.19668669998645782, 0.14744192361831665, 0.10493600368499756
65591.66266291667, 0.0479888916015625, -0.8725128173828125, -0.517608642578125, 0.17623814940452576, 0.10945458710193634, 0.14615854620933533
65591.67273091667, 0.057647705078125, -0.8756103515625, -0.52215576171875, 0.16764065623283386, 0.08065063506364822, 0.19822600483894348
65591.68279791667, 0.046051025390625, -0.8710479736328125, -0.531585693359375, 0.16762122511863708, 0.06429829448461533, 0.23894627392292023
65591.69286591667, 0.026275634765625, -0.856842041015625, -0.5286102294921875, 0.17752605676651, 0.0400874987244606, 0.25350603461265564
65591.70293391668, 0.0056915283203125, -0.84759521484375, -0.5155029296875, 0.19383151829242706, 0.031498003751039505, 0.2557079493999481
65591.71300091667, -0.01953125, -0.8419952392578125, -0.49822998046875, 0.21008984744548798, 0.042277947068214417, 0.25324583053588867
65591.72306891668, -0.046112060546875, -0.8404541015625, -0.4832305908203125, 0.21743564307689667, 0.04910656064748764, 0.24341824650764465
65591.73313591667, -0.0596771240234375, -0.83477783203125, -0.4736175537109375, 0.21488194167613983, 0.06190358102321625, 0.22369487583637238
65591.74320391667, -0.0748138427734375, -0.834075927734375, -0.4668121337890625, 0.21031968295574188, 0.07229577004909515, 0.20579390227794647
65591.75327191668, -0.08245849609375, -0.8401641845703125, -0.4629364013671875, 0.2162201851606369, 0.09851326048374176, 0.18202999234199524
65591.76333891667, -0.07781982421875, -0.85186767578125, -0.458648681640625, 0.2237689197063446, 0.15838058292865753, 0.17343410849571228
65591.77340691668, -0.0706329345703125, -0.8621368408203125, -0.46038818359375, 0.21689076721668243, 0.2443428933620453, 0.17008624970912933
65591.78347391667, -0.0662841796875, -0.8643646240234375, -0.46478271484375, 0.20038822293281555, 0.335107684135437, 0.16171832382678986
65591.79354191668, -0.0594482421875, -0.85772705078125, -0.4775238037109375, 0.18075193464756012, 0.40549689531326294, 0.15007977187633514
65591.80360891667, -0.0415191650390625, -0.848785400390625, -0.4902191162109375, 0.17078745365142822, 0.43014204502105713, 0.13504862785339355
65591.81367691667, -0.013916015625, -0.8462066650390625, -0.5027923583984375, 0.18474134802818298, 0.43398553133010864, 0.1298549324274063
65591.82374491668, 0.0158843994140625, -0.844635009765625, -0.5084991455078125, 0.20217600464820862, 0.4355038106441498, 0.13689260184764862
65591.83381191667, 0.035125732421875, -0.8508148193359375, -0.5081024169921875, 0.2192588448524475, 0.42307162284851074, 0.1525607854127884
65591.84387991668, 0.0417327880859375, -0.863555908203125, -0.4914398193359375, 0.21162089705467224, 0.4017775356769562, 0.17339415848255157
65591.85394691667, 0.0457000732421875, -0.87176513671875, -0.4701080322265625, 0.1804288923740387, 0.3751829266548157, 0.20046626031398773
65591.86401491667, 0.0474090576171875, -0.8793182373046875, -0.4592437744140625, 0.13107599318027496, 0.349151611328125, 0.22003382444381714
65591.87408291666, 0.046356201171875, -0.8841400146484375, -0.4598236083984375, 0.09005239605903625, 0.31312915682792664, 0.24250824749469757
65591.88414991667, 0.03912353515625, -0.8797607421875, -0.4695281982421875, 0.05513835325837135, 0.26651665568351746, 0.26459357142448425
65591.89421791668, 0.0221099853515625, -0.875579833984375, -0.4763031005859375, 0.03237844631075859, 0.20979903638362885, 0.2741979956626892
65591.90428491667, 0.0083465576171875, -0.87457275390625, -0.4722900390625, 0.016594689339399338, 0.15235118567943573, 0.27451226115226746
65591.91435291668, 0.000335693359375, -0.8817291259765625, -0.4652862548828125, 0.005505020264536142, 0.12252990901470184, 0.276041179895401
65591.92442091666, -0.008056640625, -0.8913116455078125, -0.4582672119140625, -0.011096592992544174, 0.10069997608661652, 0.2828626036643982
65591.93448791667, -0.0187835693359375, -0.8979339599609375, -0.447418212890625, -0.04424762353301048, 0.10454744845628738, 0.2854405343532562
65591.94455591666, -0.023895263671875, -0.90203857421875, -0.44244384765625, -0.09031231701374054, 0.12005902826786041, 0.2772185504436493
65591.95462291667, -0.0208892822265625, -0.9070281982421875, -0.44482421875, -0.13753975927829742, 0.1615888923406601, 0.26091229915618896
65591.96469091668, -0.012786865234375, -0.9012451171875, -0.46490478515625, -0.18308113515377045, 0.2306356132030487, 0.23962856829166412
65591.97475891667, 0.003082275390625, -0.89532470703125, -0.5024566650390625, -0.2109026461839676, 0.2802566885948181, 0.2179214060306549
65591.98482591668, 0.027862548828125, -0.8809356689453125, -0.5488128662109375, -0.21552270650863647, 0.30078884959220886, 0.20030219852924347
65591.99489391666, 0.0506744384765625, -0.8733062744140625, -0.5933380126953125, -0.18911851942539215, 0.2816700339317322, 0.1960270255804062
65592.00496091667, 0.0686187744140625, -0.8599395751953125, -0.6208953857421875, -0.15181322395801544, 0.2392275035381317, 0.19422753155231476
65592.01502891668, 0.0750732421875, -0.845672607421875, -0.6297454833984375, -0.11458543688058853, 0.18567399680614471, 0.19431008398532867
65592.02509691667, 0.069580078125, -0.834869384765625, -0.6230621337890625, -0.07816244661808014, 0.13899622857570648, 0.19336973130702972
65592.03516391668, 0.059051513671875, -0.8278045654296875, -0.606475830078125, -0.04296078160405159, 0.11005193740129471, 0.1745976358652115
65592.04523191667, 0.046173095703125, -0.822723388671875, -0.58013916015625, -0.0038184402510523796, 0.10587876290082932, 0.14051929116249084
65592.05529891668, 0.0420989990234375, -0.823638916015625, -0.5543212890625, 0.03720036521553993, 0.12229342013597488, 0.09868449717760086
65592.06536691666, 0.0480194091796875, -0.8299560546875, -0.5296478271484375, 0.07716349512338638, 0.13648220896720886, 0.0575178861618042
65592.07543491667, 0.0571136474609375, -0.8399505615234375, -0.5059661865234375, 0.10993236303329468, 0.14656174182891846, 0.031088409945368767
65592.08550191668, 0.0620574951171875, -0.8535003662109375, -0.486724853515625, 0.1251848191022873, 0.1610429435968399, 0.01811482198536396
65592.09556991667, 0.059539794921875, -0.8653717041015625, -0.46868896484375, 0.11629065871238708, 0.17698436975479126, 0.010774617083370686
65592.10563691668, 0.05975341796875, -0.8729095458984375, -0.45458984375, 0.08467627316713333, 0.19233135879039764, 0.012819658033549786
65592.11570491666, 0.061309814453125, -0.8847198486328125, -0.4430999755859375, 0.046307843178510666, 0.221722811460495, 0.020476246252655983
65592.12577291667, 0.058502197265625, -0.8920135498046875, -0.442169189453125, 0.0023515713401138783, 0.2600955069065094, 0.027156785130500793
65592.13583991666, 0.057586669921875, -0.8943023681640625, -0.4492340087890625, -0.03200533613562584, 0.2951136529445648, 0.03370123729109764
65592.14590791667, 0.061614990234375, -0.8925323486328125, -0.4619598388671875, -0.05632052943110466, 0.31703653931617737, 0.03991199657320976
65592.15597491668, 0.0745697021484375, -0.8917694091796875, -0.4766693115234375, -0.06999079883098602, 0.3253333568572998, 0.05359691381454468
65592.16604291667, 0.08404541015625, -0.89019775390625, -0.4860076904296875, -0.08359742164611816, 0.3185204565525055, 0.06891435384750366
65592.17611091667, 0.0885772705078125, -0.88824462890625, -0.4904937744140625, -0.08873599767684937, 0.29373788833618164, 0.08219020813703537
65592.18617791666, 0.092437744140625, -0.883392333984375, -0.491485595703125, -0.07882930338382721, 0.2621626555919647, 0.09415525943040848
65592.19624591667, 0.085662841796875, -0.87957763671875, -0.4892730712890625, -0.05272526293992996, 0.21928735077381134, 0.10158760845661163
65592.20631391667, 0.0775299072265625, -0.8725128173828125, -0.47955322265625, -0.02558232471346855, 0.17947974801063538, 0.09879075735807419
65592.216380125, 0.0670623779296875, -0.8680267333984375, -0.4688720703125, -0.006427273154258728, 0.15395042300224304, 0.08454178273677826
65592.226448125, 0.0545654296875, -0.8669891357421875, -0.45538330078125, 0.014664163812994957, 0.13722310960292816, 0.059414058923721313
65592.236515125, 0.0468292236328125, -0.8654022216796875, -0.4435272216796875, 0.04018097370862961, 0.13382011651992798, 0.030732613056898117
65592.246583125, 0.042144775390625, -0.8657073974609375, -0.4326934814453125, 0.06367325037717819, 0.15538932383060455, 0.0038637141697108746
65592.256651125, 0.0372772216796875, -0.8681640625, -0.428009033203125, 0.08314228802919388, 0.17330867052078247, -0.02551974169909954
65592.266718125, 0.0357666015625, -0.875335693359375, -0.4246063232421875, 0.08684089034795761, 0.18497198820114136, -0.051899950951337814
65592.276786125, 0.0388946533203125, -0.8805389404296875, -0.423828125, 0.08857487142086029, 0.20129317045211792, -0.0652993768453598
65592.286853125, 0.04425048828125, -0.8817901611328125, -0.429595947265625, 0.07919495552778244, 0.2132294476032257, -0.07300310581922531
65592.296921125, 0.050537109375, -0.8824462890625, -0.4367218017578125, 0.07255861908197403, 0.22053396701812744, -0.07925967127084732
65592.306989125, 0.0576171875, -0.877685546875, -0.44989013671875, 0.07142198830842972, 0.2252219319343567, -0.07963383942842484
65592.317056125, 0.0613861083984375, -0.8751373291015625, -0.4657745361328125, 0.07836644351482391, 0.22202959656715393, -0.08229940384626389
65592.327124125, 0.062652587890625, -0.8757781982421875, -0.4754180908203125, 0.10414131730794907, 0.2128736525774002, -0.08346426486968994
65592.33719212501, 0.0634307861328125, -0.8749542236328125, -0.4832000732421875, 0.1358124315738678, 0.2120712399482727, -0.08227143436670303
65592.347259125, 0.0611724853515625, -0.8746795654296875, -0.4842681884765625, 0.16595888137817383, 0.2060234695672989, -0.080180324614048
65592.357327125, 0.0582427978515625, -0.880828857421875, -0.476287841796875, 0.18936380743980408, 0.18843701481819153, -0.0727013647556305
65592.367394125, 0.0556182861328125, -0.8865966796875, -0.4630126953125, 0.19854770600795746, 0.1839085817337036, -0.0699298158288002
65592.377462125, 0.0525665283203125, -0.8898773193359375, -0.4496917724609375, 0.18879415094852448, 0.1768602579832077, -0.06354089081287384
65592.38753012501, 0.0498504638671875, -0.8932647705078125, -0.444000244140625, 0.17630472779273987, 0.16695916652679443, -0.05987398698925972
65592.397597125, 0.054290771484375, -0.8915863037109375, -0.447906494140625, 0.16142964363098145, 0.1509154736995697, -0.05811470374464989
65592.407665125, 0.058990478515625, -0.8915252685546875, -0.4546356201171875, 0.1558913290500641, 0.11409807950258255, -0.052449360489845276
65592.41773312501, 0.0641937255859375, -0.89080810546875, -0.465850830078125, 0.15110109746456146, 0.0763874500989914, -0.04507826268672943
65592.427800125, 0.0648956298828125, -0.8983306884765625, -0.47711181640625, 0.1608908772468567, 0.028618594631552696, -0.03561684861779213
65592.43786812501, 0.067474365234375, -0.9095458984375, -0.47601318359375, 0.17363063991069794, -0.029693180695176125, -0.024208933115005493
65592.447935125, 0.065521240234375, -0.9206695556640625, -0.46929931640625, 0.1886221170425415, -0.07411657273769379, -0.016566725447773933
65592.45800312501, 0.0573577880859375, -0.9306640625, -0.461090087890625, 0.1861075609922409, -0.0907895565032959, -0.02436765655875206
65592.46807112501, 0.04522705078125, -0.93316650390625, -0.4590301513671875, 0.15657496452331543, -0.08034517616033554, -0.044128578156232834
65592.478138125, 0.032745361328125, -0.929107666015625, -0.471221923828125, 0.1269744634628296, -0.06664694100618362, -0.0708017349243164
65592.48820612501, 0.0254974365234375, -0.9182891845703125, -0.4889678955078125, 0.0948876291513443, -0.07569742202758789, -0.09003375470638275
65592.498274125, 0.0261077880859375, -0.9047393798828125, -0.50653076171875, 0.07287181168794632, -0.09713533520698547, -0.10108640044927597
65592.50834112501, 0.0261383056640625, -0.901824951171875, -0.51934814453125, 0.043899279087781906, -0.12940512597560883, -0.10687851160764694
65592.518409125, 0.026092529296875, -0.9037322998046875, -0.5164947509765625, 0.012897955253720284, -0.1611313670873642, -0.10637997090816498
65592.52847612501, 0.020599365234375, -0.905181884765625, -0.512786865234375, -0.02653706818819046, -0.1762634515762329, -0.09733374416828156
65592.53854412501, 0.0167083740234375, -0.90020751953125, -0.5151214599609375, -0.07172025740146637, -0.16638045012950897, -0.09185002744197845
65592.548612125, 0.0132293701171875, -0.8896636962890625, -0.520660400390625, -0.10556051135063171, -0.14716894924640656, -0.08695593476295471
65592.55867912501, 0.022308349609375, -0.874420166015625, -0.534454345703125, -0.13055002689361572, -0.11453669518232346, -0.07717814296483994
65592.568747125, 0.032501220703125, -0.8611297607421875, -0.546875, -0.1347612738609314, -0.0930042415857315, -0.06168041005730629
65592.578815125, 0.0431976318359375, -0.849517822265625, -0.553741455078125, -0.128474622964859, -0.07711102813482285, -0.04217914491891861
65592.588882125, 0.0550689697265625, -0.836151123046875, -0.5578765869140625, -0.11718201637268066, -0.06811647117137909, -0.017538513988256454
65592.598950125, 0.0539703369140625, -0.8280792236328125, -0.555755615234375, -0.10412560403347015, -0.0697372704744339, 0.004642955027520657
65592.609018125, 0.0462799072265625, -0.82177734375, -0.5512542724609375, -0.09912285208702087, -0.07767535001039505, 0.007778827100992203
65592.619085125, 0.044830322265625, -0.819671630859375, -0.5457916259765625, -0.08602356165647507, -0.0826386883854866, 0.00708773685619235
65592.629153125, 0.047454833984375, -0.8219146728515625, -0.549468994140625, -0.0580902025103569, -0.09420932084321976, 0.008778844028711319
65592.639220125, 0.0471343994140625, -0.8209991455078125, -0.5526275634765625, -0.023331156000494957, -0.09782855957746506, 0.013139770366251469
65592.649288125, 0.03289794921875, -0.8173065185546875, -0.5448760986328125, 0.010241984389722347, -0.10743804275989532, 0.013904630206525326
65592.659356125, 0.0137481689453125, -0.8148651123046875, -0.5308685302734375, 0.03009451925754547, -0.12009631097316742, 0.009720537811517715
65592.669423125, -0.0068817138671875, -0.818328857421875, -0.5113983154296875, 0.03369537740945816, -0.11869735270738602, -0.0016082830261439085
65592.679491125, -0.0203704833984375, -0.8264312744140625, -0.4928131103515625, 0.02900635078549385, -0.09714625775814056, -0.009797236882150173
65592.689559125, -0.0308074951171875, -0.8361358642578125, -0.4770660400390625, 0.008672583848237991, -0.043952811509370804, -0.023797208443284035
65592.699626125, -0.0356903076171875, -0.8416595458984375, -0.4708251953125, -0.01594114862382412, 0.017005348578095436, -0.045337386429309845
65592.709694125, -0.03387451171875, -0.8419952392578125, -0.47967529296875, -0.037463217973709106, 0.08068791776895523, -0.07445506006479263
65592.71976212501, -0.0193328857421875, -0.8426361083984375, -0.4908294677734375, -0.04899417236447334, 0.13583533465862274, -0.09953378140926361
65592.729829125, 0.0041046142578125, -0.8464508056640625, -0.50018310546875, -0.05379026010632515, 0.1733883023262024, -0.10509632527828217
65592.73989712501, 0.0248260498046875, -0.8550262451171875, -0.512359619140625, -0.04415467754006386, 0.21373678743839264, -0.10172370076179504
65592.749964125, 0.044830322265625, -0.858489990234375, -0.526824951171875, -0.0365084744989872, 0.24256789684295654, -0.0793246477842331
65592.760032125, 0.0543060302734375, -0.85919189453125, -0.5327301025390625, -0.02382011152803898, 0.22527040541172028, -0.0490327887237072
65592.77010012501, 0.057525634765625, -0.857421875, -0.52734375, -0.01859365776181221, 0.19720174372196198, -0.021268537268042564
65592.780167125, 0.0538787841796875, -0.85498046875, -0.5145416259765625, -0.03057362139225006, 0.17141516506671906, 0.010661698877811432
65592.79023512501, 0.0394744873046875, -0.858856201171875, -0.4984283447265625, -0.0537889301776886, 0.1323883980512619, 0.02353621833026409
65592.800303125, 0.038543701171875, -0.863555908203125, -0.480194091796875, -0.08452367037534714, 0.1084820032119751, 0.037767618894577026
65592.81037012501, 0.044281005859375, -0.8721466064453125, -0.4664306640625, -0.1237107589840889, 0.10924606025218964, 0.060572534799575806
65592.82043812501, 0.0484466552734375, -0.8795928955078125, -0.4633331298828125, -0.15077273547649384, 0.11852025240659714, 0.09013602137565613
65592.830506125, 0.0549468994140625, -0.8774566650390625, -0.469146728515625, -0.16138462722301483, 0.13271303474903107, 0.12197703868150711
65592.84057312501, 0.05670166015625, -0.865631103515625, -0.4808502197265625, -0.16129514575004578, 0.14390257000923157, 0.15364308655261993
65592.850641125, 0.0439910888671875, -0.8603515625, -0.491119384765625, -0.1521618366241455, 0.138525128364563, 0.1749875247478485
65592.860709125, 0.032257080078125, -0.8554534912109375, -0.49285888671875, -0.13671496510505676, 0.13630057871341705, 0.18598239123821259
65592.870776125, 0.0250396728515625, -0.8512115478515625, -0.48822021484375, -0.12167317420244217, 0.1396830677986145, 0.19560998678207397
65592.880844125, 0.0130615234375, -0.852813720703125, -0.4807586669921875, -0.1159210130572319, 0.1559499204158783, 0.20210009813308716
65592.890912125, 0.0071258544921875, -0.8544769287109375, -0.4758148193359375, -0.10673043876886368, 0.1845719814300537, 0.20649804174900055
65592.900979125, 0.005859375, -0.8574371337890625, -0.476104736328125, -0.09442503750324249, 0.23538614809513092, 0.2163299024105072
65592.911047125, -0.0026092529296875, -0.8553009033203125, -0.4761810302734375, -0.07961120456457138, 0.28951090574264526, 0.22369754314422607
65592.921115125, -0.0139923095703125, -0.8516387939453125, -0.4764251708984375, -0.05975254625082016, 0.3346858322620392, 0.21899865567684174
65592.931182125, -0.0251922607421875, -0.851348876953125, -0.479156494140625, -0.042384739965200424, 0.38039180636405945, 0.20956893265247345
65592.941250125, -0.039031982421875, -0.855316162109375, -0.47637939453125, -0.03370390087366104, 0.41622650623321533, 0.19663183391094208
65592.951317125, -0.039031982421875, -0.8583831787109375, -0.467376708984375, -0.032764606177806854, 0.44510823488235474, 0.1849280446767807
65592.961385125, -0.0332794189453125, -0.86279296875, -0.46014404296875, -0.05614183098077774, 0.4730626344680786, 0.1818787157535553
65592.971453125, -0.0214385986328125, -0.86956787109375, -0.4585113525390625, -0.08806434273719788, 0.4935905337333679, 0.17627915740013123
65592.981520125, -0.0006103515625, -0.87359619140625, -0.466217041015625, -0.10639487951993942, 0.5120614171028137, 0.18674618005752563
65592.991588125, 0.02301025390625, -0.8700103759765625, -0.4804229736328125, -0.10928254574537277, 0.5209481120109558, 0.20417843759059906
65593.00165612501, 0.0380096435546875, -0.8653717041015625, -0.4923248291015625, -0.09095733612775803, 0.5156974196434021, 0.22728295624256134
65593.011723125, 0.0444793701171875, -0.860260009765625, -0.5028076171875, -0.06093365699052811, 0.5083220601081848, 0.24854163825511932
65593.02179112501, 0.040191650390625, -0.8560028076171875, -0.5065155029296875, -0.03711514547467232, 0.4920586943626404, 0.2639264464378357
65593.03185912501, 0.0334014892578125, -0.85540771484375, -0.503387451171875, -0.020738834515213966, 0.47845926880836487, 0.26588839292526245
65593.041926125, 0.0316314697265625, -0.86053466796875, -0.495758056640625, -0.01251179724931717, 0.47100985050201416, 0.2674098610877991
65593.05199412501, 0.036376953125, -0.8695220947265625, -0.4923095703125, -0.014338458888232708, 0.47861477732658386, 0.27174896001815796
65593.062062125, 0.04644775390625, -0.872802734375, -0.500579833984375, -0.019641345366835594, 0.48576483130455017, 0.28072887659072876
65593.07212912501, 0.052490234375, -0.8724365234375, -0.5142364501953125, -0.017227455973625183, 0.47997644543647766, 0.29547053575515747
65593.082197125, 0.0586090087890625, -0.868682861328125, -0.5263214111328125, -0.014710236340761185, 0.47591647505760193, 0.3048613667488098
65593.092265125, 0.063812255859375, -0.86297607421875, -0.53985595703125, -0.008289887569844723, 0.46956509351730347, 0.31949731707572937
65593.10233212501, 0.0629119873046875, -0.8601226806640625, -0.5554351806640625, 0.018126007169485092, 0.45285430550575256, 0.33225011825561523
65593.112400125, 0.060638427734375, -0.8593597412109375, -0.573150634765625, 0.05789179354906082, 0.4440557360649109, 0.34455791115760803
65593.122468125, 0.0490570068359375, -0.858673095703125, -0.58740234375, 0.11108657717704773, 0.4349304139614105, 0.35103845596313477
65593.132535125, 0.03387451171875, -0.8596038818359375, -0.58709716796875, 0.1752152293920517, 0.41534048318862915, 0.35588833689689636
65593.142603125, 0.0244903564453125, -0.8639068603515625, -0.57940673828125, 0.22727736830711365, 0.43377938866615295, 0.3529391586780548
65593.152671125, 0.0026397705078125, -0.87890625, -0.56707763671875, 0.2479671984910965, 0.473335325717926, 0.3425371050834656
65593.162738125, -0.0170440673828125, -0.8837890625, -0.5576171875, 0.23114453256130219, 0.5017603039741516, 0.3277376592159271
65593.172806125, -0.03106689453125, -0.8834228515625, -0.5509490966796875, 0.19200938940048218, 0.5087953209877014, 0.3144777715206146
65593.182874125, -0.0344696044921875, -0.877166748046875, -0.5478668212890625, 0.15003983676433563, 0.5148926377296448, 0.30466800928115845
65593.192941125, -0.027679443359375, -0.869049072265625, -0.549591064453125, 0.11095581203699112, 0.5060997009277344, 0.2961355149745941
65593.203009125, -0.028045654296875, -0.858154296875, -0.548248291015625, 0.08325494080781937, 0.481518417596817, 0.2933357357978821
65593.213078, -0.03118896484375, -0.8565216064453125, -0.5372314453125, 0.058163437992334366, 0.44727203249931335, 0.28349801898002625
65593.22314500001, -0.0295562744140625, -0.8626708984375, -0.52130126953125, 0.02623000554740429, 0.4268623888492584, 0.2793557345867157
65593.233213, -0.031646728515625, -0.875885009765625, -0.5045318603515625, -0.01449691690504551, 0.43425023555755615, 0.27034440636634827
65593.243281, -0.028900146484375, -0.8828125, -0.4915313720703125, -0.0616292767226696, 0.4537414014339447, 0.25287139415740967
65593.253348, -0.024566650390625, -0.8885345458984375, -0.4934234619140625, -0.1037176102399826, 0.4765212833881378, 0.23237864673137665
65593.263416, -0.0075836181640625, -0.88775634765625, -0.511627197265625, -0.13445287942886353, 0.5128342509269714, 0.22021572291851044
65593.273484, 0.0110931396484375, -0.8801116943359375, -0.5374298095703125, -0.14844806492328644, 0.5306801199913025, 0.21733897924423218
65593.283551, 0.0261383056640625, -0.86627197265625, -0.5592193603515625, -0.14719903469085693, 0.523015558719635, 0.2105817347764969
65593.293619, 0.0413360595703125, -0.8556976318359375, -0.5738372802734375, -0.1323372721672058, 0.5058935284614563, 0.20473343133926392
65593.303687, 0.0574493408203125, -0.852325439453125, -0.5771636962890625, -0.10448060184717178, 0.48176664113998413, 0.20183858275413513
65593.313754, 0.0726470947265625, -0.85076904296875, -0.578643798828125, -0.0744880810379982, 0.47040799260139465, 0.20708315074443817
65593.323822, 0.082977294921875, -0.84564208984375, -0.5784912109375, -0.04098285362124443, 0.4585598409175873, 0.21456928551197052
65593.33389000001, 0.0922698974609375, -0.8348541259765625, -0.5735626220703125, -0.00857644435018301, 0.4456714689731598, 0.22506241500377655
65593.343957, 0.0912017822265625, -0.831329345703125, -0.561614990234375, 0.021579593420028687, 0.4276410937309265, 0.2295122891664505
65593.35402500001, 0.090911865234375, -0.8254852294921875, -0.547027587890625, 0.04029868543148041, 0.4212236702442169, 0.2313368171453476
65593.36409300001, 0.091888427734375, -0.820526123046875, -0.5334014892578125, 0.042691271752119064, 0.4260343909263611, 0.23208490014076233
65593.374161, 0.0948333740234375, -0.8211517333984375, -0.51953125, 0.03796043246984482, 0.42972180247306824, 0.22989284992218018
65593.38422800001, 0.104156494140625, -0.82147216796875, -0.5126190185546875, 0.027512051165103912, 0.43733417987823486, 0.23095358908176422
65593.394296, 0.11163330078125, -0.824371337890625, -0.51043701171875, 0.015044729225337505, 0.4379746913909912, 0.24480761587619781
65593.404364, 0.122039794921875, -0.825653076171875, -0.5144500732421875, 0.0018375811632722616, 0.44137901067733765, 0.2645552158355713
65593.414431, 0.1345367431640625, -0.8214263916015625, -0.5286712646484375, 0.001449292292818427, 0.45339012145996094, 0.2919575572013855
65593.424499, 0.1374053955078125, -0.809539794921875, -0.5387420654296875, 0.00817989930510521, 0.45050084590911865, 0.317105770111084
65593.434567, 0.1373291015625, -0.8038787841796875, -0.54248046875, 0.0216006338596344, 0.4405371844768524, 0.3337523937225342
65593.444634, 0.1365509033203125, -0.8035736083984375, -0.536163330078125, 0.028001274913549423, 0.4237334132194519, 0.3463004231452942
65593.454702, 0.1291656494140625, -0.8133544921875, -0.52301025390625, 0.032270852476358414, 0.41429439187049866, 0.3515404462814331
65593.46477, 0.1198577880859375, -0.8264617919921875, -0.5055084228515625, 0.01618882268667221, 0.3997737765312195, 0.34846556186676025
65593.474837, 0.110809326171875, -0.8394927978515625, -0.489898681640625, -0.01913481205701828, 0.40408727526664734, 0.3377636671066284
65593.484905, 0.109130859375, -0.84686279296875, -0.479248046875, -0.05904467776417732, 0.4142235517501831, 0.32541805505752563
65593.49497300001, 0.1006622314453125, -0.854522705078125, -0.4775238037109375, -0.10567715764045715, 0.427422434091568, 0.3074992299079895
65593.50504, 0.10028076171875, -0.8609619140625, -0.4889678955078125, -0.15897446870803833, 0.4284999668598175, 0.288709819316864
65593.515108, 0.0987091064453125, -0.8622589111328125, -0.499542236328125, -0.20768103003501892, 0.40917766094207764, 0.2700977921485901
65593.52517600001, 0.1011505126953125, -0.8711395263671875, -0.5138092041015625, -0.25178349018096924, 0.391558974981308, 0.2569231390953064
65593.535243, 0.1129150390625, -0.877471923828125, -0.5287017822265625, -0.27740657329559326, 0.37570545077323914, 0.25219255685806274
65593.54531100001, 0.112884521484375, -0.8803863525390625, -0.54541015625, -0.2832615375518799, 0.3465560972690582, 0.2521877586841583
65593.555379, 0.113494873046875, -0.87457275390625, -0.5604705810546875, -0.2875111401081085, 0.30668962001800537, 0.2515217065811157
65593.56544600001, 0.1096343994140625, -0.8695831298828125, -0.5696258544921875, -0.27718019485473633, 0.2767176032066345, 0.25496652722358704
65593.57551400001, 0.1024322509765625, -0.8665771484375, -0.570709228515625, -0.26495441794395447, 0.2616705000400543, 0.25509995222091675
65593.585582, 0.0950469970703125, -0.860809326171875, -0.5647735595703125, -0.2545177638530731, 0.2573401927947998, 0.25513750314712524
65593.59565, 0.0835113525390625, -0.8611907958984375, -0.5577239990234375, -0.24833230674266815, 0.2599727213382721, 0.2520034909248352
65593.605717, 0.0740509033203125, -0.857025146484375, -0.550567626953125, -0.24955549836158752, 0.2636188566684723, 0.24473199248313904
65593.615785, 0.0599822998046875, -0.8537750244140625, -0.5453338623046875, -0.24465101957321167, 0.25829386711120605, 0.23044146597385406
65593.625853, 0.048828125, -0.8525543212890625, -0.5438995361328125, -0.2384117692708969, 0.2458137571811676, 0.21370509266853333
65593.63592, 0.0420989990234375, -0.8561859130859375, -0.5454559326171875, -0.22096939384937286, 0.2433018684387207, 0.19907155632972717
65593.645988, 0.0458221435546875, -0.8628997802734375, -0.5534515380859375, -0.19973094761371613, 0.25400882959365845, 0.190379798412323
65593.656056, 0.0513916015625, -0.866729736328125, -0.562103271484375, -0.1758493185043335, 0.26727378368377686, 0.18619251251220703
65593.666123, 0.049407958984375, -0.868988037109375, -0.571197509765625, -0.14725017547607422, 0.2914179861545563, 0.1790967881679535
65593.676191, 0.0563812255859375, -0.8625335693359375, -0.57940673828125, -0.11239871382713318, 0.31530097126960754, 0.17564213275909424
65593.68625900001, 0.0644989013671875, -0.8516082763671875, -0.5793304443359375, -0.06806693226099014, 0.3304106593132019, 0.18152637779712677
65593.696327, 0.069305419921875, -0.8439178466796875, -0.5780792236328125, -0.018317755311727524, 0.33590131998062134, 0.1926538646221161
65593.70639400001, 0.0667724609375, -0.838287353515625, -0.5669403076171875, 0.034266360104084015, 0.3363947868347168, 0.20305004715919495
65593.71646200001, 0.0612945556640625, -0.8335723876953125, -0.548828125, 0.08008790761232376, 0.3493654429912567, 0.19988462328910828
65593.72653, 0.0523223876953125, -0.8431396484375, -0.5223236083984375, 0.12032721191644669, 0.3707815408706665, 0.18596693873405457
65593.73659700001, 0.0508880615234375, -0.8585662841796875, -0.4907379150390625, 0.13039875030517578, 0.42456671595573425, 0.16822177171707153
65593.746665, 0.0577392578125, -0.8631439208984375, -0.4741973876953125, 0.11986062675714493, 0.4597415030002594, 0.1368398666381836
65593.756733, 0.0676116943359375, -0.874847412109375, -0.479766845703125, 0.11703607439994812, 0.4821788966655731, 0.12622691690921783
65593.7668, 0.080352783203125, -0.8600311279296875, -0.48321533203125, 0.10680900514125824, 0.45358747243881226, 0.10031329095363617
65593.776868, 0.0775909423828125, -0.8623809814453125, -0.4869537353515625, 0.11747043579816818, 0.38714346289634705, 0.07886338979005814
65593.786936, 0.0903778076171875, -0.87750244140625, -0.4816741943359375, 0.11221548914909363, 0.3302527368068695, 0.07927192002534866
65593.797003, 0.100006103515625, -0.89013671875, -0.4818878173828125, 0.102072574198246, 0.3100300431251526, 0.10073060542345047
65593.807071, 0.102386474609375, -0.9002838134765625, -0.4816131591796875, 0.10109652578830719, 0.3141707181930542, 0.14150705933570862
65593.817139, 0.1102294921875, -0.8922271728515625, -0.4814910888671875, 0.09653506428003311, 0.32528141140937805, 0.1821463704109192
65593.82720700001, 0.103485107421875, -0.8837127685546875, -0.4848175048828125, 0.10173674672842026, 0.3125491142272949, 0.21164141595363617
65593.837274, 0.0933685302734375, -0.8744049072265625, -0.489898681640625, 0.10115857422351837, 0.2704155147075653, 0.2269684374332428
65593.84734200001, 0.087188720703125, -0.862091064453125, -0.4998626708984375, 0.10976298153400421, 0.22119790315628052, 0.2266768217086792
65593.85741, 0.08062744140625, -0.85552978515625, -0.508056640625, 0.12565219402313232, 0.1663450300693512, 0.22320698201656342
65593.867477, 0.0787353515625, -0.8524017333984375, -0.506439208984375, 0.14825844764709473, 0.10763964056968689, 0.23325775563716888
65593.87754500001, 0.07452392578125, -0.8531646728515625, -0.495635986328125, 0.1703842580318451, 0.055739693343639374, 0.25173717737197876
65593.887613, 0.06085205078125, -0.8593292236328125, -0.4766387939453125, 0.17239174246788025, 0.01727885566651821, 0.2720642685890198
65593.897681, 0.0406036376953125, -0.8681793212890625, -0.4525299072265625, 0.14827682077884674, -0.017059676349163055, 0.2923245429992676
65593.907748, 0.01934814453125, -0.873992919921875, -0.4375, 0.10813179612159729, -0.03620434179902077, 0.30244243144989014
65593.917816, -0.00152587890625, -0.8829803466796875, -0.4311981201171875, 0.06615957617759705, -0.049911901354789734, 0.30010417103767395
65593.927884, -0.0171356201171875, -0.8916473388671875, -0.4312286376953125, 0.03205327317118645, -0.04807644709944725, 0.2916465103626251
65593.937951, -0.02471923828125, -0.8981475830078125, -0.4335784912109375, 0.0071164988912642, -0.025598037987947464, 0.2766880393028259
65593.948019, -0.031219482421875, -0.9041900634765625, -0.4347686767578125, -0.024207068607211113, 0.021096495911478996, 0.26048776507377625
65593.958087, -0.0328369140625, -0.907623291015625, -0.438018798828125, -0.05516338720917702, 0.08326666057109833, 0.24956455826759338
65593.968154, -0.0289154052734375, -0.9080047607421875, -0.4409027099609375, -0.08495883643627167, 0.16157637536525726, 0.2488364428281784
65593.978222, -0.0214996337890625, -0.9055633544921875, -0.44842529296875, -0.11343894153833389, 0.25439178943634033, 0.2502734959125519
65593.98829000001, -0.0139617919921875, -0.8955535888671875, -0.465576171875, -0.1385118067264557, 0.3547269403934479, 0.25155261158943176
65593.998358, -0.007843017578125, -0.876708984375, -0.4922332763671875, -0.13751019537448883, 0.4171964228153229, 0.24884895980358124
65594.008425, 0.0035247802734375, -0.85150146484375, -0.521240234375, -0.10895178467035294, 0.4303921163082123, 0.23700615763664246
65594.01849300001, 0.0089874267578125, -0.83251953125, -0.545867919921875, -0.059721119701862335, 0.4005300998687744, 0.22649173438549042
65594.028561, 0.00830078125, -0.8206329345703125, -0.55853271484375, -0.005931392312049866, 0.34663596749305725, 0.20886559784412384
65594.03862800001, 0.007843017578125, -0.81170654296875, -0.5590972900390625, 0.0346706286072731, 0.2912946939468384, 0.186476930975914
65594.048696, 0.006256103515625, -0.80859375, -0.55389404296875, 0.06816946715116501, 0.2348247617483139, 0.1672063022851944
65594.058764, 0.0031280517578125, -0.8056640625, -0.5495758056640625, 0.10293783247470856, 0.17989866435527802, 0.1578088104724884
65594.068832, -0.0028533935546875, -0.804901123046875, -0.5438690185546875, 0.14040638506412506, 0.12733665108680725, 0.15521541237831116
65594.078899, -0.0151214599609375, -0.809356689453125, -0.5356597900390625, 0.17831380665302277, 0.07731769233942032, 0.16429120302200317
65594.088967, -0.0328826904296875, -0.821258544921875, -0.5247955322265625, 0.21011275053024292, 0.02870461530983448, 0.17031234502792358
65594.099035, -0.0627593994140625, -0.8418731689453125, -0.506988525390625, 0.22797004878520966, -0.019656792283058167, 0.16834959387779236
65594.109102, -0.0893402099609375, -0.8635711669921875, -0.4840850830078125, 0.21651659905910492, -0.044321127235889435, 0.1490699052810669
65594.11917, -0.109375, -0.8810882568359375, -0.4679718017578125, 0.1712644249200821, -0.020848024636507034, 0.11674792319536209
65594.12923800001, -0.11468505859375, -0.89007568359375, -0.4574127197265625, 0.10984021425247192, 0.03796575963497162, 0.08213934302330017
65594.139306, -0.097625732421875, -0.8914947509765625, -0.4608612060546875, 0.050390735268592834, 0.1369413435459137, 0.06381946057081223
65594.14937300001, -0.0693359375, -0.8890380859375, -0.4752655029296875, 0.008015848696231842, 0.25335824489593506, 0.07825113087892532
65594.15944100001, -0.039581298828125, -0.88226318359375, -0.4934234619140625, -0.012223643250763416, 0.36620035767555237, 0.11056485772132874
65594.169509, -0.018585205078125, -0.8762664794921875, -0.501434326171875, -0.019098326563835144, 0.45478880405426025, 0.15153279900550842
65594.17957600001, -0.0079498291015625, -0.875518798828125, -0.506317138671875, -0.03368952125310898, 0.5215915441513062, 0.1871938556432724
65594.189644, 0.00030517578125, -0.87261962890625, -0.49951171875, -0.06512041389942169, 0.5448793172836304, 0.21095004677772522
65594.199712, 0.0018768310546875, -0.86834716796875, -0.4866943359375, -0.12330488860607147, 0.5212200284004211, 0.21747586131095886
65594.20978, -0.000762939453125, -0.8686676025390625, -0.4746856689453125, -0.20329107344150543, 0.4729486405849457, 0.21254022419452667
65594.219846875, 0.004150390625, -0.861846923828125, -0.4734649658203125, -0.28493478894233704, 0.40464547276496887, 0.20145322382450104
65594.229914875, 0.010223388671875, -0.8540496826171875, -0.481964111328125, -0.33809441328048706, 0.32200199365615845, 0.18989670276641846
65594.239982875, 0.019195556640625, -0.846343994140625, -0.4993896484375, -0.3648280203342438, 0.24578845500946045, 0.1838846206665039
65594.25005087501, 0.0251312255859375, -0.8387603759765625, -0.5191192626953125, -0.3510533571243286, 0.17295926809310913, 0.1794416606426239
65594.260117875, 0.025665283203125, -0.82867431640625, -0.5328826904296875, -0.3080960512161255, 0.10672751069068909, 0.16045013070106506
65594.27018587501, 0.0149078369140625, -0.8266754150390625, -0.53912353515625, -0.2482132762670517, 0.04060761258006096, 0.1259739100933075
65594.28025387501, 0.006622314453125, -0.8308563232421875, -0.5391998291015625, -0.17540617287158966, -0.012606872245669365, 0.08889871090650558
65594.290320875, -0.0016021728515625, -0.840423583984375, -0.5307769775390625, -0.10188774764537811, -0.035539619624614716, 0.057018011808395386
65594.30038887501, -0.009796142578125, -0.8524932861328125, -0.519287109375, -0.03810184448957443, -0.010971425101161003, 0.040830254554748535
65594.310456875, -0.0140380859375, -0.8613739013671875, -0.5088043212890625, 0.026762371882796288, 0.045575473457574844, 0.035352665930986404
65594.320524875, -0.0169830322265625, -0.866058349609375, -0.4982147216796875, 0.08659640699625015, 0.12588869035243988, 0.04537414014339447
65594.330591875, -0.0225372314453125, -0.87322998046875, -0.4857940673828125, 0.13508325815200806, 0.21059931814670563, 0.062001053243875504
65594.340659875, -0.029876708984375, -0.8795013427734375, -0.470794677734375, 0.16991128027439117, 0.28632789850234985, 0.07802236080169678
65594.350727875, -0.03363037109375, -0.8824005126953125, -0.4553070068359375, 0.1839783638715744, 0.347097247838974, 0.10065044462680817
65594.360795875, -0.0354461669921875, -0.888519287109375, -0.4439544677734375, 0.17601284384727478, 0.3944791257381439, 0.12160313129425049
65594.370862875, -0.02911376953125, -0.890777587890625, -0.4381866455078125, 0.15573793649673462, 0.43029093742370605, 0.14402800798416138
65594.380930875, -0.0215911865234375, -0.89385986328125, -0.4387054443359375, 0.13922739028930664, 0.4470975995063782, 0.17792445421218872
65594.39099887501, -0.0124969482421875, -0.8945465087890625, -0.4391326904296875, 0.11969391256570816, 0.45677632093429565, 0.224229633808136
65594.401065875, -0.0062713623046875, -0.89459228515625, -0.4398345947265625, 0.09378720819950104, 0.4527645409107208, 0.2728605568408966
65594.41113387501, 0.00018310546875, -0.8924560546875, -0.4389495849609375, 0.0629185140132904, 0.4368148744106293, 0.3158927261829376
65594.421201875, 0.002838134765625, -0.8902435302734375, -0.4407501220703125, 0.025433987379074097, 0.41245466470718384, 0.36661475896835327
65594.431269875, 0.0029449462890625, -0.8895721435546875, -0.4485626220703125, -0.0004894890007562935, 0.3839966654777527, 0.40426304936408997
65594.44133687501, 0.005340576171875, -0.887542724609375, -0.457122802734375, -0.019597137346863747, 0.3521963953971863, 0.4326949715614319
65594.451404875, 0.008819580078125, -0.880828857421875, -0.4647216796875, -0.0292364489287138, 0.3217521905899048, 0.4550015926361084
65594.461472875, 0.009063720703125, -0.8788299560546875, -0.4679412841796875, -0.032876722514629364, 0.28392651677131653, 0.4745334982872009
65594.471540875, 0.0099945068359375, -0.8756256103515625, -0.463043212890625, -0.041361287236213684, 0.24353621900081635, 0.4909931719303131
65594.481607875, 0.0077667236328125, -0.8775482177734375, -0.4578857421875, -0.051418982446193695, 0.22816473245620728, 0.5022096037864685
65594.491675875, -0.0048675537109375, -0.8879547119140625, -0.4515380859375, -0.06021220609545708, 0.21878454089164734, 0.5140641331672668
65594.50174387501, -0.0153961181640625, -0.89141845703125, -0.4488372802734375, -0.07038921117782593, 0.22813862562179565, 0.528019905090332
65594.51181187501, -0.0193939208984375, -0.891845703125, -0.45513916015625, -0.06987655162811279, 0.2585194408893585, 0.5413268804550171
65594.521878875, -0.0254974365234375, -0.8877105712890625, -0.4655914306640625, -0.05853787809610367, 0.3010368049144745, 0.5495457053184509
65594.53194687501, -0.0305633544921875, -0.8775177001953125, -0.47833251953125, -0.037156421691179276, 0.3391799330711365, 0.5518021583557129
65594.542014875, -0.0344696044921875, -0.8648223876953125, -0.4914703369140625, -0.0011912320042029023, 0.3640594482421875, 0.5383415222167969
65594.552082875, -0.0430755615234375, -0.8557281494140625, -0.500244140625, 0.04866553843021393, 0.37878140807151794, 0.5177389979362488
65594.562149875, -0.0527801513671875, -0.8512725830078125, -0.504913330078125, 0.10759437084197998, 0.391702264547348, 0.4829448163509369
65594.572217875, -0.0571136474609375, -0.850830078125, -0.5013275146484375, 0.1673988550901413, 0.406276136636734, 0.44217103719711304
65594.582285875, -0.06451416015625, -0.8582916259765625, -0.49102783203125, 0.2217763364315033, 0.4247204065322876, 0.39976683259010315
65594.592352875, -0.0787353515625, -0.8784637451171875, -0.4774169921875, 0.2653869390487671, 0.4404471516609192, 0.35328614711761475
65594.602420875, -0.0931396484375, -0.8972015380859375, -0.4635467529296875, 0.29796725511550903, 0.44418808817863464, 0.31705304980278015
65594.612488875, -0.099853515625, -0.9083251953125, -0.4498748779296875, 0.3023585379123688, 0.46183472871780396, 0.28664401173591614
65594.62255687501, -0.0994720458984375, -0.9161224365234375, -0.43634033203125, 0.2584720253944397, 0.5125943422317505, 0.2722419202327728
65594.632623875, -0.1019287109375, -0.9267120361328125, -0.4315338134765625, 0.18204942345619202, 0.5903788805007935, 0.2671254277229309
65594.64269187501, -0.087890625, -0.9277191162109375, -0.436920166015625, 0.09509535878896713, 0.6787529587745667, 0.2792726457118988
65594.65275987501, -0.062957763671875, -0.910003662109375, -0.451751708984375, 0.009368201717734337, 0.7535896301269531, 0.30276545882225037
65594.662827875, -0.0458984375, -0.8892822265625, -0.4749755859375, -0.05723852291703224, 0.7830337882041931, 0.32171252369880676
65594.67289487501, -0.0359954833984375, -0.8726348876953125, -0.5006256103515625, -0.08969473093748093, 0.7571225762367249, 0.31950902938842773
65594.682962875, -0.0238037109375, -0.859710693359375, -0.5309906005859375, -0.09081325680017471, 0.6966506838798523, 0.3063013255596161
65594.693030875, -0.00762939453125, -0.8426513671875, -0.556976318359375, -0.07070878893136978, 0.6242377758026123, 0.30222803354263306
65594.703098875, -0.0048370361328125, -0.83880615234375, -0.571044921875, -0.02286989614367485, 0.5253476500511169, 0.3067375719547272
65594.713165875, -0.01123046875, -0.84124755859375, -0.5695037841796875, 0.023133015260100365, 0.4303516447544098, 0.32009944319725037
65594.723233875, -0.0206146240234375, -0.84832763671875, -0.555511474609375, 0.04596083238720894, 0.3561546504497528, 0.33515962958335876
65594.733301875, -0.04547119140625, -0.868499755859375, -0.53253173828125, 0.04784901440143585, 0.28477928042411804, 0.34157782793045044
65594.74336987501, -0.064178466796875, -0.8860321044921875, -0.5107574462890625, 0.0243183895945549, 0.24975097179412842, 0.34141218662261963
65594.753436875, -0.084625244140625, -0.9049224853515625, -0.494171142578125, -0.020168917253613472, 0.229365274310112, 0.3274252712726593
65594.76350487501, -0.0996246337890625, -0.9237823486328125, -0.47918701171875, -0.06879717111587524, 0.22142426669597626, 0.3102172613143921
65594.773572875, -0.1051025390625, -0.94195556640625, -0.4735260009765625, -0.12570813298225403, 0.25348418951034546, 0.29519301652908325
65594.783640875, -0.1097564697265625, -0.954437255859375, -0.4758148193359375, -0.1859315186738968, 0.32030531764030457, 0.27956053614616394
65594.79370787501, -0.104522705078125, -0.95703125, -0.4854736328125, -0.23216931521892548, 0.394693523645401, 0.2645765244960785
65594.803775875, -0.085479736328125, -0.94989013671875, -0.5077667236328125, -0.25857269763946533, 0.4868258535861969, 0.2592076063156128
65594.813843875, -0.058197021484375, -0.9358062744140625, -0.5369110107421875, -0.2555660009384155, 0.5942508578300476, 0.26957422494888306
65594.823911875, -0.030975341796875, -0.91778564453125, -0.5658721923828125, -0.22326530516147614, 0.6997660994529724, 0.28846773505210876
65594.833978875, -0.0098419189453125, -0.898345947265625, -0.5859832763671875, -0.1711895912885666, 0.7837520837783813, 0.3074720799922943
65594.844046875, 0.0100555419921875, -0.88031005859375, -0.599578857421875, -0.1134091168642044, 0.8372392654418945, 0.3275504410266876
65594.85411487501, 0.026397705078125, -0.8575286865234375, -0.6081085205078125, -0.05981752648949623, 0.8751906156539917, 0.341757595539093
65594.864182875, 0.0315093994140625, -0.83892822265625, -0.6099700927734375, -0.011936820112168789, 0.8649590015411377, 0.33472633361816406
65594.874249875, 0.039825439453125, -0.821014404296875, -0.6085357666015625, 0.025791915133595467, 0.8195207118988037, 0.3188381791114807
65594.88431787501, 0.0502471923828125, -0.8068389892578125, -0.6070404052734375, 0.058032676577568054, 0.7347227334976196, 0.3041441738605499
65594.894385875, 0.0575103759765625, -0.799102783203125, -0.6080322265625, 0.0958130806684494, 0.6303156018257141, 0.2992953658103943
65594.904453875, 0.061859130859375, -0.796630859375, -0.606231689453125, 0.13345712423324585, 0.5240432620048523, 0.29558902978897095
65594.914520875, 0.054779052734375, -0.7991485595703125, -0.5991058349609375, 0.17561230063438416, 0.42203831672668457, 0.29627081751823425
65594.924588875, 0.04046630859375, -0.8084716796875, -0.581329345703125, 0.20399734377861023, 0.3242425322532654, 0.28627222776412964
65594.934656875, 0.0244140625, -0.820068359375, -0.5602264404296875, 0.2135319858789444, 0.2554727792739868, 0.27086079120635986
65594.94472487501, 0.0073699951171875, -0.8343963623046875, -0.5371551513671875, 0.2042711079120636, 0.2131223976612091, 0.25164875388145447
65594.95479287501, -0.0054168701171875, -0.8507232666015625, -0.5262603759765625, 0.1863432377576828, 0.20304766297340393, 0.23849380016326904
65594.964859875, -0.011962890625, -0.8645477294921875, -0.5217132568359375, 0.1767369508743286, 0.22677135467529297, 0.2429679036140442
65594.97492787501, -0.0149993896484375, -0.872039794921875, -0.518951416015625, 0.1779303252696991, 0.26084092259407043, 0.2538048326969147
65594.984995875, -0.0218353271484375, -0.87548828125, -0.5134429931640625, 0.17325326800346375, 0.30508774518966675, 0.26343828439712524
65594.995063875, -0.0312652587890625, -0.8759765625, -0.5101318359375, 0.16204668581485748, 0.34212031960487366, 0.2559888958930969
65595.005130875, -0.034637451171875, -0.8729248046875, -0.5076446533203125, 0.14135819673538208, 0.37464019656181335, 0.23262685537338257
65595.015198875, -0.0286712646484375, -0.866546630859375, -0.5078277587890625, 0.11204610764980316, 0.40184810757637024, 0.21360868215560913
65595.025266875, -0.021392822265625, -0.8654937744140625, -0.514068603515625, 0.09101858735084534, 0.4111020565032959, 0.19913867115974426
65595.035334875, -0.010833740234375, -0.86016845703125, -0.5211029052734375, 0.07265742868185043, 0.40539249777793884, 0.19546456634998322
65595.045401875, -0.0069427490234375, -0.855194091796875, -0.5269317626953125, 0.05840978026390076, 0.389017790555954, 0.19355295598506927
65595.055469875, -0.0043182373046875, -0.8487091064453125, -0.5305023193359375, 0.047210387885570526, 0.3527982532978058, 0.18148431181907654
65595.06553787501, 0.00225830078125, -0.83978271484375, -0.5321502685546875, 0.03832928091287613, 0.3008604943752289, 0.17337152361869812
65595.075605875, -6.103515625e-05, -0.84063720703125, -0.5345611572265625, 0.0381348691880703, 0.24038037657737732, 0.16796423494815826
65595.08567287501, 0.00042724609375, -0.8336944580078125, -0.53955078125, 0.03952237591147423, 0.17564906179904938, 0.16360624134540558
65595.09574087501, 0.00396728515625, -0.827362060546875, -0.5415496826171875, 0.04577174782752991, 0.10697651654481888, 0.1481199562549591
65595.105808875, 0.000885009765625, -0.825958251953125, -0.539093017578125, 0.05264190584421158, 0.034084465354681015, 0.1332632452249527
65595.115876875, -0.0049285888671875, -0.831512451171875, -0.534942626953125, 0.05931925028562546, -0.0345555804669857, 0.10892727971076965
65595.125944875, -0.0116729736328125, -0.83624267578125, -0.5244140625, 0.06433957815170288, -0.09507724642753601, 0.07733100652694702
65595.136011875, -0.021484375, -0.8460540771484375, -0.50848388671875, 0.06675985455513, -0.13704760372638702, 0.04962907359004021
65595.146079875, -0.0256500244140625, -0.853851318359375, -0.4960479736328125, 0.06549112498760223, -0.14953330159187317, 0.01804158464074135
65595.15614787501, -0.0270538330078125, -0.8629302978515625, -0.489166259765625, 0.07175222039222717, -0.13099290430545807, -0.006786266807466745
65595.166215875, -0.021514892578125, -0.860809326171875, -0.4872589111328125, 0.09202419966459274, -0.09893084317445755, -0.019769709557294846
65595.176282875, -0.0175018310546875, -0.8593597412109375, -0.4889068603515625, 0.12517257034778595, -0.06661764532327652, -0.02913391776382923
65595.18635087501, -0.016998291015625, -0.8625030517578125, -0.484466552734375, 0.15321111679077148, -0.0383247509598732, -0.03977644070982933
65595.196418875, -0.0146942138671875, -0.861480712890625, -0.4764556884765625, 0.16881777346134186, -0.028796494007110596, -0.039920251816511154
65595.206486875, -0.019378662109375, -0.8663177490234375, -0.467193603515625, 0.17029450833797455, -0.033188048750162125, -0.045698776841163635
65595.216553125, -0.0258941650390625, -0.868194580078125, -0.4566802978515625, 0.15984772145748138, -0.05763533338904381, -0.053100235760211945
65595.22662112501, -0.0315093994140625, -0.8666839599609375, -0.449859619140625, 0.14648237824440002, -0.08711093664169312, -0.06629699468612671
65595.236689125, -0.028839111328125, -0.867034912109375, -0.447662353515625, 0.13887080550193787, -0.1046782061457634, -0.07722581177949905
65595.246757125, -0.0248260498046875, -0.8653564453125, -0.451171875, 0.14278724789619446, -0.09544156491756439, -0.08065782487392426
65595.256825125, -0.0218658447265625, -0.8610076904296875, -0.4525146484375, 0.15664127469062805, -0.07610275596380234, -0.09558457881212234
65595.266892125, -0.018768310546875, -0.8546142578125, -0.45294189453125, 0.1759081780910492, -0.058871570974588394, -0.1126575693488121
65595.276960125, -0.009918212890625, -0.85662841796875, -0.4500732421875, 0.18913424015045166, -0.061536066234111786, -0.12671028077602386
65595.287028125, -0.0063934326171875, -0.865142822265625, -0.4437255859375, 0.19920603930950165, -0.08846808224916458, -0.1315993070602417
65595.29709612501, -0.006561279296875, -0.88006591796875, -0.4362640380859375, 0.19742172956466675, -0.128793403506279, -0.12484552711248398
65595.307163125, -0.0071258544921875, -0.891815185546875, -0.4288177490234375, 0.1814187914133072, -0.15934544801712036, -0.1073850467801094
65595.31723112501, -0.0100250244140625, -0.9011383056640625, -0.42169189453125, 0.1633116900920868, -0.1900855153799057, -0.09765252470970154
65595.327299125, -0.014923095703125, -0.9107666015625, -0.415252685546875, 0.13869184255599976, -0.21886363625526428, -0.10285607725381851
65595.337367125, -0.01617431640625, -0.9161224365234375, -0.4138641357421875, 0.12859418988227844, -0.24305978417396545, -0.11713248491287231
65595.347435125, -0.0164794921875, -0.9220123291015625, -0.4147186279296875, 0.11989790946245193, -0.27437376976013184, -0.15026433765888214
65595.357502125, -0.00897216796875, -0.9266510009765625, -0.4185333251953125, 0.12393312901258469, -0.29750144481658936, -0.16258491575717926
65595.367570125, 0.0019989013671875, -0.9269866943359375, -0.4259033203125, 0.1380646675825119, -0.3093075156211853, -0.1594061702489853
65595.377638125, 0.0088043212890625, -0.925689697265625, -0.4264373779296875, 0.1446264237165451, -0.30984413623809814, -0.14619874954223633
65595.38770612501, 0.0190582275390625, -0.918670654296875, -0.423004150390625, 0.14428074657917023, -0.3056086599826813, -0.11747656017541885
65595.397773125, 0.02459716796875, -0.9083099365234375, -0.428466796875, 0.14966699481010437, -0.29527637362480164, -0.09913670271635056
65595.40784112501, 0.0317230224609375, -0.8906707763671875, -0.4370269775390625, 0.1742255985736847, -0.2999960482120514, -0.08774423599243164
65595.417909125, 0.0435333251953125, -0.868621826171875, -0.4471435546875, 0.21152396500110626, -0.3022021949291229, -0.0784391462802887
65595.427977125, 0.0422210693359375, -0.8631744384765625, -0.4505615234375, 0.25873807072639465, -0.3288055956363678, -0.07545854151248932
65595.438045125, 0.0290679931640625, -0.871337890625, -0.4449920654296875, 0.3049708306789398, -0.38701748847961426, -0.07831770926713943
65595.448112125, 0.02685546875, -0.87408447265625, -0.4295196533203125, 0.31915056705474854, -0.4478377103805542, -0.08689441531896591
65595.458180125, 0.0210723876953125, -0.8857574462890625, -0.411468505859375, 0.29914942383766174, -0.5012173056602478, -0.09178850799798965
65595.468248125, 0.0197906494140625, -0.896240234375, -0.394989013671875, 0.25213557481765747, -0.5392656326293945, -0.08869897574186325
65595.47831612501, 0.01983642578125, -0.90582275390625, -0.387725830078125, 0.1888870894908905, -0.5524674654006958, -0.08128207176923752
65595.488384125, 0.013702392578125, -0.91229248046875, -0.38787841796875, 0.136732280254364, -0.5507073402404785, -0.08864811062812805
65595.49845112501, 0.015625, -0.909027099609375, -0.3922119140625, 0.10023552179336548, -0.5482519268989563, -0.10885830968618393
65595.50851912501, 0.0167694091796875, -0.908355712890625, -0.4050750732421875, 0.08970831334590912, -0.5366035103797913, -0.12871696054935455
65595.518587125, 0.0217742919921875, -0.905975341796875, -0.4271087646484375, 0.10754403471946716, -0.526374340057373, -0.13900582492351532
65595.528655125, 0.021697998046875, -0.899200439453125, -0.4470977783203125, 0.14213290810585022, -0.5298771858215332, -0.14312440156936646
65595.538722125, 0.0172882080078125, -0.8957061767578125, -0.4563140869140625, 0.1735057383775711, -0.5504021644592285, -0.1495354324579239
65595.548790125, 0.0080108642578125, -0.89111328125, -0.4521026611328125, 0.1709435135126114, -0.5915243029594421, -0.16282540559768677
65595.558858125, -0.004364013671875, -0.893463134765625, -0.4444427490234375, 0.1377117931842804, -0.6427518129348755, -0.17822033166885376
65595.56892612501, -0.0141143798828125, -0.895660400390625, -0.43988037109375, 0.07853901386260986, -0.6895395517349243, -0.19325654208660126
65595.578994125, -0.020599365234375, -0.89849853515625, -0.4385528564453125, 0.010027067735791206, -0.7173479795455933, -0.20486126840114594
65595.589061125, -0.022125244140625, -0.8936767578125, -0.44708251953125, -0.057743724435567856, -0.7078772783279419, -0.20775505900382996
65595.59912912501, -0.0307159423828125, -0.8912353515625, -0.4664764404296875, -0.09757103025913239, -0.6747957468032837, -0.21309389173984528
65595.609197125, -0.036224365234375, -0.8895263671875, -0.4949188232421875, -0.09593585133552551, -0.6183223724365234, -0.21389524638652802
65595.619265125, -0.04241943359375, -0.88458251953125, -0.5313720703125, -0.04812465235590935, -0.5389556288719177, -0.195853129029274
65595.629333125, -0.0458221435546875, -0.8704681396484375, -0.5614776611328125, 0.038064826279878616, -0.44107088446617126, -0.18792197108268738
65595.639400125, -0.04864501953125, -0.850982666015625, -0.571807861328125, 0.1257089227437973, -0.35358282923698425, -0.19754768908023834
65595.649468125, -0.0582122802734375, -0.8408966064453125, -0.5622100830078125, 0.18432989716529846, -0.27303898334503174, -0.22031106054782867
65595.65953612501, -0.07427978515625, -0.8467254638671875, -0.5496673583984375, 0.20233286917209625, -0.19734129309654236, -0.24961568415164948
65595.66960412501, -0.0861358642578125, -0.8695526123046875, -0.53643798828125, 0.18878109753131866, -0.12094852328300476, -0.2830037474632263
65595.679672125, -0.089996337890625, -0.8885498046875, -0.527740478515625, 0.15427932143211365, -0.04502739757299423, -0.29169708490371704
65595.68973912501, -0.087615966796875, -0.8979949951171875, -0.524444580078125, 0.10880131274461746, 0.017844777554273605, -0.26676619052886963
65595.699807125, -0.08551025390625, -0.8948822021484375, -0.52532958984375, 0.06448285281658173, 0.05994109809398651, -0.22689200937747955
65595.709875125, -0.0867462158203125, -0.881072998046875, -0.5308074951171875, 0.02190663106739521, 0.07176979631185532, -0.1826145499944687
65595.719943125, -0.0907745361328125, -0.8617095947265625, -0.5354766845703125, -0.01859712041914463, 0.03545519709587097, -0.15870815515518188
65595.73001112501, -0.091766357421875, -0.8428955078125, -0.53753662109375, -0.060991182923316956, -0.01637551188468933, -0.14850212633609772
65595.740078125, -0.0957183837890625, -0.8355255126953125, -0.537139892578125, -0.11804807931184769, -0.06212196126580238, -0.15839336812496185
65595.750146125, -0.092071533203125, -0.833160400390625, -0.5423736572265625, -0.17561976611614227, -0.10375116020441055, -0.16316628456115723
65595.76021412501, -0.0817108154296875, -0.8281097412109375, -0.547149658203125, -0.22509783506393433, -0.17713376879692078, -0.16568723320960999
65595.770282125, -0.0770721435546875, -0.8194427490234375, -0.549285888671875, -0.2626707851886749, -0.27519747614860535, -0.16063734889030457
65595.780350125, -0.0714111328125, -0.814544677734375, -0.5595550537109375, -0.28115203976631165, -0.3753403425216675, -0.16796743869781494
65595.790417125, -0.0704803466796875, -0.811309814453125, -0.56689453125, -0.2745090425014496, -0.4704793691635132, -0.16820977628231049
65595.800485125, -0.072845458984375, -0.811431884765625, -0.57379150390625, -0.24006958305835724, -0.5492042899131775, -0.1744852513074875
65595.810553125, -0.081756591796875, -0.8167877197265625, -0.57281494140625, -0.1870362013578415, -0.6024874448776245, -0.18600742518901825
65595.820621125, -0.0919647216796875, -0.826202392578125, -0.5658721923828125, -0.11780812591314316, -0.6173266172409058, -0.19842174649238586
65595.83068912501, -0.102294921875, -0.8420562744140625, -0.5531463623046875, -0.04308488592505455, -0.597812294960022, -0.20902085304260254
65595.840756125, -0.1173858642578125, -0.8655548095703125, -0.5357513427734375, 0.018928684294223785, -0.5429103970527649, -0.2224426567554474
65595.85082412501, -0.1264801025390625, -0.8898773193359375, -0.510650634765625, 0.061527278274297714, -0.4626166522502899, -0.23143668472766876
65595.860892125, -0.1294708251953125, -0.9130096435546875, -0.492462158203125, 0.0864451453089714, -0.3527575135231018, -0.21966497600078583
65595.870960125, -0.12078857421875, -0.923614501953125, -0.4795684814453125, 0.09868476539850235, -0.2316494733095169, -0.19269753992557526
65595.881028125, -0.1190032958984375, -0.9231414794921875, -0.4717864990234375, 0.09037090837955475, -0.1114644780755043, -0.16294577717781067
65595.891095125, -0.121368408203125, -0.914642333984375, -0.4647064208984375, 0.057501375675201416, -0.02966548316180706, -0.15009282529354095
65595.901163125, -0.1175537109375, -0.89862060546875, -0.462127685546875, 0.023962324485182762, 0.0099034970626235, -0.15041853487491608
65595.911231125, -0.1075592041015625, -0.8881072998046875, -0.468292236328125, -0.010720554739236832, 0.028749089688062668, -0.15904077887535095
65595.92129912501, -0.0882110595703125, -0.8805694580078125, -0.4805755615234375, -0.03646107017993927, 0.04776805639266968, -0.1575118601322174
65595.931367125, -0.0751495361328125, -0.87738037109375, -0.4922637939453125, -0.043182890862226486, 0.051184624433517456, -0.14529487490653992
65595.94143412501, -0.06463623046875, -0.8755035400390625, -0.4968414306640625, -0.03552284091711044, 0.0400715209543705, -0.13293755054473877
65595.951502125, -0.0494232177734375, -0.869110107421875, -0.5033111572265625, -0.018802449107170105, 0.04839229956269264, -0.10870704054832458
65595.961570125, -0.04290771484375, -0.8681793212890625, -0.50360107421875, 0.007574562914669514, 0.05610162019729614, -0.08323443681001663
65595.971638125, -0.0402679443359375, -0.872772216796875, -0.5032501220703125, 0.026677150279283524, 0.07479807734489441, -0.06214273348450661
65595.981706125, -0.0381927490234375, -0.8777923583984375, -0.4998321533203125, 0.03618437051773071, 0.10024511069059372, -0.041797246783971786
65595.99177412501, -0.0384979248046875, -0.8831787109375, -0.4917755126953125, 0.03304503485560417, 0.10136976093053818, -0.028547488152980804
65596.001841125, -0.036163330078125, -0.8880615234375, -0.488983154296875, 0.024927720427513123, 0.08691758662462234, -0.025414014235138893
65596.01190912501, -0.03350830078125, -0.892852783203125, -0.49163818359375, 0.014718758873641491, 0.062065500766038895, -0.026015089824795723
65596.021977125, -0.033416748046875, -0.8919830322265625, -0.494659423828125, 0.010727212764322758, 0.022517826408147812, -0.024507740512490273
65596.032045125, -0.039215087890625, -0.8932037353515625, -0.4925384521484375, 0.007317834068089724, -0.030049778521060944, -0.031012244522571564
65596.042113125, -0.04913330078125, -0.8950958251953125, -0.48602294921875, -0.006567355245351791, -0.07887643575668335, -0.04548386111855507
65596.052180125, -0.054840087890625, -0.903106689453125, -0.4826507568359375, -0.035708460956811905, -0.10525744408369064, -0.05905479937791824
65596.062248125, -0.0538330078125, -0.9111785888671875, -0.4842529296875, -0.053572945296764374, -0.10803911834955215, -0.06339335441589355
65596.072316125, -0.048797607421875, -0.91510009765625, -0.48980712890625, -0.065425343811512, -0.09449774026870728, -0.043301135301589966
65596.08238412501, -0.0398101806640625, -0.915679931640625, -0.499176025390625, -0.06619367003440857, -0.06842326372861862, -0.010276872664690018
65596.092452125, -0.0354156494140625, -0.9150543212890625, -0.5069732666015625, -0.04994998127222061, -0.04360713064670563, 0.020386764779686928
65596.10251912501, -0.034393310546875, -0.91217041015625, -0.511444091796875, -0.022350845858454704, -0.030587203800678253, 0.05042082816362381
65596.112587125, -0.036102294921875, -0.905975341796875, -0.510772705078125, 0.005224855616688728, -0.02335326001048088, 0.07302147895097733
65596.122655125, -0.039520263671875, -0.900299072265625, -0.5092926025390625, 0.029510222375392914, -0.013972806744277477, 0.07731476426124573
65596.132723125, -0.0442352294921875, -0.891510009765625, -0.506134033203125, 0.04267023131251335, -0.007113303057849407, 0.06933566182851791
65596.142791125, -0.050872802734375, -0.8844451904296875, -0.5042724609375, 0.05784625560045242, -0.019875703379511833, 0.05354924499988556
65596.15285912501, -0.0531768798828125, -0.8718414306640625, -0.5001068115234375, 0.06751059740781784, -0.04610251262784004, 0.02773256227374077
65596.162926125, -0.05108642578125, -0.8663482666015625, -0.495086669921875, 0.08053931593894958, -0.08300673216581345, -0.002026399364694953
65596.17299412501, -0.0449371337890625, -0.8608245849609375, -0.489959716796875, 0.10838746279478073, -0.1173175722360611, -0.020120447501540184
65596.183062125, -0.040496826171875, -0.8599090576171875, -0.4806671142578125, 0.1357109546661377, -0.1368265599012375, -0.028960011899471283
65596.193130125, -0.038421630859375, -0.86529541015625, -0.462493896484375, 0.15669932961463928, -0.1432783305644989, -0.021881863474845886
65596.203198125, -0.046173095703125, -0.8742523193359375, -0.440277099609375, 0.16852536797523499, -0.13512159883975983, -0.007603857666254044
65596.213267, -0.05303955078125, -0.87969970703125, -0.41693115234375, 0.15953586995601654, -0.10044831037521362, 0.010131463408470154
65596.22333400001, -0.06195068359375, -0.884490966796875, -0.4024810791015625, 0.142955020070076, -0.038966041058301926, 0.03515399247407913
65596.233402, -0.0613555908203125, -0.8867645263671875, -0.4019317626953125, 0.13993632793426514, 0.04175250604748726, 0.0601285845041275
65596.24347, -0.0576171875, -0.8810272216796875, -0.4001007080078125, 0.14753219485282898, 0.12122229486703873, 0.09259970486164093
65596.253538, -0.0643463134765625, -0.875579833984375, -0.3983917236328125, 0.15709029138088226, 0.19309915602207184, 0.11022157967090607
65596.26360600001, -0.0625, -0.866119384765625, -0.398101806640625, 0.16194948554039001, 0.26764634251594543, 0.1125640943646431
65596.273673, -0.0594482421875, -0.8640289306640625, -0.39166259765625, 0.15145424008369446, 0.32431790232658386, 0.10689901560544968
65596.283741, -0.054779052734375, -0.8661346435546875, -0.3878326416015625, 0.12013546377420425, 0.37436509132385254, 0.0995636060833931
65596.29380900001, -0.04156494140625, -0.8692626953125, -0.39105224609375, 0.0915011540055275, 0.42105749249458313, 0.08934878557920456
65596.303877, -0.0244140625, -0.87115478515625, -0.4027252197265625, 0.07438741624355316, 0.47217580676078796, 0.08585525304079056
65596.313945, -0.012298583984375, -0.8690185546875, -0.4205322265625, 0.06954498589038849, 0.5228173732757568, 0.08722065389156342
65596.324013, -0.006256103515625, -0.8640289306640625, -0.4353179931640625, 0.08173880726099014, 0.5454076528549194, 0.07838961482048035
65596.33408, -0.0026092529296875, -0.8592681884765625, -0.44012451171875, 0.0924292653799057, 0.5429535508155823, 0.06204526126384735
65596.344148, -0.007171630859375, -0.86224365234375, -0.4373016357421875, 0.09093683212995529, 0.506508469581604, 0.040166061371564865
65596.354216, -0.007843017578125, -0.8744049072265625, -0.43145751953125, 0.07897710800170898, 0.4720578193664551, 0.01805862970650196
65596.36428400001, -0.0006561279296875, -0.8888397216796875, -0.429046630859375, 0.06073365360498428, 0.45604556798934937, 0.0009659285424277186
65596.374352, 0.0062255859375, -0.9058380126953125, -0.4279327392578125, 0.0461730882525444, 0.45500239729881287, 0.0030328077264130116
65596.38442, 0.016510009765625, -0.916046142578125, -0.4267120361328125, 0.03412467986345291, 0.4668976664543152, 0.016708938404917717
65596.394487, 0.0204620361328125, -0.923126220703125, -0.4264678955078125, 0.01979687437415123, 0.4877406358718872, 0.02984711155295372
65596.404555, 0.0167388916015625, -0.9181060791015625, -0.4259033203125, -0.0036722328513860703, 0.5005696415901184, 0.03452921658754349
65596.414623, 0.0143585205078125, -0.905548095703125, -0.427764892578125, -0.02532879263162613, 0.486486554145813, 0.026486201211810112
65596.42469100001, 0.013702392578125, -0.8959503173828125, -0.4308624267578125, -0.05542437732219696, 0.4578849971294403, 0.0009624664089642465
65596.43475900001, 0.01556396484375, -0.89031982421875, -0.4369354248046875, -0.07297700643539429, 0.41444486379623413, -0.011648666113615036
65596.444827, 0.0232696533203125, -0.887847900390625, -0.4425506591796875, -0.07313759624958038, 0.36656680703163147, -0.015867380425333977
65596.45489400001, 0.0268402099609375, -0.89263916015625, -0.4451751708984375, -0.061276938766241074, 0.32337671518325806, -0.01128088403493166
65596.464962, 0.0251312255859375, -0.899627685546875, -0.443450927734375, -0.0521518848836422, 0.28816547989845276, -0.00666349520906806
65596.47503, 0.020660400390625, -0.9081573486328125, -0.4344329833984375, -0.0475267730653286, 0.2555590569972992, -0.004239486064761877
65596.485098, 0.021484375, -0.9164886474609375, -0.4287261962890625, -0.04939950630068779, 0.2515201270580292, -0.003915912006050348
65596.49516600001, 0.0259552001953125, -0.9218902587890625, -0.4291839599609375, -0.04614086449146271, 0.2502732276916504, 0.0056890444830060005
65596.50523400001, 0.0258941650390625, -0.922088623046875, -0.4260711669921875, -0.04295811802148819, 0.2580762803554535, 0.019451195374131203
65596.515301, 0.0237274169921875, -0.925567626953125, -0.4213714599609375, -0.04579491913318634, 0.26196131110191345, 0.028423652052879333
65596.52536900001, 0.0223846435546875, -0.9290771484375, -0.41339111328125, -0.05608643963932991, 0.2611953914165497, 0.034761976450681686
65596.535437, 0.0216064453125, -0.928863525390625, -0.409637451171875, -0.06422212719917297, 0.25565627217292786, 0.03707333281636238
65596.545505, 0.0181884765625, -0.929779052734375, -0.402923583984375, -0.08765128999948502, 0.24461373686790466, 0.0380304716527462
65596.555573, 0.0131988525390625, -0.927459716796875, -0.398223876953125, -0.1208430677652359, 0.23582877218723297, 0.030366428196430206
65596.56564100001, 0.01220703125, -0.9231719970703125, -0.4018402099609375, -0.15168246626853943, 0.24257402122020721, 0.017973141744732857
65596.575708, 0.0206298828125, -0.914398193359375, -0.41741943359375, -0.1628355234861374, 0.26138633489608765, 0.005438441410660744
65596.585776, 0.0320587158203125, -0.9019317626953125, -0.4408416748046875, -0.1481444537639618, 0.28285861015319824, 0.009194829501211643
65596.59584400001, 0.0393524169921875, -0.8957366943359375, -0.46051025390625, -0.10275301337242126, 0.27808141708374023, 0.013850035145878792
65596.605912, 0.048675537109375, -0.8897247314453125, -0.473541259765625, -0.043419379740953445, 0.27193617820739746, 0.02594424970448017
65596.61598, 0.0540008544921875, -0.8909454345703125, -0.4781036376953125, 0.013932859525084496, 0.28013843297958374, 0.042574357241392136
65596.626048, 0.0449371337890625, -0.9000701904296875, -0.47149658203125, 0.055932775139808655, 0.28217390179634094, 0.05121418461203575
65596.636115, 0.0359954833984375, -0.90789794921875, -0.4596099853515625, 0.07915527373552322, 0.27496713399887085, 0.04258847236633301
65596.646183, 0.0316009521484375, -0.9075927734375, -0.45654296875, 0.08739029616117477, 0.2723734676837921, 0.023011043667793274
65596.65625100001, 0.02911376953125, -0.907012939453125, -0.457489013671875, 0.09918756783008575, 0.259121835231781, 0.005661614239215851
65596.66631900001, 0.032562255859375, -0.90771484375, -0.4627685546875, 0.10874192416667938, 0.2581380605697632, -0.0032919333316385746
65596.676387, 0.0359039306640625, -0.909759521484375, -0.4650421142578125, 0.12585459649562836, 0.25557610392570496, -0.0032836776226758957
65596.686455, 0.0402374267578125, -0.9111175537109375, -0.4647369384765625, 0.14179015159606934, 0.25316300988197327, 0.008329568430781364
65596.696523, 0.0442657470703125, -0.9093170166015625, -0.4578704833984375, 0.15101560950279236, 0.24138332903385162, 0.02659778855741024
65596.70659, 0.039459228515625, -0.910186767578125, -0.443603515625, 0.1385459005832672, 0.23029765486717224, 0.04439489543437958
65596.716658, 0.036376953125, -0.9157257080078125, -0.435302734375, 0.10772566497325897, 0.2146284133195877, 0.05939195305109024
65596.72672600001, 0.0348968505859375, -0.9169158935546875, -0.43194580078125, 0.07807455956935883, 0.20291049778461456, 0.07828068733215332
65596.736794, 0.0361785888671875, -0.9110870361328125, -0.4311676025390625, 0.05349438264966011, 0.1820012331008911, 0.09631907939910889
65596.746862, 0.0379180908203125, -0.9035797119140625, -0.43450927734375, 0.029769081622362137, 0.15193600952625275, 0.10459458827972412
65596.75693, 0.0376434326171875, -0.9011077880859375, -0.435150146484375, 0.008552475832402706, 0.11680704355239868, 0.12202364206314087
65596.766997, 0.0390167236328125, -0.897979736328125, -0.4371337890625, -0.01239062286913395, 0.08273456245660782, 0.13989798724651337
65596.777065, 0.03662109375, -0.893402099609375, -0.4365997314453125, -0.03153901919722557, 0.040458742529153824, 0.15585671365261078
65596.787133, 0.0323486328125, -0.88751220703125, -0.434173583984375, -0.04936115816235542, -0.0011925635626539588, 0.16245655715465546
65596.79720100001, 0.0304107666015625, -0.8820037841796875, -0.4299163818359375, -0.0644703358411789, -0.02900768257677555, 0.15875263512134552
65596.807269, 0.03131103515625, -0.877471923828125, -0.4287567138671875, -0.07058361917734146, -0.04316025227308273, 0.1532209813594818
65596.817337, 0.0343475341796875, -0.8704071044921875, -0.4296722412109375, -0.06323063373565674, -0.033251963555812836, 0.14262612164020538
65596.827405, 0.0318603515625, -0.8704376220703125, -0.4311065673828125, -0.049183789640665054, -0.010909372940659523, 0.1279744803905487
65596.837472, 0.031890869140625, -0.868804931640625, -0.4326019287109375, -0.022414760664105415, 0.014366422779858112, 0.10823272913694382
65596.84754, 0.0364532470703125, -0.86798095703125, -0.4312591552734375, 0.004762530792504549, 0.041015610098838806, 0.08810801804065704
65596.857608, 0.0406646728515625, -0.870452880859375, -0.42376708984375, 0.0327795185148716, 0.0699058473110199, 0.07598451524972916
65596.86767600001, 0.0426025390625, -0.8766937255859375, -0.4205474853515625, 0.05620494857430458, 0.09998039156198502, 0.063828244805336
65596.877744, 0.0421142578125, -0.8842010498046875, -0.414764404296875, 0.06988241523504257, 0.13746917247772217, 0.05480998381972313
65596.887812, 0.037506103515625, -0.8895111083984375, -0.40869140625, 0.07362495362758636, 0.16241101920604706, 0.04189711809158325
65596.89788, 0.035186767578125, -0.8945159912109375, -0.404388427734375, 0.07198524475097656, 0.17772579193115234, 0.028085164725780487
65596.907947, 0.037567138671875, -0.895782470703125, -0.404388427734375, 0.06756146997213364, 0.1874162256717682, 0.02219664864242077
65596.918015, 0.041229248046875, -0.89715576171875, -0.408172607421875, 0.06372172385454178, 0.2031959891319275, 0.022278673946857452
65596.928083, 0.0423126220703125, -0.9016265869140625, -0.41107177734375, 0.06284261494874954, 0.20557978749275208, 0.03056643158197403
65596.93815100001, 0.0419158935546875, -0.9034881591796875, -0.40570068359375, 0.044801026582717896, 0.21542948484420776, 0.04081986844539642
65596.948219, 0.03948974609375, -0.910308837890625, -0.3987884521484375, 0.023858461529016495, 0.2049475610256195, 0.05001389980316162
65596.958287, 0.03631591796875, -0.9143218994140625, -0.3921356201171875, -0.015111308544874191, 0.19482727348804474, 0.058276623487472534
65596.968355, 0.03271484375, -0.9162139892578125, -0.3904571533203125, -0.05247892066836357, 0.16814692318439484, 0.05969608575105667
65596.978422, 0.0254364013671875, -0.91632080078125, -0.3902130126953125, -0.0943126529455185, 0.12188808619976044, 0.05561239644885063
65596.98849, 0.01898193359375, -0.9184112548828125, -0.39453125, -0.12934067845344543, 0.07403986901044846, 0.03994262218475342
65596.998558, 0.0180206298828125, -0.9207611083984375, -0.404052734375, -0.14958415925502777, 0.048473525792360306, 0.027607658877968788
65597.00862600001, 0.015960693359375, -0.9208831787109375, -0.4231109619140625, -0.1496097296476364, 0.04857126250863075, 0.02062804624438286
65597.018694, 0.010772705078125, -0.917877197265625, -0.4376373291015625, -0.13009782135486603, 0.042938146740198135, 0.002272208919748664
65597.028762, 0.00201416015625, -0.9155731201171875, -0.4413604736328125, -0.10503321141004562, 0.02690911293029785, -0.02340412512421608
65597.03883, 0.0054779052734375, -0.9149017333984375, -0.4439849853515625, -0.07444147765636444, 0.03219495341181755, -0.055808138102293015
65597.048897, 0.0192413330078125, -0.9193878173828125, -0.4492034912109375, -0.03394491598010063, 0.07140227407217026, -0.07345690578222275
65597.058965, 0.03094482421875, -0.927093505859375, -0.4519195556640625, 0.027277160435914993, 0.13596288859844208, -0.06951489299535751
65597.069033, 0.0433502197265625, -0.929656982421875, -0.4496002197265625, 0.09576460719108582, 0.19462114572525024, -0.0492280013859272
65597.07910100001, 0.0561676025390625, -0.931915283203125, -0.44256591796875, 0.15611396729946136, 0.264350950717926, -0.02653174288570881
65597.089169, 0.0601348876953125, -0.933929443359375, -0.4310760498046875, 0.20443862676620483, 0.31851911544799805, -0.003662378992885351
65597.099237, 0.05645751953125, -0.9357452392578125, -0.4134521484375, 0.23022174835205078, 0.3356613516807556, 0.010657970793545246
65597.109305, 0.0517578125, -0.9365081787109375, -0.393310546875, 0.22767683863639832, 0.3302231729030609, 0.014481737278401852
65597.119372, 0.0470733642578125, -0.937774658203125, -0.3740386962890625, 0.18878483772277832, 0.30076169967651367, 0.01327053178101778
65597.12944, 0.0359649658203125, -0.9398651123046875, -0.3570404052734375, 0.13534210622310638, 0.2542503774166107, -0.0014849785948172212
65597.13950800001, 0.030731201171875, -0.9417266845703125, -0.3464202880859375, 0.06979559361934662, 0.19313190877437592, -0.008436627686023712
65597.14957600001, 0.0347747802734375, -0.940887451171875, -0.3509674072265625, 0.02473916858434677, 0.15101134777069092, -0.009155947715044022
65597.159644, 0.0437164306640625, -0.938934326171875, -0.360504150390625, 0.0006359628750942647, 0.1351168155670166, 0.017772605642676353
65597.169712, 0.047607421875, -0.9341278076171875, -0.3673553466796875, -0.0030597057193517685, 0.14170333743095398, 0.05618657171726227
65597.17978, 0.0398406982421875, -0.9332733154296875, -0.3645477294921875, -0.004715392831712961, 0.15116821229457855, 0.08570931106805801
65597.18984800001, 0.0304412841796875, -0.935516357421875, -0.3593902587890625, -0.020123377442359924, 0.178630992770195, 0.10084085911512375
65597.199915, 0.019317626953125, -0.9368133544921875, -0.353759765625, -0.04590490832924843, 0.2159900814294815, 0.10553760826587677
65597.20998300001, 0.0091552734375, -0.9373321533203125, -0.3556671142578125, -0.07245129346847534, 0.25203704833984375, 0.10516583174467087
65597.22005050001, 0.003936767578125, -0.9347991943359375, -0.3607025146484375, -0.10297298431396484, 0.28684934973716736, 0.09689458459615707
65597.23011850001, 0.0008392333984375, -0.9306640625, -0.36956787109375, -0.124815434217453, 0.31332409381866455, 0.08323577046394348
65597.2401865, 0.006103515625, -0.92559814453125, -0.384521484375, -0.120696060359478, 0.3338317573070526, 0.07257965952157974
65597.2502545, 0.0164794921875, -0.9161224365234375, -0.402374267578125, -0.09684745222330093, 0.36576545238494873, 0.07207845151424408
65597.2603225, 0.019073486328125, -0.9085540771484375, -0.4207763671875, -0.04921974241733551, 0.38896238803863525, 0.08299209177494049
65597.27039050001, 0.0184326171875, -0.897857666015625, -0.429290771484375, 0.011963185854256153, 0.4014984369277954, 0.09026917815208435
65597.2804575, 0.0056610107421875, -0.896881103515625, -0.421600341796875, 0.06503758579492569, 0.40241214632987976, 0.08674687892198563
65597.29052550001, -0.0065155029296875, -0.90277099609375, -0.4068756103515625, 0.09771404415369034, 0.3965201675891876, 0.0706573948264122
65597.30059350001, -0.0145721435546875, -0.90863037109375, -0.3902435302734375, 0.09975402057170868, 0.4058132767677307, 0.05702520161867142
65597.3106615, -0.0177154541015625, -0.916534423828125, -0.382568359375, 0.0887165516614914, 0.4083440899848938, 0.04701544716954231
65597.3207295, -0.0156707763671875, -0.921875, -0.377532958984375, 0.07526998966932297, 0.39508846402168274, 0.03917483240365982
65597.3307975, -0.0163421630859375, -0.92486572265625, -0.3732452392578125, 0.0496935211122036, 0.36203065514564514, 0.04006858915090561
65597.34086550001, -0.014434814453125, -0.9247894287109375, -0.373687744140625, 0.020197147503495216, 0.32892224192619324, 0.03623869642615318
65597.3509335, -0.0107574462890625, -0.9228668212890625, -0.3778839111328125, -0.00603525573387742, 0.3059045374393463, 0.028782378882169724
65597.36100050001, -3.0517578125e-05, -0.92279052734375, -0.3892822265625, -0.015326757915318012, 0.29794594645500183, 0.02443104051053524
65597.3710685, 0.01263427734375, -0.92041015625, -0.4016876220703125, 0.003323891432955861, 0.30520597100257874, 0.036622192710638046
65597.3811365, 0.0225372314453125, -0.9172210693359375, -0.4091339111328125, 0.03997058421373367, 0.3145776391029358, 0.05242805555462837
65597.3912045, 0.029571533203125, -0.91497802734375, -0.40924072265625, 0.07615628838539124, 0.3320618271827698, 0.07222892343997955
65597.4012725, 0.0301361083984375, -0.9160003662109375, -0.4020843505859375, 0.10393358767032623, 0.3508991599082947, 0.08189593255519867
65597.41134050001, 0.0312347412109375, -0.9193878173828125, -0.39251708984375, 0.11839988082647324, 0.3758721649646759, 0.08430635929107666
65597.4214085, 0.03338623046875, -0.921966552734375, -0.3846893310546875, 0.11272228509187698, 0.40410512685775757, 0.08278915286064148
65597.4314765, 0.0359954833984375, -0.921844482421875, -0.377838134765625, 0.10201957821846008, 0.4157407581806183, 0.07877950370311737
65597.4415435, 0.04156494140625, -0.921417236328125, -0.3805084228515625, 0.09465806186199188, 0.4106525182723999, 0.07447929680347443
65597.4516115, 0.0451507568359375, -0.919525146484375, -0.3883056640625, 0.09724825620651245, 0.39658355712890625, 0.07966899871826172
65597.4616795, 0.0447540283203125, -0.9190216064453125, -0.3934478759765625, 0.11085408180952072, 0.359276682138443, 0.08533859997987747
65597.4717475, 0.0395965576171875, -0.9212493896484375, -0.3893585205078125, 0.12057275325059891, 0.3164556920528412, 0.09774679690599442
65597.48181550001, 0.032318115234375, -0.928009033203125, -0.37860107421875, 0.11707282811403275, 0.2846791446208954, 0.10986924171447754
65597.4918835, 0.031707763671875, -0.9361419677734375, -0.3690948486328125, 0.10965592414140701, 0.2789461612701416, 0.12784025073051453
65597.5019515, 0.032135009765625, -0.9399261474609375, -0.3599395751953125, 0.10408751666545868, 0.30284374952316284, 0.14469033479690552
65597.5120195, 0.0325775146484375, -0.9436798095703125, -0.3592376708984375, 0.10698477178812027, 0.34566551446914673, 0.1609524041414261
65597.52208750001, 0.034271240234375, -0.9440460205078125, -0.360748291015625, 0.11969391256570816, 0.3859913647174835, 0.18405212461948395
65597.5321545, 0.033905029296875, -0.9497222900390625, -0.3597869873046875, 0.14459925889968872, 0.4155218303203583, 0.2106885313987732
65597.54222250001, 0.034912109375, -0.9561004638671875, -0.359649658203125, 0.1650741696357727, 0.44685420393943787, 0.2447519600391388
65597.55229050001, 0.02960205078125, -0.9597320556640625, -0.359161376953125, 0.17897267639636993, 0.46450933814048767, 0.27158117294311523
65597.5623585, 0.0180511474609375, -0.9600067138671875, -0.35577392578125, 0.18572166562080383, 0.44491007924079895, 0.2990735173225403
65597.5724265, 0.0070037841796875, -0.9524688720703125, -0.346466064453125, 0.17115603387355804, 0.40238818526268005, 0.3157411813735962
65597.5824945, -0.000152587890625, -0.9450836181640625, -0.3390350341796875, 0.14259949326515198, 0.3523569703102112, 0.3030051589012146
65597.59256250001, -0.0046234130859375, -0.9390411376953125, -0.3245391845703125, 0.0925203487277031, 0.3010613024234772, 0.2732973098754883
65597.6026305, -0.0042724609375, -0.9391021728515625, -0.3201446533203125, 0.05258651077747345, 0.27801644802093506, 0.24128346145153046
65597.6126985, 0.0082855224609375, -0.9374847412109375, -0.3239898681640625, 0.028492894023656845, 0.2838253378868103, 0.22318993508815765
65597.62276550001, 0.01806640625, -0.941253662109375, -0.3294525146484375, 0.029024994000792503, 0.3141171932220459, 0.21797414124011993
65597.6328335, 0.0253753662109375, -0.945892333984375, -0.3334808349609375, 0.042815905064344406, 0.3696560859680176, 0.23092615604400635
65597.6429015, 0.032318115234375, -0.94122314453125, -0.33319091796875, 0.06280932575464249, 0.42083483934402466, 0.24948759377002716
65597.6529695, 0.0280303955078125, -0.93695068359375, -0.33465576171875, 0.08085623383522034, 0.47034725546836853, 0.2656862735748291
65597.66303750001, 0.027587890625, -0.9308929443359375, -0.333251953125, 0.09652840346097946, 0.5101847052574158, 0.2764339745044708
65597.6731055, 0.0289459228515625, -0.9204254150390625, -0.334930419921875, 0.10709289461374283, 0.5456162095069885, 0.2829291820526123
65597.6831735, 0.02032470703125, -0.911407470703125, -0.3324737548828125, 0.11203945428133011, 0.5565548539161682, 0.27877703309059143
65597.6932415, 0.010040283203125, -0.901336669921875, -0.32904052734375, 0.10728543996810913, 0.5455783605575562, 0.2597271800041199
65597.70330950001, -0.00390625, -0.8994140625, -0.3182830810546875, 0.07854034751653671, 0.49945002794265747, 0.22999511659145355
65597.7133765, -0.0113983154296875, -0.9079742431640625, -0.3089599609375, 0.025603363290429115, 0.45387986302375793, 0.2012910395860672
65597.7234445, -0.0054931640625, -0.9193115234375, -0.3089447021484375, -0.03651566803455353, 0.43728652596473694, 0.18507717549800873
65597.73351250001, 0.0013275146484375, -0.934783935546875, -0.31707763671875, -0.09202153235673904, 0.45264843106269836, 0.17691992223262787
65597.7435805, 0.0126495361328125, -0.9418182373046875, -0.3343048095703125, -0.12129367142915726, 0.4911750555038452, 0.1913428008556366
65597.7536485, 0.0265655517578125, -0.939544677734375, -0.3517608642578125, -0.12585407495498657, 0.5439780950546265, 0.21736827492713928
65597.7637165, 0.0334014892578125, -0.9346923828125, -0.36651611328125, -0.12387853860855103, 0.6037037372589111, 0.24166908860206604
65597.77378450001, 0.040130615234375, -0.929412841796875, -0.3782958984375, -0.11457052081823349, 0.645487368106842, 0.2522231936454773
65597.7838525, 0.0494842529296875, -0.921966552734375, -0.3927459716796875, -0.1016123816370964, 0.6686233282089233, 0.25926831364631653
65597.7939205, 0.0551910400390625, -0.915557861328125, -0.409759521484375, -0.07451391220092773, 0.6694939136505127, 0.263599157333374
65597.80398750001, 0.057861328125, -0.907928466796875, -0.4238739013671875, -0.03604375571012497, 0.6527570486068726, 0.26013705134391785
65597.8140555, 0.0609130859375, -0.9048614501953125, -0.4315643310546875, 0.010162889026105404, 0.6213881969451904, 0.24426940083503723
65597.8241235, 0.0574493408203125, -0.90631103515625, -0.4324951171875, 0.05078088864684105, 0.5864714980125427, 0.21743938326835632
65597.8341915, 0.0497283935546875, -0.9158172607421875, -0.42333984375, 0.08190258592367172, 0.5454018115997314, 0.18802610039710999
65597.84425950001, 0.0491943359375, -0.9312591552734375, -0.4093780517578125, 0.09035573154687881, 0.5181549787521362, 0.1745169460773468
65597.8543275, 0.0491180419921875, -0.9527740478515625, -0.393310546875, 0.07831770926713943, 0.515259325504303, 0.17393557727336884
65597.8643955, 0.0504150390625, -0.972076416015625, -0.368865966796875, 0.02528431825339794, 0.5398645401000977, 0.19312232732772827
65597.8744635, 0.0492095947265625, -0.9895172119140625, -0.3504638671875, -0.054479487240314484, 0.5757179260253906, 0.20808954536914825
65597.8845315, 0.0502777099609375, -0.9978790283203125, -0.33917236328125, -0.1598740816116333, 0.6237202882766724, 0.23153096437454224
65597.89459950001, 0.0538787841796875, -0.9960174560546875, -0.343536376953125, -0.26253893971443176, 0.6787428259849548, 0.25499528646469116
65597.9046665, 0.064361572265625, -0.98223876953125, -0.361480712890625, -0.3522365987300873, 0.7374828457832336, 0.2856232225894928
65597.91473450001, 0.085357666015625, -0.9559326171875, -0.394317626953125, -0.39975911378860474, 0.7913047671318054, 0.31776225566864014
65597.9248025, 0.1009979248046875, -0.93060302734375, -0.4285888671875, -0.40571847558021545, 0.8166564702987671, 0.34867435693740845
65597.9348705, 0.1125640869140625, -0.907623291015625, -0.4566802978515625, -0.37891560792922974, 0.8294995427131653, 0.3754250109195709
65597.9449385, 0.1213226318359375, -0.8831939697265625, -0.4785614013671875, -0.32878854870796204, 0.8146654963493347, 0.38800233602523804
65597.95500650001, 0.1258392333984375, -0.8634490966796875, -0.49151611328125, -0.2524767220020294, 0.7751460671424866, 0.3901136815547943
65597.96507450001, 0.1304779052734375, -0.8476104736328125, -0.4909820556640625, -0.18085446953773499, 0.7267875671386719, 0.38840100169181824
65597.9751425, 0.1246795654296875, -0.845123291015625, -0.48175048828125, -0.11623073369264603, 0.6708859801292419, 0.3788383901119232
65597.9852105, 0.1159210205078125, -0.848724365234375, -0.4632110595703125, -0.06717264652252197, 0.6064459681510925, 0.3649470806121826
65597.9952785, 0.1082763671875, -0.8536529541015625, -0.441009521484375, -0.04261457175016403, 0.5566738843917847, 0.35107332468032837
65598.0053455, 0.0945587158203125, -0.8647308349609375, -0.417633056640625, -0.03734763711690903, 0.521600604057312, 0.34076130390167236
65598.0154135, 0.080291748046875, -0.8745880126953125, -0.3995361328125, -0.048297490924596786, 0.5142577290534973, 0.3286346197128296
65598.02548150001, 0.0747528076171875, -0.881500244140625, -0.3899078369140625, -0.062196262180805206, 0.5270302295684814, 0.3262745141983032
65598.0355495, 0.070343017578125, -0.8882598876953125, -0.3881683349609375, -0.0665380135178566, 0.5634593963623047, 0.33766165375709534
65598.0456175, 0.0744781494140625, -0.904083251953125, -0.39239501953125, -0.06818438321352005, 0.591384768486023, 0.36402323842048645
65598.0556855, 0.1187744140625, -0.948944091796875, -0.405181884765625, -0.0797552838921547, 0.6074193716049194, 0.42586129903793335
65598.0657535, 0.1187744140625, -0.9641265869140625, -0.4045562744140625, -0.09741150587797165, 0.5804844498634338, 0.4639463722705841
65598.07582150001, 0.14208984375, -0.9955902099609375, -0.4022369384765625, -0.12190672755241394, 0.5553005337715149, 0.5247167944908142
65598.0858895, 0.118011474609375, -1.0042724609375, -0.384613037109375, -0.1498936265707016, 0.5727644562721252, 0.5550496578216553
65598.0959575, 0.124176025390625, -0.9998931884765625, -0.383880615234375, -0.18752409517765045, 0.6012874245643616, 0.5733820199966431
65598.1060255, 0.103607177734375, -0.996917724609375, -0.38885498046875, -0.2111085057258606, 0.5981587767601013, 0.5765109658241272
65598.1160925, 0.08465576171875, -0.9597320556640625, -0.402069091796875, -0.23139168322086334, 0.5870043635368347, 0.548797607421875
65598.1261605, 0.062713623046875, -0.924407958984375, -0.4188690185546875, -0.23909087479114532, 0.5724190473556519, 0.5015048980712891
65598.1362285, 0.0535125732421875, -0.9039154052734375, -0.445953369140625, -0.22472818195819855, 0.5420856475830078, 0.45859846472740173
65598.14629650001, 0.058349609375, -0.8917388916015625, -0.464202880859375, -0.19074757397174835, 0.5228818655014038, 0.4291268587112427
65598.1563645, 0.0493927001953125, -0.8921051025390625, -0.4714508056640625, -0.14740410447120667, 0.5152567028999329, 0.4043456017971039
65598.1664325, 0.035980224609375, -0.893463134765625, -0.4719696044921875, -0.10908254235982895, 0.49951422214508057, 0.37911802530288696
65598.1765005, 0.0245361328125, -0.891876220703125, -0.467559814453125, -0.08935757726430893, 0.46769049763679504, 0.34262287616729736
65598.18656850001, 0.0139617919921875, -0.8913726806640625, -0.4600067138671875, -0.09027796238660812, 0.43536290526390076, 0.29968366026878357
65598.1966365, 0.009857177734375, -0.89178466796875, -0.455963134765625, -0.09539815783500671, 0.40427955985069275, 0.26396825909614563
65598.2067045, 0.0149688720703125, -0.89208984375, -0.4588165283203125, -0.10495384782552719, 0.39767464995384216, 0.23287266492843628
65598.21677241666, 0.02850341796875, -0.8949127197265625, -0.469696044921875, -0.10029251873493195, 0.39027348160743713, 0.2063843309879303
65598.22684041667, 0.04254150390625, -0.9012451171875, -0.475006103515625, -0.07218178361654282, 0.3755938708782196, 0.19607549905776978
65598.23690741666, 0.0519866943359375, -0.90618896484375, -0.4730224609375, -0.02365046739578247, 0.3781270682811737, 0.19374150037765503
65598.24697541667, 0.0579986572265625, -0.910675048828125, -0.458984375, 0.03888348489999771, 0.40141454339027405, 0.19665606319904327
65598.25704341667, 0.0552978515625, -0.9131317138671875, -0.4441070556640625, 0.10547982156276703, 0.4411606192588806, 0.19775435328483582
65598.26711141667, 0.0458221435546875, -0.916168212890625, -0.4306793212890625, 0.15215304493904114, 0.4680870473384857, 0.1971021443605423
65598.27717941668, 0.0331268310546875, -0.913421630859375, -0.413299560546875, 0.16269224882125854, 0.4957104027271271, 0.18827509880065918
65598.28724741667, 0.0199737548828125, -0.906951904296875, -0.4012451171875, 0.1522827446460724, 0.514508068561554, 0.16114841401576996
65598.29731541667, 0.010955810546875, -0.9002532958984375, -0.393646240234375, 0.13609498739242554, 0.5245503187179565, 0.1363929957151413
65598.30738341667, 0.010589599609375, -0.8961639404296875, -0.3919677734375, 0.1283140331506729, 0.5268872380256653, 0.1091533824801445
65598.31745141667, 0.015594482421875, -0.8967742919921875, -0.389923095703125, 0.12786714732646942, 0.5178617835044861, 0.09085933119058609
65598.32751941666, 0.0200042724609375, -0.900787353515625, -0.3856658935546875, 0.13480894267559052, 0.5116251707077026, 0.08786460757255554
65598.33758741667, 0.03228759765625, -0.8995361328125, -0.3789215087890625, 0.1405848115682602, 0.5151565670967102, 0.10235646367073059
65598.34765541667, 0.02880859375, -0.893402099609375, -0.3671112060546875, 0.13463397324085236, 0.5374719500541687, 0.11181281507015228
65598.35772341667, 0.0242767333984375, -0.8848724365234375, -0.3594818115234375, 0.11751464754343033, 0.5592007040977478, 0.11049029231071472
65598.36779041667, 0.024200439453125, -0.8860626220703125, -0.3574371337890625, 0.10948202013969421, 0.5664061307907104, 0.11109642684459686
65598.37785841667, 0.036285400390625, -0.89501953125, -0.35418701171875, 0.1194014921784401, 0.5686892867088318, 0.1190241277217865
65598.38792641668, 0.056732177734375, -0.90155029296875, -0.3504791259765625, 0.13183392584323883, 0.5906635522842407, 0.13095028698444366
65598.39799441666, 0.0593414306640625, -0.9091949462890625, -0.3470001220703125, 0.1369463950395584, 0.597362756729126, 0.13565556704998016
65598.40806241667, 0.0578155517578125, -0.9143218994140625, -0.3376617431640625, 0.13716131448745728, 0.6057783365249634, 0.12625114619731903
65598.41813041667, 0.0561676025390625, -0.9173431396484375, -0.3234405517578125, 0.11418010294437408, 0.6006839871406555, 0.11651276051998138
65598.42819841667, 0.0523681640625, -0.92095947265625, -0.3148040771484375, 0.07529182732105255, 0.5891790986061096, 0.10314556211233139
65598.43826641668, 0.050018310546875, -0.9178924560546875, -0.3184051513671875, 0.026608174666762352, 0.5453746318817139, 0.08834850788116455
65598.44833441667, 0.04779052734375, -0.910369873046875, -0.328857421875, -0.025467542931437492, 0.4856324791908264, 0.07248032838106155
65598.45840241667, 0.047821044921875, -0.9019317626953125, -0.3428497314453125, -0.06163353845477104, 0.42420533299446106, 0.056830260902643204
65598.46847041667, 0.053863525390625, -0.896240234375, -0.3586883544921875, -0.06353769451379776, 0.3722158968448639, 0.0523337796330452
65598.47853841668, 0.0627593994140625, -0.8886260986328125, -0.3730316162109375, -0.043169572949409485, 0.3548789918422699, 0.060866545885801315
65598.48860641666, 0.0629425048828125, -0.8825225830078125, -0.38616943359375, -0.009029713459312916, 0.3535178601741791, 0.07212799042463303
65598.49867341667, 0.053863525390625, -0.87774658203125, -0.399627685546875, 0.023875771090388298, 0.33707869052886963, 0.07763167470693588
65598.50874141668, 0.043548583984375, -0.876861572265625, -0.4072265625, 0.04583007097244263, 0.2999691367149353, 0.07289417833089828
65598.51880941667, 0.0403900146484375, -0.88494873046875, -0.40997314453125, 0.049973949790000916, 0.25954848527908325, 0.06363996118307114
65598.52887741667, 0.0487823486328125, -0.897918701171875, -0.4030303955078125, 0.05156785249710083, 0.22657455503940582, 0.06541416049003601
65598.53894541667, 0.060821533203125, -0.9149017333984375, -0.3935089111328125, 0.055756740272045135, 0.21913021802902222, 0.08004556596279144
65598.54901341668, 0.0692291259765625, -0.9264984130859375, -0.3819732666015625, 0.056056875735521317, 0.23453021049499512, 0.10296472907066345
65598.55908141666, 0.0666046142578125, -0.9326629638671875, -0.3718109130859375, 0.05260968208312988, 0.24379242956638336, 0.12180206924676895
65598.56914941667, 0.064117431640625, -0.9346771240234375, -0.358551025390625, 0.041430797427892685, 0.25316116213798523, 0.13552160561084747
65598.57921741667, 0.0637969970703125, -0.94287109375, -0.3466644287109375, 0.03460564836859703, 0.27087676525115967, 0.1444258838891983
65598.58928541667, 0.0623321533203125, -0.955169677734375, -0.342041015625, 0.03038773313164711, 0.2993057370185852, 0.1480102390050888
65598.59935341668, 0.064971923828125, -0.9680938720703125, -0.3372344970703125, 0.030311832204461098, 0.33035582304000854, 0.14745895564556122
65598.60942141667, 0.0748748779296875, -0.981353759765625, -0.334625244140625, 0.03588130325078964, 0.36154836416244507, 0.14798226952552795
65598.61948941667, 0.087646484375, -0.99932861328125, -0.3364105224609375, 0.05637139827013016, 0.3957127034664154, 0.15372271835803986
65598.62955741667, 0.1039276123046875, -1.0147247314453125, -0.3442840576171875, 0.08851654827594757, 0.45182177424430847, 0.16767342388629913
65598.63962541668, 0.10845947265625, -1.027862548828125, -0.3502197265625, 0.11881399899721146, 0.4981171190738678, 0.17784322798252106
65598.64969341666, 0.102630615234375, -1.035491943359375, -0.3509521484375, 0.14474360644817352, 0.5142686367034912, 0.1740540862083435
65598.65976041667, 0.09747314453125, -1.0359039306640625, -0.3517913818359375, 0.15816886723041534, 0.5234506726264954, 0.16433674097061157
65598.66982841668, 0.0901641845703125, -1.0336151123046875, -0.3560028076171875, 0.16031457483768463, 0.5482005476951599, 0.14254197478294373
65598.67989641667, 0.085418701171875, -1.025634765625, -0.3663330078125, 0.15960244834423065, 0.5710477828979492, 0.11883637309074402
65598.68996441667, 0.0886688232421875, -1.0166015625, -0.382232666015625, 0.17290706932544708, 0.5956242084503174, 0.10565026104450226
65598.70003241667, 0.0951385498046875, -1.0063018798828125, -0.3975982666015625, 0.19772052764892578, 0.6496219635009766, 0.10500843822956085
65598.71010041668, 0.108489990234375, -1.002655029296875, -0.4067840576171875, 0.24024643003940582, 0.7316989898681641, 0.12424658238887787
65598.72016841666, 0.1160430908203125, -0.9985504150390625, -0.40081787109375, 0.284673273563385, 0.815545380115509, 0.14596280455589294
65598.73023641667, 0.1045074462890625, -0.9883575439453125, -0.4110565185546875, 0.31413450837135315, 0.8517353534698486, 0.1533847600221634
65598.74030441667, 0.1051177978515625, -0.981414794921875, -0.4234771728515625, 0.3308708667755127, 0.8697644472122192, 0.15762850642204285
65598.75037241667, 0.0991363525390625, -0.9706573486328125, -0.4237823486328125, 0.3271416425704956, 0.879343569278717, 0.1561824083328247
65598.76044041668, 0.08636474609375, -0.9597625732421875, -0.425689697265625, 0.3145608603954315, 0.8417983055114746, 0.14271187782287598
65598.77050841667, 0.0911712646484375, -0.9513397216796875, -0.4210662841796875, 0.3002359867095947, 0.7941858172416687, 0.13109010457992554
65598.78057641667, 0.1127777099609375, -0.954681396484375, -0.405853271484375, 0.2993273138999939, 0.7779202461242676, 0.14406928420066833
65598.79064441667, 0.13153076171875, -0.9634857177734375, -0.3897705078125, 0.30861109495162964, 0.7835310101509094, 0.17385327816009521
65598.80071241668, 0.13897705078125, -0.964141845703125, -0.3735198974609375, 0.30696234107017517, 0.7996444702148438, 0.20873697102069855
65598.81078041666, 0.134246826171875, -0.95654296875, -0.360198974609375, 0.30421528220176697, 0.8207670450210571, 0.22736231982707977
65598.82084741667, 0.1271514892578125, -0.94207763671875, -0.3537139892578125, 0.3036291301250458, 0.8426502346992493, 0.23346787691116333
65598.83091541666, 0.1165618896484375, -0.920562744140625, -0.348358154296875, 0.2985214591026306, 0.861709713935852, 0.22052891552448273
65598.84098341667, 0.1113433837890625, -0.9071807861328125, -0.3412322998046875, 0.2908632755279541, 0.8562164306640625, 0.20557712018489838
65598.85105141667, 0.1213836669921875, -0.8943328857421875, -0.3372039794921875, 0.27589336037635803, 0.8436763882637024, 0.19216811656951904
65598.86111941667, 0.1316680908203125, -0.88629150390625, -0.33905029296875, 0.2508154511451721, 0.8163014650344849, 0.18401403725147247
65598.87118741668, 0.1399993896484375, -0.884552001953125, -0.3395843505859375, 0.21718157827854156, 0.7531973719596863, 0.18463829159736633
65598.88125541667, 0.1542205810546875, -0.8867645263671875, -0.3427734375, 0.1822342574596405, 0.6847295761108398, 0.21377673745155334
65598.89132341667, 0.1663665771484375, -0.893768310546875, -0.3447265625, 0.15436986088752747, 0.6171931624412537, 0.2688855230808258
65598.90139141667, 0.157745361328125, -0.895965576171875, -0.3438262939453125, 0.11726909875869751, 0.5677912831306458, 0.3279472589492798
65598.91145941667, 0.1275482177734375, -0.892120361328125, -0.3423004150390625, 0.07055246084928513, 0.5144920945167542, 0.372541606426239
65598.92152741666, 0.0917205810546875, -0.8842926025390625, -0.3414306640625, 0.021339111030101776, 0.469411700963974, 0.39678916335105896
65598.93159541667, 0.0630340576171875, -0.87646484375, -0.33502197265625, -0.03139813616871834, 0.4330124258995056, 0.4065256714820862
65598.94166341667, 0.0428619384765625, -0.8779296875, -0.329925537109375, -0.07090187072753906, 0.42460960149765015, 0.41292738914489746
65598.95173141667, 0.0346832275390625, -0.880523681640625, -0.331817626953125, -0.09783228486776352, 0.44843530654907227, 0.41781720519065857
65598.96179941668, 0.0270538330078125, -0.8801422119140625, -0.345794677734375, -0.12045663595199585, 0.48245853185653687, 0.41846224665641785
65598.97186741667, 0.020965576171875, -0.8800201416015625, -0.3650970458984375, -0.12923948466777802, 0.49460095167160034, 0.40805354714393616
65598.98193541667, 0.0221099853515625, -0.88299560546875, -0.3768157958984375, -0.12429265677928925, 0.47645628452301025, 0.3869580924510956
65598.99200341667, 0.0279541015625, -0.88897705078125, -0.3776092529296875, -0.12368012964725494, 0.4453047513961792, 0.35852938890457153
65599.00207141667, 0.0298614501953125, -0.9012298583984375, -0.365814208984375, -0.1432301253080368, 0.4240383505821228, 0.3278404474258423
65599.01213941666, 0.031982421875, -0.912933349609375, -0.3504638671875, -0.17629674077033997, 0.421368807554245, 0.28701072931289673
65599.02220641667, 0.0352325439453125, -0.923828125, -0.339691162109375, -0.20903949439525604, 0.4349786341190338, 0.24014654755592346
65599.03227441668, 0.042877197265625, -0.929931640625, -0.341705322265625, -0.2345283478498459, 0.46207600831985474, 0.20330065488815308
65599.04234241667, 0.047515869140625, -0.9321746826171875, -0.3520965576171875, -0.2446233332157135, 0.5006774663925171, 0.17862114310264587
65599.05241041667, 0.048675537109375, -0.9346771240234375, -0.3710479736328125, -0.23484233021736145, 0.5511305332183838, 0.1620861142873764
65599.06247841667, 0.039764404296875, -0.927001953125, -0.3943023681640625, -0.21622204780578613, 0.5959169268608093, 0.14553828537464142
65599.07254641668, 0.025054931640625, -0.9170379638671875, -0.4160003662109375, -0.19137555360794067, 0.6176014542579651, 0.11118484288454056
65599.08261441666, 0.02337646484375, -0.909332275390625, -0.4258270263671875, -0.16181179881095886, 0.6153241395950317, 0.07695869356393814
65599.09268241667, 0.03680419921875, -0.9133148193359375, -0.426116943359375, -0.13283154368400574, 0.6142227053642273, 0.04884130880236626
65599.10275041667, 0.058868408203125, -0.920257568359375, -0.415557861328125, -0.11361417919397354, 0.5952849388122559, 0.03736468404531479
65599.11281841667, 0.081817626953125, -0.9309844970703125, -0.404022216796875, -0.09236534684896469, 0.5640689730644226, 0.04252801835536957
65599.12288641668, 0.099884033203125, -0.940643310546875, -0.3927001953125, -0.074605792760849, 0.5296870470046997, 0.0664685070514679
65599.13295441667, 0.0994110107421875, -0.9412994384765625, -0.3838043212890625, -0.06814363598823547, 0.4828513562679291, 0.08858393132686615
65599.14302241667, 0.0796051025390625, -0.938934326171875, -0.3690185546875, -0.0805976390838623, 0.42954176664352417, 0.10291120409965515
65599.15309041667, 0.0546112060546875, -0.93243408203125, -0.352020263671875, -0.10162729024887085, 0.3972355127334595, 0.10608861595392227
65599.16315841668, 0.028961181640625, -0.9261016845703125, -0.338592529296875, -0.12989488244056702, 0.3927406370639801, 0.10111676156520844
65599.17322641666, 0.016845703125, -0.915618896484375, -0.3309783935546875, -0.16144880652427673, 0.4097297191619873, 0.09926187247037888
65599.18329441667, 0.013671875, -0.9096221923828125, -0.33782958984375, -0.18306009471416473, 0.43621885776519775, 0.10205738991498947
65599.19336241667, 0.021392822265625, -0.903167724609375, -0.3534393310546875, -0.18756642937660217, 0.4564618170261383, 0.10735734552145004
65599.20343041667, 0.029205322265625, -0.9050140380859375, -0.3670654296875, -0.18359459936618805, 0.4452291429042816, 0.11888404190540314
65599.21349841668, 0.0408172607421875, -0.9120635986328125, -0.3778228759765625, -0.1818222552537918, 0.42537474632263184, 0.14040638506412506
65599.2235665, 0.0482940673828125, -0.9224395751953125, -0.3863677978515625, -0.18238791823387146, 0.38392236828804016, 0.16138197481632233
65599.23363450001, 0.047607421875, -0.9281768798828125, -0.3842620849609375, -0.187857523560524, 0.34335124492645264, 0.17305965721607208
65599.24370250001, 0.0489501953125, -0.9337310791015625, -0.3755035400390625, -0.1921049952507019, 0.3112574815750122, 0.17984113097190857
65599.2537705, 0.055999755859375, -0.936248779296875, -0.3694610595703125, -0.19332179427146912, 0.30721426010131836, 0.18625909090042114
65599.26383750001, 0.0601959228515625, -0.9319000244140625, -0.3678741455078125, -0.1857304573059082, 0.3326416015625, 0.1985144168138504
65599.2739055, 0.0535736083984375, -0.9205474853515625, -0.3754425048828125, -0.16579802334308624, 0.37282976508140564, 0.2068578451871872
65599.2839735, 0.0439453125, -0.9069976806640625, -0.3867034912109375, -0.14535053074359894, 0.41205012798309326, 0.2080482691526413
65599.2940415, 0.03228759765625, -0.8990478515625, -0.394805908203125, -0.12131550908088684, 0.4523903727531433, 0.20343860983848572
65599.30410950001, 0.0267486572265625, -0.899658203125, -0.3967132568359375, -0.08617589622735977, 0.48385748267173767, 0.19961456954479218
65599.3141775, 0.0289154052734375, -0.905059814453125, -0.39617919921875, -0.040945034474134445, 0.5192234516143799, 0.19390928745269775
65599.3242455, 0.034423828125, -0.914642333984375, -0.391082763671875, 0.00185063062235713, 0.5404707193374634, 0.20045879483222961
65599.3343135, 0.042388916015625, -0.92822265625, -0.378936767578125, 0.037465084344148636, 0.548130214214325, 0.20611268281936646
65599.3443815, 0.053741455078125, -0.9411468505859375, -0.3670806884765625, 0.06794309616088867, 0.5573721528053284, 0.22208578884601593
65599.35444950001, 0.0622100830078125, -0.942657470703125, -0.3578033447265625, 0.08231058716773987, 0.5700834393501282, 0.23886530101299286
65599.3645175, 0.0506744384765625, -0.9393310546875, -0.349273681640625, 0.0859742984175682, 0.5674961805343628, 0.23389717936515808
65599.3745855, 0.0365753173828125, -0.9368133544921875, -0.3386993408203125, 0.0706683099269867, 0.5652005672454834, 0.2173466980457306
65599.3846535, 0.02593994140625, -0.937164306640625, -0.3317718505859375, 0.04015141353011131, 0.5723122358322144, 0.19651944935321808
65599.39472150001, 0.0225982666015625, -0.9341583251953125, -0.338653564453125, 0.015894543379545212, 0.5827385187149048, 0.17412546277046204
65599.40478950001, 0.025970458984375, -0.9276123046875, -0.35406494140625, 0.003936951048672199, 0.5932551026344299, 0.16218598186969757
65599.4148575, 0.0418853759765625, -0.9260406494140625, -0.3723297119140625, 0.023389745503664017, 0.6020174026489258, 0.16458335518836975
65599.4249255, 0.063995361328125, -0.92034912109375, -0.3906097412109375, 0.06836947053670883, 0.6222257614135742, 0.18097777664661407
65599.4349935, 0.0682373046875, -0.9156951904296875, -0.4034423828125, 0.12737473845481873, 0.6194896101951599, 0.2017965018749237
65599.44506150001, 0.0641937255859375, -0.914459228515625, -0.4068756103515625, 0.18707267940044403, 0.6059303879737854, 0.2089793086051941
65599.4551295, 0.054718017578125, -0.920013427734375, -0.4020843505859375, 0.2302401214838028, 0.5774028897285461, 0.2096664160490036
65599.4651975, 0.035614013671875, -0.93511962890625, -0.3829498291015625, 0.25257447361946106, 0.5225936770439148, 0.2023903876543045
65599.4752655, 0.0197906494140625, -0.9517974853515625, -0.35003662109375, 0.24543718993663788, 0.48227477073669434, 0.20128996670246124
65599.48533350001, 0.0194091796875, -0.96051025390625, -0.326446533203125, 0.20421545207500458, 0.48088833689689636, 0.19141709804534912
65599.49540150001, 0.0144805908203125, -0.967010498046875, -0.320648193359375, 0.1329047828912735, 0.4854995906352997, 0.17752471566200256
65599.5054695, 0.0044403076171875, -0.9686279296875, -0.3276214599609375, 0.05169009044766426, 0.47946831583976746, 0.15383829176425934
65599.5155375, 0.0125274658203125, -0.9590606689453125, -0.3523406982421875, -0.01465670671314001, 0.4542231559753418, 0.14064793288707733
65599.5256055, 0.022247314453125, -0.946258544921875, -0.3794708251953125, -0.05314284563064575, 0.4000137150287628, 0.13297829031944275
65599.53567350001, 0.032562255859375, -0.93511962890625, -0.394256591796875, -0.058396998792886734, 0.31337523460388184, 0.13856106996536255
65599.5457415, 0.050262451171875, -0.9298858642578125, -0.40167236328125, -0.03710795193910599, 0.23795238137245178, 0.16350451111793518
65599.5558095, 0.0593414306640625, -0.9318084716796875, -0.40557861328125, -0.008563394658267498, 0.17607222497463226, 0.20136986672878265
65599.5658775, 0.048370361328125, -0.9375457763671875, -0.4028778076171875, 0.010658237151801586, 0.11579291522502899, 0.23649641871452332
65599.57594550001, 0.0172271728515625, -0.946990966796875, -0.38665771484375, 0.0005483448621816933, 0.0419253446161747, 0.25637000799179077
65599.5860125, -0.017364501953125, -0.958160400390625, -0.3642730712890625, -0.04144517704844475, -0.04200390726327896, 0.2586382031440735
65599.5960815, -0.03961181640625, -0.9638671875, -0.3470458984375, -0.09709512442350388, -0.11905980855226517, 0.25033554434776306
65599.60614850001, -0.0536346435546875, -0.9662322998046875, -0.3448333740234375, -0.1533978134393692, -0.20203937590122223, 0.2357504814863205
65599.6162165, -0.0656890869140625, -0.96209716796875, -0.35003662109375, -0.2067025750875473, -0.2912025451660156, 0.2038990706205368
65599.6262845, -0.0789947509765625, -0.9571990966796875, -0.363189697265625, -0.25698837637901306, -0.36948591470718384, 0.16261234879493713
65599.6363525, -0.0882720947265625, -0.9547882080078125, -0.374755859375, -0.3022618591785431, -0.4248974919319153, 0.1093139722943306
65599.64642050001, -0.0836334228515625, -0.954803466796875, -0.3900299072265625, -0.32742738723754883, -0.4333359897136688, 0.05518762022256851
65599.6564885, -0.07989501953125, -0.949188232421875, -0.41888427734375, -0.330178439617157, -0.3929837644100189, 0.016144348308444023
65599.6665565, -0.0879974365234375, -0.933380126953125, -0.4579315185546875, -0.30288398265838623, -0.3684445917606354, -0.025554096326231956
65599.6766245, -0.092376708984375, -0.9105987548828125, -0.4943695068359375, -0.2555055320262909, -0.36552658677101135, -0.06597954779863358
65599.6866925, -0.09613037109375, -0.8929901123046875, -0.52313232421875, -0.18978272378444672, -0.3539242446422577, -0.09852684289216995
65599.69676050001, -0.0978240966796875, -0.8810882568359375, -0.54376220703125, -0.12137649208307266, -0.35034841299057007, -0.11912159621715546
65599.7068285, -0.1001434326171875, -0.8667144775390625, -0.555206298828125, -0.05654716491699219, -0.3569740951061249, -0.13596715033054352
65599.7168965, -0.10760498046875, -0.8575897216796875, -0.55712890625, 0.001847967505455017, -0.37525245547294617, -0.15520423650741577
65599.7269645, -0.1077423095703125, -0.8488616943359375, -0.5447235107421875, 0.055684033781290054, -0.39301198720932007, -0.1700447052717209
65599.73703250001, -0.1009674072265625, -0.8523101806640625, -0.525665283203125, 0.11296570301055908, -0.4071267545223236, -0.18673846125602722
65599.7471005, -0.086151123046875, -0.8660736083984375, -0.5080108642578125, 0.18439993262290955, -0.4086807072162628, -0.1907459795475006
65599.7571685, -0.0700531005859375, -0.8751068115234375, -0.489501953125, 0.2564046084880829, -0.40977659821510315, -0.18831372261047363
65599.7672365, -0.0656585693359375, -0.87762451171875, -0.4653778076171875, 0.3147518038749695, -0.4269481301307678, -0.18915687501430511
65599.7773045, -0.076568603515625, -0.8810272216796875, -0.4323883056640625, 0.346426397562027, -0.45351502299308777, -0.20279864966869354
65599.78737250001, -0.08624267578125, -0.8786468505859375, -0.4029998779296875, 0.3469635546207428, -0.4820002019405365, -0.22622567415237427
65599.7974405, -0.100128173828125, -0.8787384033203125, -0.380584716796875, 0.32844045758247375, -0.5251492857933044, -0.2541870176792145
65599.8075085, -0.109588623046875, -0.878570556640625, -0.363739013671875, 0.2929093539714813, -0.5739008188247681, -0.28711405396461487
65599.8175765, -0.103973388671875, -0.8745574951171875, -0.3585205078125, 0.249740332365036, -0.615232527256012, -0.31021004915237427
65599.82764450001, -0.093719482421875, -0.8773956298828125, -0.35687255859375, 0.1992236226797104, -0.65788334608078, -0.32533973455429077
65599.8377125, -0.0760955810546875, -0.8857574462890625, -0.3630828857421875, 0.1608962118625641, -0.7038732171058655, -0.3336924910545349
65599.8477805, -0.0583953857421875, -0.8859710693359375, -0.37445068359375, 0.1382897049188614, -0.7516013383865356, -0.3307427763938904
65599.8578485, -0.05108642578125, -0.8817138671875, -0.3836822509765625, 0.1325780153274536, -0.8224608302116394, -0.3309531509876251
65599.8679165, -0.049407958984375, -0.8795318603515625, -0.3831787109375, 0.12892869114875793, -0.8916228413581848, -0.335629940032959
65599.87798450001, -0.0509033203125, -0.88189697265625, -0.3751220703125, 0.11577773094177246, -0.9640611410140991, -0.34632357954978943
65599.8880525, -0.053009033203125, -0.8884429931640625, -0.3629150390625, 0.08275719732046127, -1.0259191989898682, -0.3673308789730072
65599.8981205, -0.052703857421875, -0.8968048095703125, -0.3507843017578125, 0.027826838195323944, -1.0762598514556885, -0.39529192447662354
65599.9081885, -0.048980712890625, -0.9040985107421875, -0.3472747802734375, -0.02787184529006481, -1.123447060585022, -0.42560163140296936
65599.91825650001, -0.04327392578125, -0.903228759765625, -0.354583740234375, -0.07591953128576279, -1.1670736074447632, -0.4598972797393799
65599.9283245, -0.03631591796875, -0.9004669189453125, -0.3680877685546875, -0.11509383469820023, -1.2170143127441406, -0.5004505515098572
65599.9383925, -0.02294921875, -0.8969879150390625, -0.38983154296875, -0.13666623830795288, -1.2646105289459229, -0.5398467183113098
65599.9484605, -0.010101318359375, -0.89361572265625, -0.4088897705078125, -0.13250558078289032, -1.3081904649734497, -0.57315993309021
65599.9585285, 4.57763671875e-05, -0.8890838623046875, -0.4259796142578125, -0.11384694278240204, -1.336621880531311, -0.6078593134880066
65599.96859650001, 0.0120391845703125, -0.884796142578125, -0.4423370361328125, -0.08607922494411469, -1.360220193862915, -0.6338517665863037
65599.9786645, 0.0206756591796875, -0.88287353515625, -0.4523468017578125, -0.05011430010199547, -1.387213110923767, -0.6582418084144592
65599.9887325, 0.02545166015625, -0.8856201171875, -0.4547119140625, -0.01690308377146721, -1.4182219505310059, -0.6800179481506348
65599.9988005, 0.026214599609375, -0.8895263671875, -0.447235107421875, 0.007119694724678993, -1.4437142610549927, -0.6973404884338379
65600.00886850001, 0.023895263671875, -0.8919219970703125, -0.4337158203125, 0.021531125530600548, -1.4728559255599976, -0.7172273397445679
65600.0189365, 0.02117919921875, -0.8946685791015625, -0.418853759765625, 0.03208816051483154, -1.4922903776168823, -0.7344462871551514
65600.0290045, 0.0198822021484375, -0.8956451416015625, -0.405975341796875, 0.028383437544107437, -1.5048388242721558, -0.758522629737854
65600.0390725, 0.0233154296875, -0.893768310546875, -0.39776611328125, 0.017763551324605942, -1.5009591579437256, -0.7816385626792908
65600.0491405, 0.0326690673828125, -0.8935089111328125, -0.3961334228515625, 0.0104726143181324, -1.4819774627685547, -0.8010572791099548
65600.05920850001, 0.0467376708984375, -0.892242431640625, -0.406707763671875, 0.020810473710298538, -1.4590961933135986, -0.8108699321746826
65600.0692765, 0.061859130859375, -0.892303466796875, -0.4207000732421875, 0.044741105288267136, -1.442201018333435, -0.8071386218070984
65600.0793445, 0.07586669921875, -0.89080810546875, -0.4261322021484375, 0.07158657163381577, -1.425986409187317, -0.8003632426261902
65600.0894125, 0.0831756591796875, -0.8912353515625, -0.424957275390625, 0.0954413041472435, -1.4309641122817993, -0.7909367084503174
65600.09948050001, 0.0889739990234375, -0.898101806640625, -0.4271392822265625, 0.10974567383527756, -1.442264437675476, -0.777279257774353
65600.1095485, 0.1081085205078125, -0.902099609375, -0.4315032958984375, 0.11696949601173401, -1.46392023563385, -0.7575718760490417
65600.1196165, 0.1210174560546875, -0.90863037109375, -0.4371185302734375, 0.12562024593353271, -1.4987578392028809, -0.7278986573219299
65600.1296845, 0.125244140625, -0.9136199951171875, -0.439727783203125, 0.1285361349582672, -1.544028878211975, -0.696504533290863
65600.1397525, 0.1248321533203125, -0.9113616943359375, -0.4354705810546875, 0.12895984947681427, -1.5884637832641602, -0.6736165285110474
65600.14982050001, 0.1163177490234375, -0.9110565185546875, -0.4302978515625, 0.11372842639684677, -1.636813998222351, -0.6639977097511292
65600.1598885, 0.107391357421875, -0.9098968505859375, -0.4232940673828125, 0.0785299614071846, -1.678585410118103, -0.6682174801826477
65600.1699565, 0.098724365234375, -0.908477783203125, -0.419921875, 0.03117549605667591, -1.7320888042449951, -0.6822776198387146
65600.1800245, 0.0937042236328125, -0.9097137451171875, -0.41571044921875, -0.020251475274562836, -1.7915230989456177, -0.702783465385437
65600.19009250001, 0.0926055908203125, -0.90924072265625, -0.413482666015625, -0.06169905140995979, -1.8420898914337158, -0.7236037850379944
65600.2001605, 0.094146728515625, -0.907928466796875, -0.4222869873046875, -0.08165545016527176, -1.8857990503311157, -0.7317562103271484
65600.2102285, 0.091094970703125, -0.90283203125, -0.43896484375, -0.0828927531838417, -1.9269815683364868, -0.7340409755706787
65600.22029641666, 0.082000732421875, -0.8963470458984375, -0.4545135498046875, -0.07148297131061554, -1.9495731592178345, -0.735146701335907
65600.23036441667, 0.0738983154296875, -0.890045166015625, -0.47650146484375, -0.04496347904205322, -1.9624546766281128, -0.7299013137817383
65600.24043241667, 0.068359375, -0.8817138671875, -0.4976959228515625, -0.006225138902664185, -1.9780277013778687, -0.7251071333885193
65600.25050041667, 0.061981201171875, -0.8817138671875, -0.508636474609375, 0.026553580537438393, -2.0025978088378906, -0.721092700958252
65600.26056841668, 0.052001953125, -0.885528564453125, -0.5057830810546875, 0.047996021807193756, -2.0209767818450928, -0.7315554022789001
65600.27063641667, 0.040802001953125, -0.8971099853515625, -0.4953460693359375, 0.0659680962562561, -2.030895948410034, -0.7549515962600708
65600.28070441667, 0.03656005859375, -0.9082794189453125, -0.4840240478515625, 0.07326196134090424, -2.0315685272216797, -0.7893593311309814
65600.29077241667, 0.038604736328125, -0.91461181640625, -0.484283447265625, 0.07840186357498169, -2.027604579925537, -0.8251655697822571
65600.30084041668, 0.044677734375, -0.9162445068359375, -0.5009918212890625, 0.08718496561050415, -2.022899627685547, -0.8586790561676025
65600.31090841666, 0.0522918701171875, -0.9135894775390625, -0.5286102294921875, 0.10327711701393127, -2.0360701084136963, -0.8872270584106445
65600.32097641667, 0.0630950927734375, -0.907745361328125, -0.5594482421875, 0.12381621450185776, -2.06367564201355, -0.9130980372428894
65600.33104441667, 0.076629638671875, -0.907501220703125, -0.588653564453125, 0.15263082087039948, -2.105679988861084, -0.9265672564506531
65600.34111241667, 0.09332275390625, -0.9102935791015625, -0.6104888916015625, 0.19316279888153076, -2.1550464630126953, -0.9294211268424988
65600.35118041668, 0.1046600341796875, -0.91552734375, -0.6158447265625, 0.2413463145494461, -2.2070586681365967, -0.9164837598800659
65600.36124841667, 0.1023406982421875, -0.9246368408203125, -0.6015167236328125, 0.2869851589202881, -2.2503464221954346, -0.9046694040298462
65600.37131641667, 0.0925445556640625, -0.9317169189453125, -0.5819244384765625, 0.31550124287605286, -2.274458169937134, -0.9017138481140137
65600.38138441667, 0.0763702392578125, -0.9368896484375, -0.553955078125, 0.31511133909225464, -2.278825283050537, -0.915747880935669
65600.39145241668, 0.0604248046875, -0.93548583984375, -0.535308837890625, 0.2851638197898865, -2.251555919647217, -0.9449720978736877
65600.40152041666, 0.052337646484375, -0.9251251220703125, -0.5434112548828125, 0.23531638085842133, -2.2073287963867188, -0.9897505044937134
65600.41158841667, 0.049591064453125, -0.9204864501953125, -0.5690765380859375, 0.18741384148597717, -2.1895456314086914, -1.0377302169799805
65600.42165641667, 0.0667266845703125, -0.9134674072265625, -0.5990142822265625, 0.16283471882343292, -2.17919921875, -1.0626039505004883
65600.43172441667, 0.0945281982421875, -0.911376953125, -0.6210479736328125, 0.1605641096830368, -2.175835609436035, -1.0625402927398682
65600.44179241668, 0.112823486328125, -0.9045867919921875, -0.6294403076171875, 0.16079367697238922, -2.1826000213623047, -1.042238473892212
65600.45186041667, 0.116455078125, -0.896453857421875, -0.6387939453125, 0.1572924107313156, -2.1867549419403076, -1.0240837335586548
65600.46192841667, 0.1087646484375, -0.886383056640625, -0.6381072998046875, 0.14182130992412567, -2.1979782581329346, -1.010570764541626
65600.47199641667, 0.100860595703125, -0.87060546875, -0.6383056640625, 0.12300794571638107, -2.1811954975128174, -1.0096999406814575
65600.48206441668, 0.092315673828125, -0.8500823974609375, -0.639923095703125, 0.11650450527667999, -2.166261911392212, -1.016310691833496
65600.49213241666, 0.084716796875, -0.8305511474609375, -0.6326446533203125, 0.13427072763442993, -2.1444907188415527, -1.0297809839248657
65600.50220041667, 0.0864105224609375, -0.8215484619140625, -0.6259002685546875, 0.16553063690662384, -2.1154472827911377, -1.0404871702194214
65600.51226841667, 0.09112548828125, -0.8213043212890625, -0.61669921875, 0.1834353357553482, -2.089664936065674, -1.0476689338684082
65600.52233641667, 0.0980377197265625, -0.8282470703125, -0.6077880859375, 0.18945887684822083, -2.079845905303955, -1.051574945449829
65600.53240441668, 0.1113433837890625, -0.8379364013671875, -0.59033203125, 0.18023261427879333, -2.065727472305298, -1.047004222869873
65600.54247241667, 0.1230010986328125, -0.8409423828125, -0.575469970703125, 0.16309118270874023, -2.044062614440918, -1.0389721393585205
65600.55254041667, 0.1303558349609375, -0.843719482421875, -0.572265625, 0.15141987800598145, -2.0175278186798096, -1.0272328853607178
65600.56260841667, 0.140350341796875, -0.840118408203125, -0.5773468017578125, 0.1699589490890503, -1.988448977470398, -0.9996452331542969
65600.57267641668, 0.1382904052734375, -0.827545166015625, -0.584075927734375, 0.19936689734458923, -1.9674004316329956, -0.9685077667236328
65600.58274441666, 0.12774658203125, -0.81304931640625, -0.5841064453125, 0.2363440990447998, -1.948029637336731, -0.9424588680267334
65600.59281241667, 0.1202392578125, -0.80218505859375, -0.5749664306640625, 0.27806010842323303, -1.9303685426712036, -0.9121782183647156
65600.60288041667, 0.1160430908203125, -0.7961578369140625, -0.558746337890625, 0.3075849711894989, -1.9072835445404053, -0.8787763118743896
65600.61294841667, 0.1082000732421875, -0.8023529052734375, -0.536895751953125, 0.3240017592906952, -1.8846274614334106, -0.84572434425354
65600.62301641668, 0.0927734375, -0.811492919921875, -0.5139007568359375, 0.32146111130714417, -1.8653751611709595, -0.8126872777938843
65600.63308441667, 0.08062744140625, -0.8200531005859375, -0.4949951171875, 0.2985539436340332, -1.8618627786636353, -0.7938350439071655
65600.64315241667, 0.07537841796875, -0.82720947265625, -0.4762420654296875, 0.25366315245628357, -1.8563237190246582, -0.7815133929252625
65600.65322041667, 0.0644378662109375, -0.837615966796875, -0.4682159423828125, 0.20330411195755005, -1.8641283512115479, -0.7690434455871582
65600.66328941667, 0.0516815185546875, -0.841583251953125, -0.470489501953125, 0.14348286390304565, -1.880344033241272, -0.7619069218635559
65600.67335741667, 0.0486602783203125, -0.8350982666015625, -0.480133056640625, 0.091014064848423, -1.8926090002059937, -0.7566059231758118
65600.68342541668, 0.044769287109375, -0.8283233642578125, -0.4909210205078125, 0.0594974160194397, -1.9011286497116089, -0.752037525177002
65600.69349341666, 0.0407562255859375, -0.820831298828125, -0.49713134765625, 0.046538207679986954, -1.9110734462738037, -0.7453343868255615
65600.70356141667, 0.0345916748046875, -0.8152618408203125, -0.506256103515625, 0.047927845269441605, -1.918522834777832, -0.7414802312850952
65600.71362941667, 0.028167724609375, -0.8123626708984375, -0.5102386474609375, 0.05405657738447189, -1.9176216125488281, -0.7406250834465027
65600.72369741667, 0.0193023681640625, -0.810882568359375, -0.51129150390625, 0.06369908154010773, -1.9177361726760864, -0.7379704713821411
65600.73376541668, 0.0130462646484375, -0.8107757568359375, -0.50506591796875, 0.06962461769580841, -1.9063072204589844, -0.7387124300003052
65600.74383341667, 0.0066375732421875, -0.8178253173828125, -0.49639892578125, 0.07012609392404556, -1.8825345039367676, -0.741952657699585
65600.75390141667, 0.0026702880859375, -0.8265380859375, -0.4916839599609375, 0.06341439485549927, -1.845894694328308, -0.7405042052268982
65600.76396941667, 0.004486083984375, -0.8294830322265625, -0.492645263671875, 0.06653667986392975, -1.809513807296753, -0.7412874102592468
65600.77403741668, 0.0134124755859375, -0.8315277099609375, -0.4892730712890625, 0.07289817184209824, -1.7780158519744873, -0.7397430539131165
65600.78410541666, 0.0240631103515625, -0.8413543701171875, -0.4864959716796875, 0.0645049586892128, -1.7433429956436157, -0.7394368052482605
65600.79417341667, 0.0335235595703125, -0.853179931640625, -0.481842041015625, 0.043837495148181915, -1.7117576599121094, -0.741498589515686
65600.80424141667, 0.042572021484375, -0.860076904296875, -0.477935791015625, 0.020905815064907074, -1.6956977844238281, -0.7418144345283508
65600.81430941667, 0.0484771728515625, -0.8656463623046875, -0.4793243408203125, -0.006162022240459919, -1.6845310926437378, -0.743664026260376
65600.82437741668, 0.0494842529296875, -0.8699188232421875, -0.484039306640625, -0.027842016890645027, -1.6752442121505737, -0.7425675988197327
65600.83444541667, 0.0471649169921875, -0.8716278076171875, -0.4935302734375, -0.04168539494276047, -1.667304515838623, -0.74254310131073
65600.84451341667, 0.0402984619140625, -0.8760528564453125, -0.503143310546875, -0.05564435198903084, -1.6778104305267334, -0.7415846586227417
65600.85458141667, 0.0404205322265625, -0.8850250244140625, -0.508636474609375, -0.06010035425424576, -1.682104229927063, -0.7350391149520874
65600.86464941668, 0.0513763427734375, -0.8917388916015625, -0.5119476318359375, -0.06480296701192856, -1.6822969913482666, -0.7201701402664185
65600.87471741666, 0.059906005859375, -0.900054931640625, -0.51141357421875, -0.0728563666343689, -1.686508297920227, -0.7031173706054688
65600.88478541667, 0.0625762939453125, -0.905670166015625, -0.5048980712890625, -0.08454471081495285, -1.6881918907165527, -0.6840617060661316
65600.89485341667, 0.062835693359375, -0.91015625, -0.499237060546875, -0.10121610015630722, -1.6884866952896118, -0.6743323802947998
65600.90492141667, 0.0615081787109375, -0.9083404541015625, -0.4986114501953125, -0.12798486649990082, -1.6780604124069214, -0.6710212230682373
65600.91498941668, 0.05657958984375, -0.8991851806640625, -0.5048065185546875, -0.15008750557899475, -1.661793828010559, -0.6731075644493103
65600.92505741667, 0.0528564453125, -0.890625, -0.510711669921875, -0.1682763546705246, -1.650580644607544, -0.6833471655845642
65600.93512541667, 0.0557098388671875, -0.8802947998046875, -0.51885986328125, -0.16157451272010803, -1.6203659772872925, -0.6927808523178101
65600.94519341667, 0.0703125, -0.8684234619140625, -0.5277099609375, -0.12944161891937256, -1.577278733253479, -0.704730212688446
65600.95526141668, 0.084014892578125, -0.859832763671875, -0.5355224609375, -0.07638026028871536, -1.5325088500976562, -0.7134438157081604
65600.96532941666, 0.09906005859375, -0.8516387939453125, -0.53863525390625, 0.0006910903030075133, -1.490525722503662, -0.7196947932243347
65600.97539741667, 0.1111907958984375, -0.84515380859375, -0.5305938720703125, 0.07901173084974289, -1.4518911838531494, -0.7241345047950745
65600.98546541667, 0.1170196533203125, -0.8509521484375, -0.515472412109375, 0.1478874683380127, -1.4185441732406616, -0.7320705056190491
65600.99553341667, 0.1161041259765625, -0.8607635498046875, -0.4956207275390625, 0.1891062706708908, -1.3999347686767578, -0.7398085594177246
65601.00560141668, 0.1115570068359375, -0.8671875, -0.4755096435546875, 0.1896093487739563, -1.3941900730133057, -0.7514497637748718
65601.01567041667, 0.109466552734375, -0.8726043701171875, -0.4564361572265625, 0.17536090314388275, -1.3982857465744019, -0.7717089653015137
65601.02573841668, 0.1116790771484375, -0.8744354248046875, -0.443450927734375, 0.14893807470798492, -1.4067658185958862, -0.7849441170692444
65601.03580641666, 0.114532470703125, -0.8742523193359375, -0.433807373046875, 0.11409088224172592, -1.416117548942566, -0.7963290810585022
65601.04587441667, 0.1204833984375, -0.8692474365234375, -0.4356842041015625, 0.08140883594751358, -1.413417100906372, -0.8014658093452454
65601.05594241667, 0.12738037109375, -0.861175537109375, -0.4439544677734375, 0.05140513554215431, -1.4129225015640259, -0.8044714331626892
65601.06601041667, 0.1306610107421875, -0.85675048828125, -0.45587158203125, 0.02455194853246212, -1.403193473815918, -0.8106904625892639
65601.07607841668, 0.141143798828125, -0.860076904296875, -0.466278076171875, 0.010758904740214348, -1.3936017751693726, -0.8012767434120178
65601.08614641667, 0.1488800048828125, -0.8604583740234375, -0.4743499755859375, 0.0060206083580851555, -1.3696874380111694, -0.7853677868843079
65601.09621441667, 0.142181396484375, -0.865692138671875, -0.482635498046875, 0.00920068845152855, -1.3475701808929443, -0.7633501291275024
65601.10628241667, 0.1366119384765625, -0.8665771484375, -0.4831695556640625, 0.017132913693785667, -1.3230037689208984, -0.7377430200576782
65601.11635041668, 0.1305389404296875, -0.8675994873046875, -0.4791259765625, 0.02286403626203537, -1.2885781526565552, -0.7167666554450989
65601.12641841666, 0.127044677734375, -0.8682861328125, -0.4731903076171875, 0.022697854787111282, -1.2484134435653687, -0.697856605052948
65601.13648641667, 0.129241943359375, -0.868621826171875, -0.467620849609375, 0.02183951810002327, -1.2157375812530518, -0.6807084679603577
65601.14655441667, 0.136322021484375, -0.8710174560546875, -0.458831787109375, 0.01949593611061573, -1.182843565940857, -0.6722832918167114
65601.15662241667, 0.139923095703125, -0.876251220703125, -0.4496917724609375, 0.022490128874778748, -1.1500887870788574, -0.6602985858917236
65601.16669041668, 0.139190673828125, -0.8817596435546875, -0.4451904296875, 0.021852834150195122, -1.1240476369857788, -0.6473556160926819
65601.17675841667, 0.134368896484375, -0.88592529296875, -0.4439697265625, 0.025068601593375206, -1.1028048992156982, -0.6380997896194458
65601.18682641667, 0.131134033203125, -0.8858489990234375, -0.4391326904296875, 0.025605227798223495, -1.0797860622406006, -0.6251501441001892
65601.19689441667, 0.12689208984375, -0.888031005859375, -0.4306182861328125, 0.019169433042407036, -1.0509872436523438, -0.6120548844337463
65601.20696241668, 0.1219329833984375, -0.8927154541015625, -0.4273529052734375, 0.009483516216278076, -1.0158292055130005, -0.5962175726890564
65601.217030625, 0.1237030029296875, -0.8917083740234375, -0.428375244140625, -0.006965497974306345, -0.9801623225212097, -0.5817710161209106
65601.22709862501, 0.1233062744140625, -0.8902435302734375, -0.4339447021484375, -0.017359016463160515, -0.9512345194816589, -0.5631499290466309
65601.23716662501, 0.1259918212890625, -0.8895416259765625, -0.4445343017578125, -0.021325794979929924, -0.9236772060394287, -0.5438933968544006
65601.247234625, 0.13031005859375, -0.8892974853515625, -0.452178955078125, -0.01245374046266079, -0.8931142091751099, -0.5241396427154541
65601.257302625, 0.1267852783203125, -0.8898773193359375, -0.4566802978515625, -0.002011219272390008, -0.8696224689483643, -0.5048647522926331
65601.267371625, 0.1200103759765625, -0.8891143798828125, -0.461334228515625, -0.0007613977650180459, -0.8561687469482422, -0.4955676794052124
65601.277439625, 0.11883544921875, -0.8903350830078125, -0.4624481201171875, -0.008403072133660316, -0.8527625799179077, -0.48373523354530334
65601.287507625, 0.119781494140625, -0.897705078125, -0.4625244140625, -0.020123377442359924, -0.8526685237884521, -0.4731297492980957
65601.29757562501, 0.1202545166015625, -0.9018707275390625, -0.4613800048828125, -0.03435078263282776, -0.8379508256912231, -0.4601428210735321
65601.307643625, 0.1201934814453125, -0.8978729248046875, -0.466156005859375, -0.045824747532606125, -0.821746289730072, -0.44533804059028625
65601.317711625, 0.12042236328125, -0.890106201171875, -0.47259521484375, -0.053947653621435165, -0.809630811214447, -0.43688225746154785
65601.327779625, 0.1191864013671875, -0.8865966796875, -0.4724273681640625, -0.04941175878047943, -0.800735592842102, -0.42820221185684204
65601.337847625, 0.11798095703125, -0.8879852294921875, -0.470977783203125, -0.03051210194826126, -0.7980841398239136, -0.41758206486701965
65601.34791562501, 0.118560791015625, -0.8933563232421875, -0.4735870361328125, -0.003959055058658123, -0.7851169109344482, -0.3967265784740448
65601.357983625, 0.110321044921875, -0.891998291015625, -0.472076416015625, 0.017601363360881805, -0.7718415856361389, -0.38061630725860596
65601.368051625, 0.084625244140625, -0.896881103515625, -0.4645233154296875, 0.023621972650289536, -0.7787317037582397, -0.3783038854598999
65601.378119625, 0.0720977783203125, -0.9011688232421875, -0.4546356201171875, 0.014669490046799183, -0.7937913537025452, -0.3810403048992157
65601.38818762501, 0.074676513671875, -0.9058380126953125, -0.44964599609375, 0.004244279582053423, -0.8020405173301697, -0.38737356662750244
65601.398255625, 0.0694732666015625, -0.9129638671875, -0.44329833984375, -0.007890147157013416, -0.8156612515449524, -0.38999542593955994
65601.408323625, 0.0638885498046875, -0.909332275390625, -0.439849853515625, -0.02087758481502533, -0.8298263549804688, -0.3996714949607849
65601.418391625, 0.0625, -0.903289794921875, -0.4458465576171875, -0.0320892259478569, -0.8280683755874634, -0.4116661250591278
65601.428459625, 0.0611724853515625, -0.9033203125, -0.454498291015625, -0.03411482647061348, -0.8094659447669983, -0.42143404483795166
65601.43852762501, 0.0544891357421875, -0.9022369384765625, -0.4624176025390625, -0.03021223098039627, -0.7924118638038635, -0.42725706100463867
65601.448595625, 0.0523681640625, -0.8934783935546875, -0.474853515625, -0.02316790260374546, -0.777815043926239, -0.4305404722690582
65601.458663625, 0.0533905029296875, -0.887908935546875, -0.483917236328125, -0.015547268092632294, -0.7623085379600525, -0.4398050606250763
65601.468732625, 0.0586700439453125, -0.8884735107421875, -0.4913482666015625, -0.0025566346012055874, -0.7539624571800232, -0.43525001406669617
65601.478800625, 0.0639495849609375, -0.8908233642578125, -0.4961395263671875, 0.012884639203548431, -0.7510972023010254, -0.4251137375831604
65601.488868625, 0.074615478515625, -0.8873443603515625, -0.4997406005859375, 0.026451580226421356, -0.7565321326255798, -0.4133199453353882
65601.49893662501, 0.08465576171875, -0.88385009765625, -0.4981689453125, 0.03712792694568634, -0.7622268199920654, -0.3977851867675781
65601.509004625, 0.08807373046875, -0.880859375, -0.494354248046875, 0.04198792949318886, -0.7659515142440796, -0.37675338983535767
65601.519072625, 0.087890625, -0.87908935546875, -0.4842071533203125, 0.046339001506567, -0.7770797610282898, -0.36542272567749023
65601.529140625, 0.0887603759765625, -0.877471923828125, -0.4659271240234375, 0.04085288941860199, -0.7795737981796265, -0.3486594557762146
65601.539208625, 0.08538818359375, -0.884613037109375, -0.4431304931640625, 0.020305538550019264, -0.7724192142486572, -0.3335036635398865
65601.54927662501, 0.0806427001953125, -0.8895263671875, -0.4246063232421875, -0.011745871976017952, -0.7509288787841797, -0.31676384806632996
65601.559344625, 0.0770416259765625, -0.8888702392578125, -0.4169769287109375, -0.05474207550287247, -0.7238298654556274, -0.31285589933395386
65601.569412625, 0.0807647705078125, -0.887786865234375, -0.4232635498046875, -0.09423542022705078, -0.6839940547943115, -0.3121509850025177
65601.579480625, 0.0829925537109375, -0.884521484375, -0.4416961669921875, -0.10590726137161255, -0.636895477771759, -0.3127187490463257
65601.58954862501, 0.089752197265625, -0.885467529296875, -0.464202880859375, -0.07943383604288101, -0.5902299880981445, -0.3141550123691559
65601.599616625, 0.0986175537109375, -0.88409423828125, -0.4818572998046875, -0.03050624392926693, -0.5447072386741638, -0.31379494071006775
65601.609684625, 0.1069488525390625, -0.88555908203125, -0.4945526123046875, 0.02081473357975483, -0.5099157094955444, -0.3075447678565979
65601.619752625, 0.117645263671875, -0.8867340087890625, -0.4992523193359375, 0.0545620433986187, -0.475724995136261, -0.2998138666152954
65601.629820625, 0.1253509521484375, -0.8860626220703125, -0.495147705078125, 0.0557950884103775, -0.4475141167640686, -0.29420205950737
65601.63988862501, 0.1252899169921875, -0.883056640625, -0.4829864501953125, 0.025682726874947548, -0.4214700162410736, -0.2942417562007904
65601.649957625, 0.122528076171875, -0.8797149658203125, -0.4758453369140625, -0.011122692376375198, -0.40358927845954895, -0.2974678874015808
65601.66002562501, 0.126617431640625, -0.8743896484375, -0.4779510498046875, -0.0400233156979084, -0.3959023356437683, -0.297970175743103
65601.670093625, 0.13153076171875, -0.866363525390625, -0.4821014404296875, -0.04156528785824776, -0.3914377987384796, -0.29433202743530273
65601.680161625, 0.131927490234375, -0.8579559326171875, -0.4771575927734375, -0.030715834349393845, -0.3783142864704132, -0.28263887763023376
65601.690229625, 0.13580322265625, -0.85089111328125, -0.4726104736328125, -0.008351673372089863, -0.3492613136768341, -0.26636964082717896
65601.70029762501, 0.137420654296875, -0.8419189453125, -0.4708709716796875, 0.0014615427935495973, -0.3046477735042572, -0.2525329291820526
65601.71036562501, 0.1350250244140625, -0.83905029296875, -0.466522216796875, 0.01667271926999092, -0.27961674332618713, -0.2392703741788864
65601.720433625, 0.1351165771484375, -0.8408203125, -0.4529571533203125, 0.017712151631712914, -0.26565536856651306, -0.22747524082660675
65601.730501625, 0.1373748779296875, -0.8473968505859375, -0.4415740966796875, 0.008801480755209923, -0.2573370039463043, -0.21568994224071503
65601.740569625, 0.1430206298828125, -0.8474578857421875, -0.438262939453125, -0.01002094242721796, -0.2535044252872467, -0.2017190009355545
65601.75063762501, 0.1498565673828125, -0.8499603271484375, -0.43829345703125, -0.029697708785533905, -0.25144848227500916, -0.19383178651332855
65601.760705625, 0.1531829833984375, -0.858367919921875, -0.44305419921875, -0.03460777923464775, -0.24251863360404968, -0.18133357167243958
65601.770773625, 0.154449462890625, -0.8550567626953125, -0.4592742919921875, -0.020306870341300964, -0.22469516098499298, -0.17670632898807526
65601.780841625, 0.150421142578125, -0.852813720703125, -0.480804443359375, 0.00811891257762909, -0.225965216755867, -0.17746026813983917
65601.79090962501, 0.1411285400390625, -0.85491943359375, -0.485260009765625, 0.03345755860209465, -0.22549490630626678, -0.17790155112743378
65601.80097762501, 0.1368408203125, -0.8631744384765625, -0.4827880859375, 0.05217931419610977, -0.22125142812728882, -0.17938441038131714
65601.81104662501, 0.139190673828125, -0.866973876953125, -0.4725494384765625, 0.057320814579725266, -0.2124648541212082, -0.17452839016914368
65601.82111462501, 0.1385498046875, -0.8708038330078125, -0.462982177734375, 0.03573296219110489, -0.19913999736309052, -0.17473213374614716
65601.831182625, 0.138916015625, -0.8738250732421875, -0.4648590087890625, 0.002808303339406848, -0.1954568475484848, -0.16843615472316742
65601.841250625, 0.1437225341796875, -0.8661956787109375, -0.4825592041015625, -0.0380680225789547, -0.1931484192609787, -0.15202867984771729
65601.851318625, 0.1434173583984375, -0.8587646484375, -0.5027008056640625, -0.05956638976931572, -0.20512253046035767, -0.1363554447889328
65601.86138662501, 0.141693115234375, -0.857025146484375, -0.5202789306640625, -0.06729461997747421, -0.23795238137245178, -0.1189732551574707
65601.871454625, 0.1489410400390625, -0.8566741943359375, -0.532562255859375, -0.06082633137702942, -0.25396889448165894, -0.09938384592533112
65601.881522625, 0.148956298828125, -0.8508453369140625, -0.5398406982421875, -0.03732393682003021, -0.2635645270347595, -0.07839946448802948
65601.891590625, 0.13671875, -0.8463134765625, -0.5426788330078125, -0.008038485422730446, -0.27532291412353516, -0.07077643275260925
65601.901658625, 0.129425048828125, -0.8391571044921875, -0.5341796875, 0.018025871366262436, -0.2781916856765747, -0.06566529721021652
65601.91172662501, 0.128204345703125, -0.8377227783203125, -0.5213623046875, 0.04025234654545784, -0.27817755937576294, -0.0707993358373642
65601.921794625, 0.128173828125, -0.843353271484375, -0.509063720703125, 0.04145529866218567, -0.28286686539649963, -0.06726612150669098
65601.931862625, 0.13006591796875, -0.8542022705078125, -0.500762939453125, 0.03268337622284889, -0.2909495532512665, -0.05716821551322937
65601.941930625, 0.1294097900390625, -0.866546630859375, -0.494384765625, 0.003781156148761511, -0.309368759393692, -0.04885835200548172
65601.951999625, 0.12506103515625, -0.8778533935546875, -0.4908905029296875, -0.02822178415954113, -0.3223942816257477, -0.038547925651073456
65601.962067625, 0.1243743896484375, -0.884735107421875, -0.490478515625, -0.05206133797764778, -0.32472509145736694, -0.02761458419263363
65601.97213562501, 0.1185455322265625, -0.88360595703125, -0.490142822265625, -0.0653984472155571, -0.32311147451400757, -0.016286294907331467
65601.982203625, 0.0998382568359375, -0.8801727294921875, -0.4869537353515625, -0.0756169930100441, -0.29966768622398376, -0.017978999763727188
65601.992271625, 0.0881805419921875, -0.873748779296875, -0.4864349365234375, -0.08776766806840897, -0.2607825994491577, -0.030962709337472916
65602.002339625, 0.082916259765625, -0.865631103515625, -0.4829254150390625, -0.10790836066007614, -0.20854787528514862, -0.05765743553638458
65602.012407625, 0.0821990966796875, -0.862030029296875, -0.4883880615234375, -0.12867967784404755, -0.14845684170722961, -0.08101069927215576
65602.02247562501, 0.090606689453125, -0.8583526611328125, -0.49908447265625, -0.13459590077400208, -0.10273223370313644, -0.10046003013849258
65602.032543625, 0.107513427734375, -0.8570404052734375, -0.5117645263671875, -0.13284726440906525, -0.0749160498380661, -0.10402706265449524
65602.042611625, 0.1313018798828125, -0.8633270263671875, -0.5257110595703125, -0.12423939257860184, -0.06785494834184647, -0.09321755915880203
65602.052679625, 0.1514739990234375, -0.8696136474609375, -0.53790283203125, -0.10414184629917145, -0.07219057530164719, -0.07426784187555313
65602.06274762501, 0.164154052734375, -0.8781585693359375, -0.54034423828125, -0.08852613717317581, -0.09944350272417068, -0.058639343827962875
65602.072815625, 0.1707611083984375, -0.8900604248046875, -0.5314178466796875, -0.07217832654714584, -0.11797989904880524, -0.03653430938720703
65602.082883625, 0.165557861328125, -0.8990325927734375, -0.5166778564453125, -0.05085066333413124, -0.11546561121940613, -0.019756393507122993
65602.09295262501, 0.1464691162109375, -0.89630126953125, -0.50933837890625, -0.03729064762592316, -0.10933421552181244, -0.013892912305891514
65602.103020625, 0.1339263916015625, -0.8827972412109375, -0.4999847412109375, -0.007034739945083857, -0.08216863870620728, -0.02317003346979618
65602.113088625, 0.127716064453125, -0.8752288818359375, -0.4944000244140625, 0.026332005858421326, -0.036751888692379, -0.032708410173654556
65602.123156625, 0.12615966796875, -0.870086669921875, -0.492706298828125, 0.06213953718543053, 0.04764341935515404, -0.0312226340174675
65602.13322462501, 0.13916015625, -0.861236572265625, -0.50018310546875, 0.11571328341960907, 0.13809208571910858, -0.008800681680440903
65602.143292625, 0.1420440673828125, -0.8544464111328125, -0.51153564453125, 0.16318786144256592, 0.22584351897239685, 0.024207601323723793
65602.153360625, 0.13275146484375, -0.8495941162109375, -0.51422119140625, 0.1917089819908142, 0.2872789204120636, 0.048824530094861984
65602.163428625, 0.124725341796875, -0.850372314453125, -0.50927734375, 0.18742981553077698, 0.31116241216659546, 0.05895492807030678
65602.17349662501, 0.1244659423828125, -0.8662872314453125, -0.490875244140625, 0.15606629848480225, 0.3093424141407013, 0.06067266687750816
65602.18356462501, 0.1371612548828125, -0.8814239501953125, -0.4662322998046875, 0.10971584171056747, 0.30215853452682495, 0.05868834629654884
65602.193632625, 0.15191650390625, -0.8922271728515625, -0.4459075927734375, 0.07747561484575272, 0.2922965884208679, 0.06566556543111801
65602.203700625, 0.15167236328125, -0.8978271484375, -0.424285888671875, 0.05789898708462715, 0.29732221364974976, 0.06226044520735741
65602.213768625, 0.141845703125, -0.8912811279296875, -0.40869140625, 0.05363846197724342, 0.30019283294677734, 0.05710989236831665
65602.22383775, 0.1351318359375, -0.8793487548828125, -0.4018707275390625, 0.04945863038301468, 0.31502214074134827, 0.048587244004011154
65602.23390575, 0.1210479736328125, -0.8695068359375, -0.399322509765625, 0.052264269441366196, 0.32348617911338806, 0.02978159673511982
65602.24397375001, 0.1071319580078125, -0.862335205078125, -0.4020843505859375, 0.06060902029275894, 0.3147129416465759, 0.012327239848673344
65602.25404175, 0.10894775390625, -0.8589935302734375, -0.417877197265625, 0.05993843451142311, 0.2890773415565491, -0.008953547105193138
65602.26410975, 0.1204986572265625, -0.863800048828125, -0.440093994140625, 0.04704873636364937, 0.2315456122159958, -0.01495231781154871
65602.27417775, 0.1428680419921875, -0.873504638671875, -0.4553985595703125, 0.03268444165587425, 0.14657452702522278, -0.001252484624274075
65602.28424575001, 0.1669158935546875, -0.887603759765625, -0.460052490234375, 0.013265205547213554, 0.06658941507339478, 0.02876853197813034
65602.29431375, 0.178314208984375, -0.8992156982421875, -0.45672607421875, -0.00788295641541481, 0.0013930995482951403, 0.07317168265581131
65602.30438175, 0.1702117919921875, -0.897796630859375, -0.451263427734375, -0.043178096413612366, -0.038246188312768936, 0.10316633433103561
65602.31444975, 0.1463165283203125, -0.8911895751953125, -0.44134521484375, -0.07035671919584274, -0.07921493053436279, 0.11488477140665054
65602.32451775, 0.125457763671875, -0.8858489990234375, -0.431976318359375, -0.07894008606672287, -0.10487262159585953, 0.1076873168349266
65602.33458575001, 0.1096954345703125, -0.884735107421875, -0.42572021484375, -0.07020945101976395, -0.12139247357845306, 0.08905930072069168
65602.34465475, 0.0988616943359375, -0.882293701171875, -0.42706298828125, -0.05920153856277466, -0.13220198452472687, 0.0658024474978447
65602.35472275001, 0.0973968505859375, -0.87841796875, -0.445068359375, -0.04905915632843971, -0.14939375221729279, 0.04411393031477928
65602.36479075, 0.0925445556640625, -0.883056640625, -0.46624755859375, -0.04398556798696518, -0.18353520333766937, 0.01560878660529852
65602.37485875, 0.096923828125, -0.8917999267578125, -0.4741363525390625, -0.025720277801156044, -0.22514976561069489, -0.005256813485175371
65602.38492675, 0.11456298828125, -0.9051513671875, -0.472320556640625, 0.013551761396229267, -0.25778281688690186, -0.003547064261510968
65602.39499475001, 0.1294097900390625, -0.9138641357421875, -0.4713592529296875, 0.052629657089710236, -0.2596834897994995, 0.020203005522489548
65602.40506275001, 0.1251983642578125, -0.9107208251953125, -0.479583740234375, 0.07487211376428604, -0.24621988832950592, 0.04599172621965408
65602.41513075, 0.105010986328125, -0.9005279541015625, -0.4934844970703125, 0.09551214426755905, -0.23673637211322784, 0.06416992843151093
65602.42519875, 0.0842437744140625, -0.8931732177734375, -0.5044097900390625, 0.10885670781135559, -0.24661244451999664, 0.07383906841278076
65602.43526675, 0.064544677734375, -0.8894195556640625, -0.5125579833984375, 0.11976847797632217, -0.26761358976364136, 0.06607302278280258
65602.44533475001, 0.0480804443359375, -0.88580322265625, -0.5029449462890625, 0.13975204527378082, -0.30272606015205383, 0.051173172891139984
65602.45540375, 0.0406341552734375, -0.8878021240234375, -0.492095947265625, 0.16326189041137695, -0.32314902544021606, 0.024753816425800323
65602.46547175001, 0.043365478515625, -0.892730712890625, -0.4818115234375, 0.17698968946933746, -0.32857733964920044, 0.008990565314888954
65602.47553975, 0.0550689697265625, -0.8947601318359375, -0.4820098876953125, 0.18179669976234436, -0.315716952085495, 0.0014120079576969147
65602.48560775, 0.062255859375, -0.8920745849609375, -0.49365234375, 0.18986687064170837, -0.29842904210090637, 0.004631769843399525
65602.49567575, 0.057708740234375, -0.8879241943359375, -0.5067138671875, 0.1944429874420166, -0.29920586943626404, 0.010002566501498222
65602.50574375, 0.043426513671875, -0.889923095703125, -0.5088043212890625, 0.20130407810211182, -0.30458733439445496, 0.013173592276871204
65602.51581175001, 0.02587890625, -0.893707275390625, -0.498321533203125, 0.2147061824798584, -0.3055404722690582, 0.010437460616230965
65602.52587975, 0.0142822265625, -0.8952178955078125, -0.4765472412109375, 0.22189591825008392, -0.2764537036418915, 0.00598518829792738
65602.53594775, 0.0124969482421875, -0.89227294921875, -0.4698486328125, 0.21244755387306213, -0.21041688323020935, -0.005303418729454279
65602.54601575, 0.0154571533203125, -0.892822265625, -0.4704132080078125, 0.164097860455513, -0.11822278052568436, -0.029877204447984695
65602.55608375001, 0.0298004150390625, -0.8870849609375, -0.4824066162109375, 0.09081006050109863, -0.043409258127212524, -0.05756315961480141
65602.56615275, 0.0454559326171875, -0.8807830810546875, -0.4990234375, 0.01721334084868431, 0.002275937469676137, -0.07450113445520401
65602.57622075001, 0.0785369873046875, -0.8741455078125, -0.518157958984375, -0.03584881126880646, 0.01871909201145172, -0.06834390014410019
65602.58628875, 0.1148529052734375, -0.8631744384765625, -0.5395355224609375, -0.054655786603689194, 0.024690432474017143, -0.02808995731174946
65602.59635675, 0.1283416748046875, -0.85455322265625, -0.5508270263671875, -0.03723205626010895, 0.030278543010354042, 0.01979101449251175
65602.60642475, 0.1259613037109375, -0.8422698974609375, -0.5512237548828125, 0.014112090691924095, 0.033799510449171066, 0.08026554435491562
65602.61649275, 0.1074676513671875, -0.835357666015625, -0.54425048828125, 0.06515263766050339, 0.0497068352997303, 0.13052286207675934
65602.62656075001, 0.0698394775390625, -0.84344482421875, -0.5299072265625, 0.11851892620325089, 0.07509368658065796, 0.14830851554870605
65602.63662875, 0.0385894775390625, -0.852935791015625, -0.5034637451171875, 0.16140593588352203, 0.09847117960453033, 0.12848792970180511
65602.64669675, 0.026519775390625, -0.867919921875, -0.47039794921875, 0.18332108855247498, 0.13592268526554108, 0.09620509296655655
65602.65676475, 0.0234222412109375, -0.8835296630859375, -0.4487152099609375, 0.17519259452819824, 0.18168137967586517, 0.05616047605872154
65602.66683375, 0.0274810791015625, -0.89068603515625, -0.44427490234375, 0.12855930626392365, 0.2023853212594986, 0.010851049795746803
65602.67690175, 0.0373687744140625, -0.8889007568359375, -0.449859619140625, 0.040648095309734344, 0.1989130973815918, -0.034926824271678925
65602.68696975001, 0.05859375, -0.8853759765625, -0.4619140625, -0.0629320964217186, 0.17313823103904724, -0.06956283003091812
65602.69703775001, 0.0866241455078125, -0.8812713623046875, -0.482025146484375, -0.1621130108833313, 0.12992870807647705, -0.08957302570343018
65602.70710575, 0.1149749755859375, -0.8765716552734375, -0.5028533935546875, -0.23402687907218933, 0.061101704835891724, -0.08417053520679474
65602.71717375, 0.13140869140625, -0.861053466796875, -0.5244140625, -0.2761463522911072, -0.0019089538836851716, -0.05926039442420006
65602.72724175, 0.1245880126953125, -0.8443756103515625, -0.546051025390625, -0.2968950569629669, -0.05531518533825874, -0.04060095548629761
65602.73730975001, 0.1023712158203125, -0.8254241943359375, -0.5637054443359375, -0.3021843731403351, -0.11823742836713791, -0.032758478075265884
65602.74737775, 0.080810546875, -0.81494140625, -0.571044921875, -0.2849007248878479, -0.1823785901069641, -0.042944539338350296
65602.75744575, 0.0684051513671875, -0.813262939453125, -0.5678253173828125, -0.2574685513973236, -0.2347501963376999, -0.05161738768219948
65602.76751375, 0.062652587890625, -0.8153839111328125, -0.5567626953125, -0.22395053505897522, -0.27342888712882996, -0.05550214275717735
65602.77758275, 0.059814453125, -0.8143157958984375, -0.5446624755859375, -0.20031045377254486, -0.28679314255714417, -0.05608990043401718
65602.78765075, 0.0537109375, -0.818115234375, -0.5478515625, -0.18432509899139404, -0.2865279018878937, -0.062497466802597046
65602.79771875001, 0.050262451171875, -0.8163909912109375, -0.548553466796875, -0.188066303730011, -0.2591434121131897, -0.05970194563269615
65602.80778675001, 0.03021240234375, -0.8217620849609375, -0.56109619140625, -0.18703939020633698, -0.2369433045387268, -0.07760318368673325
65602.81785475, 0.0203399658203125, -0.813568115234375, -0.5697174072265625, -0.18609370291233063, -0.21616052091121674, -0.10613016784191132
65602.82792275, 0.0284271240234375, -0.8120269775390625, -0.57708740234375, -0.17821180820465088, -0.17488765716552734, -0.12649855017662048
65602.83799075, 0.0246429443359375, -0.808135986328125, -0.585174560546875, -0.16440358757972717, -0.13103018701076508, -0.13889023661613464
65602.84805875001, 0.030670166015625, -0.7925872802734375, -0.58380126953125, -0.14217977225780487, -0.10112075507640839, -0.14699503779411316
65602.85812675, 0.0376739501953125, -0.78936767578125, -0.58251953125, -0.12496563792228699, -0.0731852650642395, -0.1527983397245407
65602.86819575001, 0.0430908203125, -0.7910003662109375, -0.580078125, -0.12090777605772018, -0.0571647509932518, -0.15349048376083374
65602.87826375, 0.0540618896484375, -0.79278564453125, -0.57135009765625, -0.11975489556789398, -0.06241677328944206, -0.15109844505786896
65602.88833175, 0.064666748046875, -0.8001251220703125, -0.5564422607421875, -0.11885873973369598, -0.06391320377588272, -0.14352759718894958
65602.89839975, 0.0764312744140625, -0.8090362548828125, -0.543914794921875, -0.11945555359125137, -0.059120044112205505, -0.12089899182319641
65602.90846775, 0.0869293212890625, -0.8140716552734375, -0.5424041748046875, -0.1204632967710495, -0.04922293871641159, -0.0928143560886383
65602.91853575001, 0.0806121826171875, -0.815032958984375, -0.5437469482421875, -0.13352051377296448, -0.037095438688993454, -0.06244313716888428
65602.92860375, 0.0664520263671875, -0.81610107421875, -0.5455322265625, -0.15201961994171143, -0.02646995708346367, -0.04584045708179474
65602.93867175, 0.0609588623046875, -0.811920166015625, -0.5459136962890625, -0.16462063789367676, -0.016700416803359985, -0.035058651119470596
65602.94873975, 0.0659332275390625, -0.816162109375, -0.5521240234375, -0.17451348900794983, -0.0005307680112309754, -0.027466777712106705
65602.95880875, 0.07769775390625, -0.8221893310546875, -0.5538482666015625, -0.1821407824754715, 0.01745382510125637, -0.013007411733269691
65602.96887675, 0.0814056396484375, -0.8268890380859375, -0.5534210205078125, -0.18749000132083893, 0.03756548464298248, 0.00586614478379488
65602.97894475001, 0.084747314453125, -0.8294677734375, -0.5534515380859375, -0.19433379173278809, 0.06309827417135239, 0.030404511839151382
65602.98901275001, 0.089691162109375, -0.830963134765625, -0.56170654296875, -0.2070104330778122, 0.09299252182245255, 0.057198308408260345
65602.99908075, 0.0858306884765625, -0.8308868408203125, -0.57244873046875, -0.2223808765411377, 0.1214529275894165, 0.08549279719591141
65603.00914875, 0.0762786865234375, -0.82305908203125, -0.5799102783203125, -0.23706288635730743, 0.15257969498634338, 0.10785748809576035
65603.01921675, 0.0695037841796875, -0.816375732421875, -0.589111328125, -0.24451999366283417, 0.18304598331451416, 0.12898248434066772
65603.02928475001, 0.0665283203125, -0.813262939453125, -0.6019134521484375, -0.24194179475307465, 0.20276190340518951, 0.1435379832983017
65603.03935275, 0.07171630859375, -0.816009521484375, -0.610137939453125, -0.22853463888168335, 0.21732406318187714, 0.15826714038848877
65603.04942175001, 0.079986572265625, -0.8159027099609375, -0.6048431396484375, -0.20100528001785278, 0.2250719964504242, 0.1758354753255844
65603.05948975, 0.0946044921875, -0.821014404296875, -0.5947265625, -0.16837888956069946, 0.24938000738620758, 0.20351023972034454
65603.06955775, 0.09088134765625, -0.8234710693359375, -0.5924530029296875, -0.15699228644371033, 0.2792947590351105, 0.22298407554626465
65603.07962575, 0.0772857666015625, -0.8248748779296875, -0.5918121337890625, -0.14849546551704407, 0.30482596158981323, 0.22417105734348297
65603.08969375001, 0.06396484375, -0.8256072998046875, -0.5821685791015625, -0.13675038516521454, 0.31431931257247925, 0.2125743180513382
65603.09976175001, 0.0747222900390625, -0.826568603515625, -0.5814056396484375, -0.12534061074256897, 0.3356624245643616, 0.20751191675662994
65603.10982975, 0.07684326171875, -0.8270111083984375, -0.5772247314453125, -0.11415107548236847, 0.3721639811992645, 0.20070567727088928
65603.11989775, 0.073822021484375, -0.8260650634765625, -0.5802001953125, -0.09858329594135284, 0.4143601655960083, 0.19238382577896118
65603.12996575, 0.0820159912109375, -0.8173828125, -0.5848388671875, -0.07201586663722992, 0.44267594814300537, 0.19538387656211853
65603.14003475, 0.085845947265625, -0.8155670166015625, -0.5885162353515625, -0.03440511226654053, 0.45654624700546265, 0.20619098842144012
65603.15010275, 0.088470458984375, -0.8145751953125, -0.5843048095703125, 0.011226288974285126, 0.45958411693573, 0.22281816601753235
65603.16017075001, 0.0912628173828125, -0.813507080078125, -0.5777740478515625, 0.05552877113223076, 0.4567214846611023, 0.23529933393001556
65603.17023875, 0.093963623046875, -0.820526123046875, -0.565155029296875, 0.1016685739159584, 0.4535653591156006, 0.2527262568473816
65603.18030675, 0.097564697265625, -0.823455810546875, -0.5483245849609375, 0.14364664256572723, 0.4627663195133209, 0.2734515070915222
65603.19037475, 0.09307861328125, -0.829132080078125, -0.5379180908203125, 0.15863864123821259, 0.4903295040130615, 0.29208219051361084
65603.20044275, 0.08447265625, -0.828826904296875, -0.5318145751953125, 0.15189632773399353, 0.5209574699401855, 0.3001861870288849
65603.21051075001, 0.0731048583984375, -0.828125, -0.531707763671875, 0.12571372091770172, 0.5506013631820679, 0.30423951148986816
65603.22057925, 0.066131591796875, -0.8307037353515625, -0.52886962890625, 0.10381720960140228, 0.5719857215881348, 0.30474579334259033
65603.23064725, 0.0711822509765625, -0.8349456787109375, -0.5271148681640625, 0.0767432451248169, 0.5981699228286743, 0.30884304642677307
65603.24071525001, 0.08343505859375, -0.8430328369140625, -0.53271484375, 0.05961592495441437, 0.6153430938720703, 0.32393306493759155
65603.25078325, 0.08978271484375, -0.8544769287109375, -0.54473876953125, 0.057978879660367966, 0.6248777508735657, 0.3461185395717621
65603.26085125, 0.0959625244140625, -0.8633880615234375, -0.55462646484375, 0.06665359437465668, 0.6341119408607483, 0.37539759278297424
65603.27091925, 0.1008453369140625, -0.871795654296875, -0.5647735595703125, 0.0855436623096466, 0.6445438265800476, 0.4077901542186737
65603.28098725001, 0.087005615234375, -0.88360595703125, -0.5708160400390625, 0.11241309344768524, 0.6460415720939636, 0.43253305554389954
65603.29105525001, 0.0738067626953125, -0.89178466796875, -0.560455322265625, 0.13762497901916504, 0.6650134325027466, 0.43827855587005615
65603.30112325, 0.0795440673828125, -0.9012908935546875, -0.5459442138671875, 0.15174399316310883, 0.712281346321106, 0.43842262029647827
65603.31119225001, 0.1026458740234375, -0.91265869140625, -0.5376739501953125, 0.15202787518501282, 0.7842562198638916, 0.43550434708595276
65603.32126025, 0.1413116455078125, -0.92352294921875, -0.545440673828125, 0.14660674333572388, 0.8773941397666931, 0.45282232761383057
65603.33132825, 0.176422119140625, -0.92974853515625, -0.5727996826171875, 0.14140985906124115, 0.9486760497093201, 0.48726552724838257
65603.34139625, 0.1983184814453125, -0.924346923828125, -0.6027069091796875, 0.14471963047981262, 0.9640922546386719, 0.5406240820884705
65603.35146425001, 0.203643798828125, -0.9250335693359375, -0.6215057373046875, 0.1512552946805954, 0.9355173707008362, 0.5923136472702026
65603.36153225, 0.204681396484375, -0.9260406494140625, -0.616302490234375, 0.15608467161655426, 0.8794940114021301, 0.6396968960762024
65603.37160025, 0.1904754638671875, -0.9393310546875, -0.5928192138671875, 0.15107128024101257, 0.8141786456108093, 0.677459180355072
65603.38166825, 0.18133544921875, -0.9515380859375, -0.5642242431640625, 0.1245131641626358, 0.7755817174911499, 0.6971271634101868
65603.39173725, 0.1678314208984375, -0.9543914794921875, -0.5415802001953125, 0.06295100599527359, 0.7428805232048035, 0.695915699005127
65603.40180525, 0.1443328857421875, -0.9513702392578125, -0.532867431640625, -0.01194188091903925, 0.7062839269638062, 0.6778472065925598
65603.41187325, 0.1364288330078125, -0.944091796875, -0.529510498046875, -0.0807635560631752, 0.667819619178772, 0.6561610698699951
65603.42194125001, 0.1382904052734375, -0.935333251953125, -0.5393829345703125, -0.1337098628282547, 0.6385935544967651, 0.6428929567337036
65603.43200925, 0.1386871337890625, -0.919952392578125, -0.55694580078125, -0.15262442827224731, 0.6097043752670288, 0.6343939900398254
65603.44207725, 0.140289306640625, -0.9025115966796875, -0.569610595703125, -0.136189803481102, 0.5944742560386658, 0.622543454170227
65603.45214525, 0.1466827392578125, -0.892486572265625, -0.58245849609375, -0.09264711290597916, 0.6134671568870544, 0.6152080297470093
65603.46221425, 0.1486663818359375, -0.8836669921875, -0.59381103515625, -0.03491217643022537, 0.6336293816566467, 0.6047998666763306
65603.47228225, 0.1432952880859375, -0.874176025390625, -0.6056060791015625, 0.026150377467274666, 0.6400537490844727, 0.586310863494873
65603.48235025001, 0.1431121826171875, -0.870819091796875, -0.610443115234375, 0.0958985686302185, 0.6343052983283997, 0.5675342679023743
65603.49241825001, 0.14813232421875, -0.8715667724609375, -0.6052398681640625, 0.15798483788967133, 0.6144751310348511, 0.5527002215385437
65603.50248625, 0.1488037109375, -0.871368408203125, -0.595184326171875, 0.22398117184638977, 0.5890858769416809, 0.540138304233551
65603.51255425, 0.1373443603515625, -0.865997314453125, -0.5786590576171875, 0.2689070999622345, 0.5694876909255981, 0.5236192941665649
65603.52262225, 0.128753662109375, -0.8610076904296875, -0.5630340576171875, 0.30698204040527344, 0.5535387992858887, 0.5087835788726807
65603.53269025001, 0.125335693359375, -0.8531341552734375, -0.5503997802734375, 0.33772239089012146, 0.5466231107711792, 0.5017134547233582
65603.54275925, 0.11578369140625, -0.8479156494140625, -0.540374755859375, 0.36301708221435547, 0.5508285164833069, 0.49968838691711426
65603.55282725001, 0.095916748046875, -0.8430328369140625, -0.5389862060546875, 0.38295644521713257, 0.5594233274459839, 0.4907638728618622
65603.56289525, 0.0789794921875, -0.839691162109375, -0.54205322265625, 0.40811532735824585, 0.5475741624832153, 0.47226446866989136
65603.57296325, 0.0889739990234375, -0.840087890625, -0.5414886474609375, 0.4418189525604248, 0.5384179353713989, 0.46126750111579895
65603.58303125, 0.101318359375, -0.84564208984375, -0.5370635986328125, 0.4707379639148712, 0.5339259505271912, 0.4602104723453522
65603.59309925, 0.105255126953125, -0.8472747802734375, -0.5308685302734375, 0.4858527183532715, 0.524146556854248, 0.4680534899234772
65603.60316725001, 0.1056976318359375, -0.850341796875, -0.51959228515625, 0.48069843649864197, 0.5027909874916077, 0.46399617195129395
65603.61323525, 0.10528564453125, -0.87103271484375, -0.5033721923828125, 0.4625908136367798, 0.49293166399002075, 0.4654345214366913
65603.62330425001, 0.106201171875, -0.895172119140625, -0.490234375, 0.44508957862854004, 0.4900014102458954, 0.4721110761165619
65603.63337225, 0.0964202880859375, -0.91229248046875, -0.482940673828125, 0.4408301115036011, 0.47082796692848206, 0.4658806025981903
65603.64344025, 0.0833892822265625, -0.922271728515625, -0.4723968505859375, 0.4426586627960205, 0.4339831471443176, 0.44649121165275574
65603.65350825, 0.0723114013671875, -0.928619384765625, -0.4613800048828125, 0.4376082420349121, 0.40005871653556824, 0.4102325439453125
65603.66357625001, 0.06640625, -0.930267333984375, -0.4501800537109375, 0.4267004430294037, 0.370188444852829, 0.36858177185058594
65603.67364425, 0.0745391845703125, -0.917022705078125, -0.4411163330078125, 0.41095423698425293, 0.34852150082588196, 0.3335295021533966
65603.68371225, 0.07940673828125, -0.89849853515625, -0.4415130615234375, 0.3870134949684143, 0.32895737886428833, 0.30417400598526
65603.69378125001, 0.0870819091796875, -0.8818206787109375, -0.4412078857421875, 0.3631872534751892, 0.31512999534606934, 0.28625917434692383
65603.70384925, 0.094512939453125, -0.869964599609375, -0.4415283203125, 0.33802491426467896, 0.3202086389064789, 0.27327147126197815
65603.71391725, 0.0938873291015625, -0.8640899658203125, -0.4437408447265625, 0.3311249315738678, 0.3197796046733856, 0.26250672340393066
65603.72398525, 0.0857391357421875, -0.85888671875, -0.4468231201171875, 0.3338797092437744, 0.3046581745147705, 0.24316871166229248
65603.73405325001, 0.0847015380859375, -0.853790283203125, -0.4410858154296875, 0.35100674629211426, 0.271410197019577, 0.2226754128932953
65603.74412125, 0.0849609375, -0.850006103515625, -0.43072509765625, 0.3700435757637024, 0.24788117408752441, 0.19417665898799896
65603.75418925, 0.0786590576171875, -0.8451080322265625, -0.4163970947265625, 0.38738712668418884, 0.22775860130786896, 0.16344910860061646
65603.76425825, 0.07452392578125, -0.8413238525390625, -0.4048004150390625, 0.4013996124267578, 0.2160223126411438, 0.12660294771194458
65603.77432625, 0.0739898681640625, -0.8419036865234375, -0.3974456787109375, 0.4041892886161804, 0.2100331336259842, 0.09010246396064758
65603.78439425, 0.0678558349609375, -0.8514251708984375, -0.395233154296875, 0.4068918526172638, 0.2033480554819107, 0.06690207123756409
65603.79446225, 0.0539703369140625, -0.86029052734375, -0.4044189453125, 0.4126693308353424, 0.18347741663455963, 0.04821493476629257
65603.80453025001, 0.03875732421875, -0.86627197265625, -0.4117584228515625, 0.4328345060348511, 0.13867506384849548, 0.022898657247424126
65603.81459825, 0.0336456298828125, -0.8690338134765625, -0.4082489013671875, 0.45753294229507446, 0.09035759419202805, 0.0005430185701698065
65603.82466625, 0.0362091064453125, -0.868682861328125, -0.4017333984375, 0.4855872094631195, 0.05342967063188553, -0.024382837116718292
65603.83473525, 0.0438385009765625, -0.868621826171875, -0.3935699462890625, 0.4983602464199066, 0.027275828644633293, -0.05122030898928642
65603.84480325, 0.0579833984375, -0.870819091796875, -0.384063720703125, 0.5021328926086426, 0.016466591507196426, -0.0702267587184906
65603.85487125, 0.07598876953125, -0.87249755859375, -0.3833160400390625, 0.49215564131736755, 0.0025987126864492893, -0.07622366398572922
65603.86493925001, 0.0842132568359375, -0.8741302490234375, -0.3900146484375, 0.47136378288269043, -0.025851570069789886, -0.07652992755174637
65603.87500725, 0.09075927734375, -0.877593994140625, -0.3845672607421875, 0.4511623978614807, -0.0492815300822258, -0.06057839095592499
65603.88507525, 0.0890350341796875, -0.8820953369140625, -0.3793792724609375, 0.4387885332107544, -0.07258711755275726, -0.04938193038105965
65603.89514325, 0.0753936767578125, -0.892669677734375, -0.3644561767578125, 0.43851903080940247, -0.08802599459886551, -0.04071493819355965
65603.90521225, 0.058349609375, -0.9019622802734375, -0.344696044921875, 0.4420759379863739, -0.08961457014083862, -0.04711824283003807
65603.91528025, 0.04248046875, -0.9060516357421875, -0.33306884765625, 0.45433661341667175, -0.07907484471797943, -0.06028304621577263
65603.92534825, 0.024505615234375, -0.90533447265625, -0.3250274658203125, 0.4558386206626892, -0.0658586397767067, -0.0853031799197197
65603.93541625001, 0.011199951171875, -0.8974456787109375, -0.3186798095703125, 0.4462350010871887, -0.0557149276137352, -0.12445138394832611
65603.94548425, 0.0102691650390625, -0.896148681640625, -0.30816650390625, 0.42578139901161194, -0.04773609712719917, -0.166842520236969
65603.95555225, 0.0167236328125, -0.9078216552734375, -0.306182861328125, 0.37813636660575867, -0.04327983036637306, -0.1982766091823578
65603.96562025, 0.03546142578125, -0.923828125, -0.31365966796875, 0.3210794925689697, -0.06155124679207802, -0.21639221906661987
65603.97568925, 0.056060791015625, -0.9463653564453125, -0.31964111328125, 0.26803889870643616, -0.09977426379919052, -0.2087279111146927
65603.98575725, 0.0638885498046875, -0.9634857177734375, -0.3319244384765625, 0.22843477129936218, -0.1341458261013031, -0.2000739723443985
65603.99582525001, 0.06610107421875, -0.967559814453125, -0.3409423828125, 0.2053574174642563, -0.18591047823429108, -0.1883898824453354
65604.00589325001, 0.0637054443359375, -0.9723358154296875, -0.3447723388671875, 0.2145833969116211, -0.21549473702907562, -0.17782779037952423
65604.01596125, 0.06573486328125, -0.97430419921875, -0.3472137451171875, 0.25355902314186096, -0.22447144985198975, -0.15949778258800507
65604.02602925, 0.0803375244140625, -0.9773712158203125, -0.35028076171875, 0.31301915645599365, -0.2061813920736313, -0.12878140807151794
65604.03609725, 0.091278076171875, -0.98382568359375, -0.355712890625, 0.37568387389183044, -0.17390361428260803, -0.07777362316846848
65604.04616625, 0.0944976806640625, -0.9912567138671875, -0.3577423095703125, 0.4364425539970398, -0.14188337326049805, -0.02148904651403427
65604.05623425, 0.0898590087890625, -1.0082855224609375, -0.3402557373046875, 0.4740075170993805, -0.1236385852098465, 0.028504611924290657
65604.06630225001, 0.081573486328125, -1.025146484375, -0.3142547607421875, 0.48599308729171753, -0.1106942892074585, 0.06335367262363434
65604.07637025, 0.076568603515625, -1.0287017822265625, -0.2884063720703125, 0.4784853458404541, -0.10363052040338516, 0.08628269284963608
65604.08643825, 0.0630035400390625, -1.0286407470703125, -0.279937744140625, 0.4457327425479889, -0.11435507237911224, 0.09115494042634964
65604.09650625, 0.0535430908203125, -1.0196685791015625, -0.27325439453125, 0.39090409874916077, -0.14026975631713867, 0.08770827949047089
65604.10657525, 0.0518035888671875, -1.0050048828125, -0.2715301513671875, 0.33718255162239075, -0.15950576961040497, 0.08311273157596588
65604.11664325, 0.055419921875, -0.9900665283203125, -0.2743682861328125, 0.2980303466320038, -0.16792668402194977, 0.09025639295578003
65604.12671125, 0.0598907470703125, -0.9651336669921875, -0.278900146484375, 0.2867228388786316, -0.1737115979194641, 0.11090628057718277
65604.13677925001, 0.0522003173828125, -0.9351959228515625, -0.2861175537109375, 0.2809765338897705, -0.17974260449409485, 0.13534636795520782
65604.14684725, 0.034149169921875, -0.90594482421875, -0.285614013671875, 0.2787458896636963, -0.1922522634267807, 0.14459820091724396
65604.15691525, 0.0229949951171875, -0.889556884765625, -0.27716064453125, 0.27697062492370605, -0.20385299623012543, 0.14631779491901398
65604.16698325, 0.024322509765625, -0.886199951171875, -0.2603607177734375, 0.26283854246139526, -0.21044431626796722, 0.1481282114982605
65604.17705225, 0.0280609130859375, -0.8955078125, -0.2441558837890625, 0.24117399752140045, -0.20866826176643372, 0.14678837358951569
65604.18712025, 0.0274505615234375, -0.9106597900390625, -0.229827880859375, 0.2122315615415573, -0.20528177917003632, 0.13504810631275177
65604.19718825001, 0.0244903564453125, -0.9287261962890625, -0.21820068359375, 0.18654298782348633, -0.2050040066242218, 0.11454708129167557
65604.20725625001, 0.0236358642578125, -0.93804931640625, -0.2124176025390625, 0.15838217735290527, -0.21442840993404388, 0.08771147578954697
65604.21732425, 0.0159759521484375, -0.948486328125, -0.2103424072265625, 0.1325921267271042, -0.22711384296417236, 0.0471816249191761
65604.227392625, 0.0128936767578125, -0.954620361328125, -0.2142181396484375, 0.11425253748893738, -0.23707672953605652, 0.005596366710960865
65604.237461625, 0.0137939453125, -0.948394775390625, -0.220733642578125, 0.11133797466754913, -0.2359246462583542, -0.03779185190796852
65604.247529625, 0.0161590576171875, -0.9541168212890625, -0.22930908203125, 0.11681423336267471, -0.2181653529405594, -0.07140174508094788
65604.25759762501, 0.0330810546875, -0.9663543701171875, -0.238616943359375, 0.13287149369716644, -0.18972359597682953, -0.08008471876382828
65604.267665625, 0.049041748046875, -0.974945068359375, -0.2558746337890625, 0.16475751996040344, -0.16351622343063354, -0.06548953056335449
65604.277733625, 0.052032470703125, -0.9854888916015625, -0.268463134765625, 0.19550397992134094, -0.15886661410331726, -0.04222441837191582
65604.287801625, 0.0505828857421875, -0.989471435546875, -0.269012451171875, 0.22282269597053528, -0.16446085274219513, -0.023425698280334473
65604.297870625, 0.043487548828125, -0.9870758056640625, -0.265625, 0.24355673789978027, -0.17485037446022034, -0.01636406034231186
65604.307938625, 0.0395355224609375, -0.97894287109375, -0.2557373046875, 0.25950852036476135, -0.190941721200943, -0.011024953797459602
65604.318006625, 0.02972412109375, -0.976531982421875, -0.24017333984375, 0.25388261675834656, -0.20066732168197632, -0.024382304400205612
65604.32807462501, 0.0227203369140625, -0.9792633056640625, -0.230682373046875, 0.23782400786876678, -0.1969871073961258, -0.03682565689086914
65604.338142625, 0.0291595458984375, -0.972808837890625, -0.229278564453125, 0.22962786257266998, -0.19507095217704773, -0.043303798884153366
65604.348210625, 0.0292510986328125, -0.9662628173828125, -0.236663818359375, 0.22313961386680603, -0.19042107462882996, -0.05435831472277641
65604.358278625, 0.0228271484375, -0.9646148681640625, -0.248382568359375, 0.21704043447971344, -0.19951017200946808, -0.07176873087882996
65604.368347625, 0.0241851806640625, -0.965972900390625, -0.2513275146484375, 0.22415293753147125, -0.21168668568134308, -0.08959007263183594
65604.378415625, 0.0405426025390625, -0.9718170166015625, -0.252838134765625, 0.24382410943508148, -0.21524706482887268, -0.10558102279901505
65604.388483625, 0.0623931884765625, -0.979278564453125, -0.2563018798828125, 0.27800285816192627, -0.21403558552265167, -0.10158015042543411
65604.39855162501, 0.070220947265625, -0.97552490234375, -0.2614593505859375, 0.3105293810367584, -0.21847347915172577, -0.09584663063287735
65604.408619625, 0.0684814453125, -0.96368408203125, -0.257659912109375, 0.34344232082366943, -0.23385722935199738, -0.08498067408800125
65604.418687625, 0.0590057373046875, -0.956024169921875, -0.24371337890625, 0.35400280356407166, -0.23788632452487946, -0.08044317364692688
65604.428756625, 0.0531005859375, -0.96124267578125, -0.2216339111328125, 0.34412434697151184, -0.21699462831020355, -0.08356306701898575
65604.438824625, 0.0517578125, -0.9880218505859375, -0.2014312744140625, 0.3139840364456177, -0.16505420207977295, -0.07716935127973557
65604.448892625, 0.051910400390625, -1.023406982421875, -0.192108154296875, 0.2962319254875183, -0.11174596846103668, -0.05113295838236809
65604.45896062501, 0.050750732421875, -1.0493011474609375, -0.20025634765625, 0.27775466442108154, -0.0732896625995636, -0.018506040796637535
65604.469028625, 0.0450439453125, -1.0645599365234375, -0.208587646484375, 0.2775682210922241, -0.0639432966709137, 0.017669808119535446
65604.479096625, 0.0395050048828125, -1.0661773681640625, -0.208282470703125, 0.2830173373222351, -0.07061664760112762, 0.044733647257089615
65604.48916562501, 0.0328521728515625, -1.057769775390625, -0.2005462646484375, 0.2968846559524536, -0.09220369905233383, 0.05890273302793503
65604.499233625, 0.023590087890625, -1.04388427734375, -0.1876678466796875, 0.29661062359809875, -0.1149689331650734, 0.056713081896305084
65604.509301625, 0.017120361328125, -1.0315704345703125, -0.1761627197265625, 0.27892643213272095, -0.12616592645645142, 0.03653058037161827
65604.519369625, 0.0150909423828125, -1.0215301513671875, -0.1680908203125, 0.24457086622714996, -0.1258159875869751, 0.00902465358376503
65604.52943762501, 0.022308349609375, -1.0155487060546875, -0.1690673828125, 0.2135423719882965, -0.12709856033325195, -0.014576279558241367
65604.539505625, 0.0281219482421875, -1.0114593505859375, -0.174774169921875, 0.19034837186336517, -0.1288173645734787, -0.03158242627978325
65604.54957462501, 0.0278472900390625, -0.9995880126953125, -0.179046630859375, 0.17932474613189697, -0.13098597526550293, -0.0528498999774456
65604.559642625, 0.03045654296875, -0.9915618896484375, -0.1842803955078125, 0.17807012796401978, -0.133445143699646, -0.07160521298646927
65604.569710625, 0.0406951904296875, -0.9827117919921875, -0.1948089599609375, 0.18351230025291443, -0.14218777418136597, -0.08577722311019897
65604.579778625, 0.0586700439453125, -0.97332763671875, -0.201934814453125, 0.19962096214294434, -0.15101668238639832, -0.08106422424316406
65604.58984662501, 0.0752105712890625, -0.9632720947265625, -0.2090301513671875, 0.23031070828437805, -0.15382498502731323, -0.05715649574995041
65604.59991462501, 0.078216552734375, -0.95611572265625, -0.210479736328125, 0.2641613483428955, -0.15024222433567047, -0.023785224184393883
65604.609983625, 0.07110595703125, -0.947265625, -0.2087249755859375, 0.2950793206691742, -0.14589861035346985, 0.00242134602740407
65604.62005162501, 0.0606842041015625, -0.9446258544921875, -0.2075653076171875, 0.32445210218429565, -0.1440298706293106, 0.021373199298977852
65604.630119625, 0.050140380859375, -0.94781494140625, -0.194000244140625, 0.34790632128715515, -0.1512441188097, 0.038724493235349655
65604.640187625, 0.0397186279296875, -0.955780029296875, -0.17913818359375, 0.3674331307411194, -0.16072283685207367, 0.0454724095761776
65604.650255625, 0.0380706787109375, -0.9637603759765625, -0.1683197021484375, 0.37093013525009155, -0.17333103716373444, 0.04507453367114067
65604.66032362501, 0.040130615234375, -0.9664459228515625, -0.1635589599609375, 0.3631094992160797, -0.19376946985721588, 0.05320543050765991
65604.670392625, 0.044342041015625, -0.9650115966796875, -0.1595611572265625, 0.34754836559295654, -0.22335292398929596, 0.06471055001020432
65604.68046062501, 0.0439605712890625, -0.9597015380859375, -0.1603240966796875, 0.3262636065483093, -0.23907595872879028, 0.07660582661628723
65604.69052862501, 0.0394744873046875, -0.9526214599609375, -0.1634063720703125, 0.30925533175468445, -0.25069987773895264, 0.09066306054592133
65604.700596625, 0.0287017822265625, -0.9467620849609375, -0.1640472412109375, 0.3004834055900574, -0.26628682017326355, 0.09956573694944382
65604.710664625, 0.0126495361328125, -0.945648193359375, -0.1607513427734375, 0.29748016595840454, -0.2683504819869995, 0.10099026560783386
65604.720733625, 0.0020294189453125, -0.94415283203125, -0.1553497314453125, 0.2821081280708313, -0.25474947690963745, 0.0967760756611824
65604.730801625, -0.006256103515625, -0.9367218017578125, -0.157745361328125, 0.27319931983947754, -0.24420547485351562, 0.08758337795734406
65604.740869625, -0.0089111328125, -0.930328369140625, -0.15576171875, 0.2652953267097473, -0.23660987615585327, 0.08098086714744568
65604.75093762501, -0.00823974609375, -0.9260406494140625, -0.1517181396484375, 0.2578461766242981, -0.23811669647693634, 0.07523829489946365
65604.761005625, 0.002288818359375, -0.927734375, -0.1444091796875, 0.2516993582248688, -0.2176838517189026, 0.07417915761470795
65604.771073625, 0.00457763671875, -0.9309539794921875, -0.1361236572265625, 0.24594904482364655, -0.1969013512134552, 0.08286186307668686
65604.781142625, -0.0002899169921875, -0.934783935546875, -0.1381988525390625, 0.23504473268985748, -0.18719784915447235, 0.08396760374307632
65604.791210625, -0.004974365234375, -0.9397430419921875, -0.1351470947265625, 0.22739054262638092, -0.17103512585163116, 0.08067593723535538
65604.801278625, -0.01153564453125, -0.9474029541015625, -0.125091552734375, 0.2245100736618042, -0.15501302480697632, 0.079078309237957
65604.811346625, -0.0213165283203125, -0.952117919921875, -0.116119384765625, 0.2227127104997635, -0.13426725566387177, 0.07065073400735855
65604.82141462501, -0.0250244140625, -0.9527435302734375, -0.1121978759765625, 0.21936537325382233, -0.12217171490192413, 0.05783640220761299
65604.831482625, -0.0223846435546875, -0.956451416015625, -0.1080474853515625, 0.20355258882045746, -0.11436492204666138, 0.046717703342437744
65604.84155162501, -0.01568603515625, -0.964385986328125, -0.1048126220703125, 0.18577200174331665, -0.1100095883011818, 0.047082290053367615
65604.851619625, -0.0062103271484375, -0.9716949462890625, -0.101470947265625, 0.1678425371646881, -0.10839810967445374, 0.05131485313177109
65604.861687625, -0.0011749267578125, -0.982666015625, -0.1020660400390625, 0.15617336332798004, -0.11109083145856857, 0.05970540642738342
65604.871755625, 0.0047760009765625, -1.002655029296875, -0.1036376953125, 0.15674647688865662, -0.12006222456693649, 0.07713313400745392
65604.88182362501, 0.0096435546875, -1.0200042724609375, -0.10528564453125, 0.1649620532989502, -0.12442102283239365, 0.09969623386859894
65604.891892625, 0.001129150390625, -1.029296875, -0.1054229736328125, 0.18687215447425842, -0.13350319862365723, 0.11566081643104553
65604.90196062501, -0.012359619140625, -1.030853271484375, -0.1024169921875, 0.2108408659696579, -0.15445561707019806, 0.1169215589761734
65604.91202862501, -0.0187225341796875, -1.0238189697265625, -0.0969390869140625, 0.2238709181547165, -0.18251149356365204, 0.10458046942949295
65604.922096625, -0.02398681640625, -1.0143585205078125, -0.086517333984375, 0.2175954431295395, -0.21883566677570343, 0.08137474954128265
65604.932164625, -0.0315399169921875, -1.00634765625, -0.07135009765625, 0.1919819563627243, -0.2504394054412842, 0.052742041647434235
65604.942232625, -0.03607177734375, -1.00238037109375, -0.060577392578125, 0.15237969160079956, -0.28194087743759155, 0.01992230862379074
65604.952301625, -0.0360260009765625, -1.00445556640625, -0.0535888671875, 0.10112927854061127, -0.30403897166252136, -0.001972603378817439
65604.962369625, -0.0337982177734375, -1.0091094970703125, -0.054412841796875, 0.05065305903553963, -0.3144628703594208, -0.013424196280539036
65604.97243762501, -0.029144287109375, -1.0077056884765625, -0.0648956298828125, 0.011633752845227718, -0.3247293531894684, -0.009758355095982552
65604.982505625, -0.0339202880859375, -1.003265380859375, -0.0820770263671875, -0.015188540332019329, -0.34218689799308777, -0.004230697639286518
65604.992573625, -0.0369873046875, -0.998382568359375, -0.100921630859375, -0.030701985582709312, -0.3688286244869232, -0.0018580874893814325
65605.002642625, -0.03399658203125, -0.986236572265625, -0.111236572265625, -0.03310522437095642, -0.39630046486854553, 0.004148405976593494
65605.012710625, -0.0352325439453125, -0.974639892578125, -0.119415283203125, -0.022009961307048798, -0.418936550617218, 0.00022903185163158923
65605.022778625, -0.037261962890625, -0.9603729248046875, -0.1199188232421875, -0.01618482917547226, -0.4323303699493408, -0.009920274838805199
65605.032846625, -0.0384063720703125, -0.9470367431640625, -0.1198272705078125, -0.005831790156662464, -0.44668588042259216, -0.01709083653986454
65605.04291462501, -0.037353515625, -0.9410858154296875, -0.123870849609375, -0.00042024682625196874, -0.4519818425178528, -0.01847461424767971
65605.052982625, -0.0361785888671875, -0.9406890869140625, -0.1222991943359375, -0.0018969696247950196, -0.4603992998600006, -0.0161249078810215
65605.06305162501, -0.0438079833984375, -0.94525146484375, -0.1112518310546875, -0.010778877884149551, -0.4658329486846924, -0.007336475886404514
65605.073119625, -0.0553741455078125, -0.943328857421875, -0.090057373046875, -0.03863314539194107, -0.4759018123149872, -0.00700810831040144
65605.083187625, -0.074371337890625, -0.9454193115234375, -0.0637969970703125, -0.09009101241827011, -0.4836612045764923, -0.019147062674164772
65605.093255625, -0.085845947265625, -0.9410858154296875, -0.046783447265625, -0.17153340578079224, -0.47880440950393677, -0.0446966327726841
65605.10332362501, -0.092254638671875, -0.9297027587890625, -0.0369873046875, -0.26497626304626465, -0.47619423270225525, -0.07506918162107468
65605.113392625, -0.0915069580078125, -0.92144775390625, -0.03741455078125, -0.3445983827114105, -0.4837786555290222, -0.11452524363994598
65605.12346062501, -0.0767974853515625, -0.9083404541015625, -0.04486083984375, -0.40910840034484863, -0.48175784945487976, -0.14209242165088654
65605.13352862501, -0.0623779296875, -0.8983306884765625, -0.0603790283203125, -0.45636406540870667, -0.5001296401023865, -0.16418974101543427
65605.143596625, -0.049163818359375, -0.8948974609375, -0.07769775390625, -0.4896109700202942, -0.5349372029304504, -0.17097175121307373
65605.153664625, -0.039337158203125, -0.888580322265625, -0.0897064208984375, -0.515549898147583, -0.5880475640296936, -0.17814123630523682
65605.163733625, -0.040740966796875, -0.8842926025390625, -0.089324951171875, -0.5368426442146301, -0.6443513035774231, -0.18806391954421997
65605.173801625, -0.0488433837890625, -0.88482666015625, -0.085052490234375, -0.563599705696106, -0.6959484219551086, -0.20452117919921875
65605.183869625, -0.05450439453125, -0.8810577392578125, -0.08209228515625, -0.5986796617507935, -0.7388189435005188, -0.22759880125522614
65605.19393762501, -0.0613555908203125, -0.8761444091796875, -0.0713653564453125, -0.6500118374824524, -0.7827091813087463, -0.26085448265075684
65605.204005625, -0.0758514404296875, -0.877777099609375, -0.063140869140625, -0.7068964242935181, -0.8154950737953186, -0.3035857081413269
65605.214073625, -0.0806427001953125, -0.8760223388671875, -0.0648193359375, -0.7729169726371765, -0.8423426747322083, -0.35378363728523254
65605.224143, -0.0817108154296875, -0.8682403564453125, -0.07855224609375, -0.8493497371673584, -0.8796601891517639, -0.4037775695323944
65605.234211, -0.0784454345703125, -0.8631134033203125, -0.098541259765625, -0.9241909384727478, -0.8907320499420166, -0.46029943227767944
65605.244279, -0.063873291015625, -0.8605499267578125, -0.11822509765625, -0.980375349521637, -0.8872696757316589, -0.49982553720474243
65605.25434700001, -0.0413665771484375, -0.8445587158203125, -0.153076171875, -1.0114398002624512, -0.8842999935150146, -0.5282608866691589
65605.264415, -0.02398681640625, -0.834686279296875, -0.1834869384765625, -1.03365159034729, -0.8811108469963074, -0.5458388328552246
65605.27448400001, -0.0130462646484375, -0.8267974853515625, -0.2106475830078125, -1.0434826612472534, -0.8896087408065796, -0.5668032169342041
65605.284552, 0.001434326171875, -0.8180084228515625, -0.223968505859375, -1.046998381614685, -0.8815832734107971, -0.5872659087181091
65605.29462, 0.00335693359375, -0.8155059814453125, -0.2319183349609375, -1.0475213527679443, -0.8936620354652405, -0.6061591506004333
65605.304688, -0.0146636962890625, -0.8325958251953125, -0.2380828857421875, -1.0472265481948853, -0.8946066498756409, -0.6326760053634644
65605.314756, -0.0293426513671875, -0.8382110595703125, -0.25006103515625, -1.0364186763763428, -0.8926599025726318, -0.6667112112045288
65605.324825, -0.0372314453125, -0.8385467529296875, -0.2691497802734375, -1.0094685554504395, -0.904376745223999, -0.703767716884613
65605.334893, -0.0312042236328125, -0.844940185546875, -0.2843780517578125, -0.9651694893836975, -0.9111318588256836, -0.7349507212638855
65605.34496100001, -0.0063629150390625, -0.8530731201171875, -0.3021240234375, -0.9155785441398621, -0.8986677527427673, -0.7465410232543945
65605.355029, 0.0171051025390625, -0.8536376953125, -0.3266448974609375, -0.8535183668136597, -0.8810208439826965, -0.7486729025840759
65605.365097, 0.025299072265625, -0.849273681640625, -0.3470001220703125, -0.7884016633033752, -0.8719343543052673, -0.7503957152366638
65605.375166, 0.017730712890625, -0.8507232666015625, -0.3571929931640625, -0.728493869304657, -0.8870787024497986, -0.7629221677780151
65605.385234, -0.0003814697265625, -0.8657379150390625, -0.3617095947265625, -0.6800482869148254, -0.8941864371299744, -0.7924392819404602
65605.395302, -0.0128173828125, -0.8871002197265625, -0.355316162109375, -0.6451143026351929, -0.9041184186935425, -0.8321377038955688
65605.40537000001, -0.0128936767578125, -0.911468505859375, -0.3479156494140625, -0.6382516026496887, -0.8983739614486694, -0.8753999471664429
65605.41543800001, 0.0099334716796875, -0.9326019287109375, -0.3538665771484375, -0.6376180052757263, -0.878605842590332, -0.8981369733810425
65605.425507, 0.0406951904296875, -0.94097900390625, -0.369293212890625, -0.6303737163543701, -0.8662461638450623, -0.9000552296638489
65605.43557500001, 0.05511474609375, -0.936920166015625, -0.393463134765625, -0.619479238986969, -0.8613951802253723, -0.8924298286437988
65605.445643, 0.05853271484375, -0.9213409423828125, -0.413116455078125, -0.6129574179649353, -0.868282675743103, -0.8925374150276184
65605.455711, 0.0619659423828125, -0.8997802734375, -0.4284515380859375, -0.6038246154785156, -0.8847657442092896, -0.8962229490280151
65605.465779, 0.070068359375, -0.8763427734375, -0.4323883056640625, -0.6167066097259521, -0.8912926316261292, -0.8896569013595581
65605.475848, 0.0807647705078125, -0.8556365966796875, -0.4274139404296875, -0.6504642963409424, -0.8893860578536987, -0.8745967149734497
65605.485916, 0.101898193359375, -0.845550537109375, -0.427581787109375, -0.6930969953536987, -0.8640580773353577, -0.8452372550964355
65605.49598400001, 0.1258087158203125, -0.829437255859375, -0.43145751953125, -0.721996545791626, -0.8348788619041443, -0.8054408431053162
65605.506052, 0.1327056884765625, -0.8267822265625, -0.4346466064453125, -0.7258850336074829, -0.8183861970901489, -0.782588541507721
65605.51612, 0.13726806640625, -0.8371124267578125, -0.4437713623046875, -0.703392505645752, -0.8064203262329102, -0.7774140238761902
65605.52618900001, 0.150634765625, -0.834686279296875, -0.45770263671875, -0.661705493927002, -0.8067231774330139, -0.7719331979751587
65605.536257, 0.1567230224609375, -0.8334503173828125, -0.465606689453125, -0.6129454374313354, -0.8304447531700134, -0.7783524990081787
65605.546325, 0.1527557373046875, -0.83612060546875, -0.464752197265625, -0.593105673789978, -0.8637661933898926, -0.8002852201461792
65605.556393, 0.1551971435546875, -0.85003662109375, -0.4556427001953125, -0.6056259870529175, -0.8877413272857666, -0.82405686378479
65605.56646100001, 0.1617584228515625, -0.86029052734375, -0.44793701171875, -0.6375448107719421, -0.8998794555664062, -0.8483119010925293
65605.57653, 0.162567138671875, -0.8604583740234375, -0.44635009765625, -0.6874412298202515, -0.9139401316642761, -0.8742790222167969
65605.58659800001, 0.161651611328125, -0.859130859375, -0.4433135986328125, -0.7428509593009949, -0.9091275334358215, -0.9027245044708252
65605.596666, 0.17327880859375, -0.8463592529296875, -0.4525909423828125, -0.7914277911186218, -0.8982373476028442, -0.9188283681869507
65605.606734, 0.1804351806640625, -0.8337554931640625, -0.4806671142578125, -0.8232331275939941, -0.895706295967102, -0.9431148171424866
65605.616802, 0.1838836669921875, -0.826812744140625, -0.513885498046875, -0.8253772854804993, -0.9108601808547974, -0.9766865968704224
65605.626871, 0.1818389892578125, -0.828369140625, -0.5417938232421875, -0.8055998086929321, -0.9441121816635132, -1.0130616426467896
65605.636939, 0.177581787109375, -0.842987060546875, -0.55755615234375, -0.7738230228424072, -0.9824649095535278, -1.0462219715118408
65605.647007, 0.1771697998046875, -0.8603668212890625, -0.560638427734375, -0.7379840612411499, -1.0181450843811035, -1.0622702836990356
65605.65707500001, 0.181488037109375, -0.8680267333984375, -0.56085205078125, -0.72304767370224, -1.0367404222488403, -1.0709316730499268
65605.667143, 0.1800079345703125, -0.87310791015625, -0.563720703125, -0.7244477272033691, -1.0504481792449951, -1.0700006484985352
65605.67721200001, 0.172210693359375, -0.8675384521484375, -0.569915771484375, -0.7513248920440674, -1.0454750061035156, -1.069364070892334
65605.68728, 0.16680908203125, -0.853485107421875, -0.5933685302734375, -0.7774240970611572, -1.0351406335830688, -1.0641642808914185
65605.697348, 0.1620330810546875, -0.835357666015625, -0.6291656494140625, -0.7769860029220581, -1.0320020914077759, -1.0639903545379639
65605.707416, 0.163482666015625, -0.82098388671875, -0.6729888916015625, -0.7338241934776306, -1.044637680053711, -1.071431279182434
65605.717485, 0.1713714599609375, -0.8092041015625, -0.712982177734375, -0.6488227248191833, -1.0673798322677612, -1.0788366794586182
65605.727553, 0.1761932373046875, -0.808502197265625, -0.736053466796875, -0.533411979675293, -1.0948244333267212, -1.0850205421447754
65605.73762100001, 0.1796417236328125, -0.8131866455078125, -0.7414093017578125, -0.4114703834056854, -1.1221431493759155, -1.0992116928100586
65605.74768900001, 0.1824188232421875, -0.8222808837890625, -0.73443603515625, -0.3071596622467041, -1.1367971897125244, -1.1081300973892212
65605.757757, 0.1811065673828125, -0.8275909423828125, -0.7314300537109375, -0.2232131063938141, -1.145806908607483, -1.1128383874893188
65605.76782600001, 0.182098388671875, -0.8252410888671875, -0.722686767578125, -0.173420250415802, -1.154455304145813, -1.1131248474121094
65605.777894, 0.17901611328125, -0.82379150390625, -0.7113494873046875, -0.14707013964653015, -1.1565887928009033, -1.1149922609329224
65605.787962, 0.18084716796875, -0.8156890869140625, -0.7021026611328125, -0.14586319029331207, -1.1438570022583008, -1.1109248399734497
65605.79803, 0.1804656982421875, -0.8056793212890625, -0.700103759765625, -0.1442871391773224, -1.1305328607559204, -1.1048965454101562
65605.80809800001, 0.1812286376953125, -0.797149658203125, -0.7083282470703125, -0.1399717479944229, -1.128743290901184, -1.0934076309204102
65605.818167, 0.192962646484375, -0.791107177734375, -0.71588134765625, -0.13434742391109467, -1.146837830543518, -1.0722554922103882
65605.82823500001, 0.2009429931640625, -0.7903594970703125, -0.7191162109375, -0.1290128380060196, -1.172452688217163, -1.0429396629333496
65605.838303, 0.2029266357421875, -0.7903900146484375, -0.712066650390625, -0.14933516085147858, -1.2037134170532227, -1.0154579877853394
65605.848371, 0.198516845703125, -0.7888946533203125, -0.7007598876953125, -0.17141276597976685, -1.2414178848266602, -0.9934659004211426
65605.858439, 0.195465087890625, -0.782196044921875, -0.6975250244140625, -0.1992798149585724, -1.2833267450332642, -0.9775271415710449
65605.868508, 0.1964569091796875, -0.7723388671875, -0.7013702392578125, -0.21331706643104553, -1.3164108991622925, -0.9626097083091736
65605.878576, 0.190155029296875, -0.7626800537109375, -0.709075927734375, -0.21907588839530945, -1.3463972806930542, -0.9583854079246521
65605.888644, 0.1811370849609375, -0.7543487548828125, -0.7187042236328125, -0.2158430814743042, -1.3756089210510254, -0.964372456073761
65605.89871200001, 0.17572021484375, -0.746856689453125, -0.7233734130859375, -0.21684150397777557, -1.401389479637146, -0.9750469326972961
65605.908781, 0.17535400390625, -0.74407958984375, -0.729034423828125, -0.22675058245658875, -1.412840485572815, -0.9965447783470154
65605.91884900001, 0.1746368408203125, -0.7397003173828125, -0.7369232177734375, -0.23242205381393433, -1.4222041368484497, -1.0178894996643066
65605.928917, 0.1775665283203125, -0.734130859375, -0.746307373046875, -0.2317322939634323, -1.4220452308654785, -1.0411404371261597
65605.938985, 0.1819305419921875, -0.725341796875, -0.7601776123046875, -0.2241513431072235, -1.4141765832901, -1.0631234645843506
65605.949053, 0.1821746826171875, -0.714324951171875, -0.7733001708984375, -0.2071545124053955, -1.4080002307891846, -1.0837582349777222
65605.959122, 0.18072509765625, -0.70367431640625, -0.7815399169921875, -0.18968550860881805, -1.3985694646835327, -1.1125980615615845
65605.96919, 0.1830291748046875, -0.69451904296875, -0.7880859375, -0.161334827542305, -1.376599669456482, -1.130314588546753
65605.979258, 0.1856689453125, -0.6856689453125, -0.791015625, -0.13754534721374512, -1.3532896041870117, -1.1453124284744263
65605.98932600001, 0.186553955078125, -0.6792449951171875, -0.795440673828125, -0.11154303699731827, -1.327264666557312, -1.1553986072540283
65605.999395, 0.19000244140625, -0.6739959716796875, -0.7996368408203125, -0.07972358912229538, -1.3024165630340576, -1.1563961505889893
65606.00946300001, 0.19482421875, -0.6711273193359375, -0.7995452880859375, -0.04701651260256767, -1.280204176902771, -1.147371530532837
65606.019531, 0.20025634765625, -0.671051025390625, -0.7961883544921875, -0.01575898937880993, -1.2621819972991943, -1.133371353149414
65606.029599, 0.206512451171875, -0.6721038818359375, -0.787261962890625, 0.00869255792349577, -1.242023229598999, -1.1197385787963867
65606.039667, 0.20367431640625, -0.6762847900390625, -0.7799072265625, 0.02466273494064808, -1.2201030254364014, -1.102169394493103
65606.049736, 0.2041778564453125, -0.679168701171875, -0.7730560302734375, 0.023852068930864334, -1.1997405290603638, -1.0874357223510742
65606.059804, 0.2106781005859375, -0.6800079345703125, -0.7726593017578125, 0.025426795706152916, -1.1752867698669434, -1.0666298866271973
65606.06987200001, 0.214599609375, -0.6814727783203125, -0.7735595703125, 0.028752019628882408, -1.1465462446212769, -1.038285255432129
65606.07994000001, 0.2143707275390625, -0.680633544921875, -0.77484130859375, 0.039753805845975876, -1.1097490787506104, -1.0077095031738281
65606.090009, 0.212921142578125, -0.680450439453125, -0.77435302734375, 0.04778296872973442, -1.0700173377990723, -0.9775841236114502
65606.10007700001, 0.209564208984375, -0.680572509765625, -0.7744293212890625, 0.05781935900449753, -1.030510663986206, -0.9504981637001038
65606.110145, 0.2141265869140625, -0.68463134765625, -0.7706756591796875, 0.0665406808257103, -0.9937271475791931, -0.9232737421989441
65606.120213, 0.2177276611328125, -0.6900177001953125, -0.7645721435546875, 0.07235036045312881, -0.9521631598472595, -0.8957723379135132
65606.130281, 0.2203521728515625, -0.6956634521484375, -0.7551727294921875, 0.07167551666498184, -0.9179663062095642, -0.8683681488037109
65606.14035, 0.2240142822265625, -0.69921875, -0.7461700439453125, 0.06090809032320976, -0.8921427130699158, -0.8426164388656616
65606.150418, 0.222808837890625, -0.7015533447265625, -0.7381439208984375, 0.0429069884121418, -0.8708986639976501, -0.8220421671867371
65606.16048600001, 0.2203826904296875, -0.7038116455078125, -0.7333831787109375, 0.01961924135684967, -0.8540800213813782, -0.8001954555511475
65606.17055400001, 0.224151611328125, -0.7040252685546875, -0.733489990234375, -0.0012687299167737365, -0.8484711050987244, -0.778772234916687
65606.18062300001, 0.2290496826171875, -0.7018280029296875, -0.7402191162109375, -0.013650564476847649, -0.8433405756950378, -0.7584765553474426
65606.19069100001, 0.2319793701171875, -0.7015533447265625, -0.7438812255859375, -0.02045733854174614, -0.8340224027633667, -0.7373661994934082
65606.200759, 0.2272186279296875, -0.7015533447265625, -0.748443603515625, -0.014688665047287941, -0.8269378542900085, -0.7226109504699707
65606.210827, 0.2274932861328125, -0.700531005859375, -0.7522735595703125, -0.00042051312630064785, -0.8216059803962708, -0.7099862098693848
65606.22089516667, 0.2264862060546875, -0.699554443359375, -0.7564697265625, 0.017306284978985786, -0.8120838403701782, -0.693750262260437
65606.23096416667, 0.217071533203125, -0.701416015625, -0.7584075927734375, 0.03644189611077309, -0.8053433895111084, -0.6735344529151917
65606.24103216667, 0.20709228515625, -0.6995086669921875, -0.758026123046875, 0.04622635245323181, -0.804341733455658, -0.6563565731048584
65606.25110016667, 0.1998291015625, -0.6969451904296875, -0.7600860595703125, 0.056958891451358795, -0.8032400012016296, -0.6467457413673401
65606.26116816667, 0.1960296630859375, -0.69537353515625, -0.7619171142578125, 0.06670845299959183, -0.8126888871192932, -0.640475332736969
65606.27123716667, 0.19317626953125, -0.6984710693359375, -0.76007080078125, 0.0757882371544838, -0.8094848394393921, -0.6324192881584167
65606.28130516667, 0.1874847412109375, -0.7011871337890625, -0.7596588134765625, 0.08375082165002823, -0.8183894157409668, -0.6214718222618103
65606.29137316668, 0.179840087890625, -0.7040252685546875, -0.754547119140625, 0.08930351585149765, -0.8308820128440857, -0.6136738061904907
65606.30144116667, 0.171905517578125, -0.7063446044921875, -0.7482147216796875, 0.08918793499469757, -0.836532473564148, -0.6116548776626587
65606.31151016668, 0.16815185546875, -0.704803466796875, -0.7403411865234375, 0.0818844810128212, -0.8314985632896423, -0.6103773713111877
65606.32157816667, 0.156951904296875, -0.7021636962890625, -0.73486328125, 0.084933802485466, -0.8098169565200806, -0.6104918718338013
65606.33164616667, 0.145599365234375, -0.6978912353515625, -0.7371368408203125, 0.08752239495515823, -0.7807860970497131, -0.6146775484085083
65606.34171416667, 0.143402099609375, -0.688232421875, -0.740936279296875, 0.10244541615247726, -0.735740602016449, -0.6134636998176575
65606.35178216668, 0.1395263671875, -0.684417724609375, -0.74468994140625, 0.1267198622226715, -0.6866310834884644, -0.6071570515632629
65606.36185116667, 0.1427764892578125, -0.6852569580078125, -0.74755859375, 0.16318626701831818, -0.6259179711341858, -0.5861364603042603
65606.37191916668, 0.1484375, -0.68353271484375, -0.7492523193359375, 0.20318134129047394, -0.5686802268028259, -0.5568944215774536
65606.38198716666, 0.145751953125, -0.68695068359375, -0.746337890625, 0.24157774448394775, -0.5154265761375427, -0.5282332301139832
65606.39205516667, 0.145111083984375, -0.695892333984375, -0.739166259765625, 0.2783152461051941, -0.4744757115840912, -0.496049702167511
65606.40212416668, 0.1460723876953125, -0.708221435546875, -0.7298736572265625, 0.29757416248321533, -0.4290863871574402, -0.47058162093162537
65606.41219216667, 0.1495513916015625, -0.7173004150390625, -0.7216033935546875, 0.30812638998031616, -0.3848342299461365, -0.4451974332332611
65606.42226016667, 0.154022216796875, -0.7203521728515625, -0.7132568359375, 0.31451958417892456, -0.34005823731422424, -0.4253792464733124
65606.43232816667, 0.1585845947265625, -0.7235565185546875, -0.707244873046875, 0.31833189725875854, -0.29994916915893555, -0.41023892164230347
65606.44239716667, 0.1663055419921875, -0.72503662109375, -0.7043914794921875, 0.3217487335205078, -0.2591141164302826, -0.3939734101295471
65606.45246516667, 0.1706085205078125, -0.7251434326171875, -0.70318603515625, 0.3296266496181488, -0.22745153307914734, -0.38173457980155945
65606.46253316668, 0.1736297607421875, -0.72833251953125, -0.70458984375, 0.3449840247631073, -0.20733214914798737, -0.3712747395038605
65606.47260116666, 0.17840576171875, -0.7335968017578125, -0.70208740234375, 0.3662882447242737, -0.1854257881641388, -0.360734760761261
65606.48267016668, 0.18328857421875, -0.7395477294921875, -0.6990966796875, 0.3939398527145386, -0.1715557724237442, -0.35111355781555176
65606.49273816666, 0.1940460205078125, -0.7428741455078125, -0.6958465576171875, 0.41873547434806824, -0.1607939451932907, -0.3351931869983673
65606.50280616667, 0.2057037353515625, -0.748992919921875, -0.69476318359375, 0.4353352189064026, -0.14572657644748688, -0.3109932839870453
65606.51287416667, 0.21368408203125, -0.7520751953125, -0.6947021484375, 0.44621795415878296, -0.1328967958688736, -0.2778840661048889
65606.52294216667, 0.217315673828125, -0.75152587890625, -0.6937408447265625, 0.4596373736858368, -0.12423539906740189, -0.24134844541549683
65606.53301116667, 0.22161865234375, -0.7479705810546875, -0.6871185302734375, 0.46913206577301025, -0.11450793594121933, -0.20336350798606873
65606.54307916667, 0.2247314453125, -0.74566650390625, -0.679107666015625, 0.47106364369392395, -0.09684185683727264, -0.1663719266653061
65606.55314716668, 0.227294921875, -0.7459716796875, -0.6692352294921875, 0.46253061294555664, -0.08086555451154709, -0.13781246542930603
65606.56321516667, 0.2325592041015625, -0.7479705810546875, -0.6590423583984375, 0.4459013044834137, -0.06704667955636978, -0.110349141061306
65606.57328416668, 0.2364044189453125, -0.7498321533203125, -0.64617919921875, 0.42200663685798645, -0.04724953696131706, -0.08103519678115845
65606.58335216666, 0.2447662353515625, -0.7463226318359375, -0.6389007568359375, 0.4016512930393219, -0.03977138176560402, -0.04661890119314194
65606.59342016667, 0.249908447265625, -0.7386932373046875, -0.637847900390625, 0.3841356933116913, -0.04073597863316536, 0.0004471447318792343
65606.60348816667, 0.246368408203125, -0.728179931640625, -0.637176513671875, 0.3643374741077423, -0.05553649738430977, 0.044315267354249954
65606.61355716667, 0.2486724853515625, -0.72174072265625, -0.6355438232421875, 0.3471483588218689, -0.07027469575405121, 0.08827260136604309
65606.62362516667, 0.2530975341796875, -0.718231201171875, -0.6329803466796875, 0.33305731415748596, -0.08996210992336273, 0.13194657862186432
65606.63369316667, 0.2472686767578125, -0.71990966796875, -0.627471923828125, 0.3214198350906372, -0.10229654610157013, 0.1734791100025177
65606.64376116668, 0.238006591796875, -0.725982666015625, -0.6215667724609375, 0.29857444763183594, -0.12806423008441925, 0.20709778368473053
65606.65383016667, 0.2238006591796875, -0.73236083984375, -0.613983154296875, 0.2585165202617645, -0.13107572495937347, 0.2360125333070755
65606.66389816668, 0.212127685546875, -0.735595703125, -0.6076812744140625, 0.2104445844888687, -0.13572320342063904, 0.255422979593277
65606.67396616667, 0.201751708984375, -0.7336883544921875, -0.608856201171875, 0.1549602895975113, -0.1312597543001175, 0.26839470863342285
65606.68403416667, 0.1927337646484375, -0.7320709228515625, -0.6134490966796875, 0.08293003588914871, -0.1198318600654602, 0.2677731215953827
65606.69410316666, 0.1905517578125, -0.7310943603515625, -0.6212615966796875, 0.015295333229005337, -0.10217244178056717, 0.2612217366695404
65606.70417116667, 0.2010498046875, -0.7296142578125, -0.6384124755859375, -0.04244279861450195, -0.08331406116485596, 0.2582712173461914
65606.71423916667, 0.2120361328125, -0.7255859375, -0.660003662109375, -0.07444413751363754, -0.07179243117570877, 0.2639988958835602
65606.72430716667, 0.21636962890625, -0.7226715087890625, -0.6813812255859375, -0.0782569870352745, -0.06675080209970474, 0.2766249477863312
65606.73437616667, 0.2200775146484375, -0.7132568359375, -0.696319580078125, -0.06028864160180092, -0.056164734065532684, 0.2920542359352112
65606.74444416667, 0.2163848876953125, -0.701446533203125, -0.7048187255859375, -0.0290585495531559, -0.039801742881536484, 0.3074864447116852
65606.75451216668, 0.203155517578125, -0.69476318359375, -0.703765869140625, -0.0019238675013184547, -0.018745724111795425, 0.3074321150779724
65606.76458016667, 0.1996612548828125, -0.6982574462890625, -0.6983184814453125, 0.013224725611507893, 0.019839217886328697, 0.3017262816429138
65606.77464816667, 0.1963348388671875, -0.7102508544921875, -0.68536376953125, 0.022548185661435127, 0.077061228454113, 0.30325841903686523
65606.78471716667, 0.1962738037109375, -0.7130584716796875, -0.6858673095703125, 0.018996860831975937, 0.13805215060710907, 0.30487868189811707
65606.79478516667, 0.195098876953125, -0.7068634033203125, -0.6904296875, -0.004306597635149956, 0.1970033496618271, 0.29815739393234253
65606.80485316667, 0.19940185546875, -0.7022857666015625, -0.6975250244140625, -0.037910096347332, 0.2497115582227707, 0.28896841406822205
65606.81492216667, 0.2105865478515625, -0.694244384765625, -0.7089691162109375, -0.062017831951379776, 0.29052478075027466, 0.29126858711242676
65606.82499016667, 0.2231903076171875, -0.6831512451171875, -0.72589111328125, -0.07778427749872208, 0.3243732750415802, 0.3056105077266693
65606.83505816667, 0.2313232421875, -0.673248291015625, -0.742645263671875, -0.0727546289563179, 0.3343353569507599, 0.3251115083694458
65606.84512616668, 0.24462890625, -0.6668548583984375, -0.75445556640625, -0.041959166526794434, 0.3267131447792053, 0.3575648069381714
65606.85519416667, 0.25274658203125, -0.6614837646484375, -0.7584686279296875, -0.00583685003221035, 0.31213924288749695, 0.40068376064300537
65606.86526316668, 0.2474212646484375, -0.660736083984375, -0.7496795654296875, 0.04411286488175392, 0.30054357647895813, 0.4383062422275543
65606.87533116667, 0.2385711669921875, -0.6600189208984375, -0.7309417724609375, 0.08693889528512955, 0.2885705530643463, 0.4709795117378235
65606.88539916667, 0.227447509765625, -0.6625518798828125, -0.7064361572265625, 0.12387027591466904, 0.2857992649078369, 0.4886642098426819
65606.89546716667, 0.2132415771484375, -0.6679534912109375, -0.678497314453125, 0.13812218606472015, 0.29860854148864746, 0.4912877082824707
65606.90553616667, 0.2008209228515625, -0.6758575439453125, -0.652557373046875, 0.1322650909423828, 0.3107869029045105, 0.47950321435928345
65606.91560416667, 0.1947784423828125, -0.6879730224609375, -0.6316680908203125, 0.10678530484437943, 0.32627105712890625, 0.4641873836517334
65606.92567216668, 0.195159912109375, -0.6976470947265625, -0.6195831298828125, 0.07744472473859787, 0.34244441986083984, 0.4498361349105835
65606.93574016666, 0.1947784423828125, -0.70196533203125, -0.613739013671875, 0.04669320210814476, 0.3593701422214508, 0.43899253010749817
65606.94580916667, 0.1896514892578125, -0.701904296875, -0.6133575439453125, 0.0295520331710577, 0.37963494658470154, 0.4361477494239807
65606.95587716666, 0.1832733154296875, -0.70233154296875, -0.6183624267578125, 0.017957428470253944, 0.3945361375808716, 0.43787774443626404
65606.96594516667, 0.18231201171875, -0.7044677734375, -0.6196746826171875, 0.018332934007048607, 0.4127476215362549, 0.4451625645160675
65606.97601416668, 0.18634033203125, -0.7049560546875, -0.6244659423828125, 0.02099902555346489, 0.4344569146633148, 0.4529419243335724
65606.98608216667, 0.18988037109375, -0.704559326171875, -0.626678466796875, 0.03015603870153427, 0.449839323759079, 0.4639660716056824
65606.99615016667, 0.1856231689453125, -0.7092742919921875, -0.6241912841796875, 0.029589317739009857, 0.4727550446987152, 0.4762224555015564
65607.00621816667, 0.178741455078125, -0.7175750732421875, -0.618255615234375, 0.019522568210959435, 0.4940643012523651, 0.4781985282897949
65607.01628616668, 0.17376708984375, -0.726318359375, -0.6126251220703125, 0.00509862182661891, 0.5271519422531128, 0.476654976606369
65607.02635516667, 0.168060302734375, -0.7333831787109375, -0.6114349365234375, -0.011403655633330345, 0.5544770359992981, 0.465749591588974
65607.03642316668, 0.1649627685546875, -0.7387542724609375, -0.614349365234375, -0.026197781786322594, 0.5775003433227539, 0.4482558071613312
65607.04649116666, 0.1742706298828125, -0.7493743896484375, -0.617462158203125, -0.04061400517821312, 0.5888097286224365, 0.43645960092544556
65607.05656016667, 0.1941375732421875, -0.7629547119140625, -0.624847412109375, -0.05566805601119995, 0.5892153382301331, 0.4295460283756256
65607.06662816666, 0.219146728515625, -0.7736053466796875, -0.63409423828125, -0.07399087399244308, 0.5887343883514404, 0.43441563844680786
65607.07669616667, 0.234375, -0.7792205810546875, -0.6458587646484375, -0.0848483145236969, 0.5744518041610718, 0.4525160789489746
65607.08676416667, 0.2378997802734375, -0.779571533203125, -0.6558074951171875, -0.08359423279762268, 0.5593748688697815, 0.47101518511772156
65607.09683316667, 0.244598388671875, -0.774993896484375, -0.6688385009765625, -0.07098682224750519, 0.5334903001785278, 0.4961543679237366
65607.10690116667, 0.2453155517578125, -0.7726898193359375, -0.6778717041015625, -0.048473525792360306, 0.5062240362167358, 0.5210115313529968
65607.11696916667, 0.240081787109375, -0.7689666748046875, -0.6854400634765625, -0.024413997307419777, 0.47448980808258057, 0.5408198237419128
65607.12703716668, 0.228515625, -0.7683563232421875, -0.684539794921875, 0.008069378323853016, 0.4447934329509735, 0.5480383634567261
65607.13710616667, 0.2194366455078125, -0.77044677734375, -0.6768341064453125, 0.04598213732242584, 0.4216116964817047, 0.5498766899108887
65607.14717416668, 0.2134246826171875, -0.7749481201171875, -0.666290283203125, 0.08167435973882675, 0.41323205828666687, 0.5480005145072937
65607.15724216666, 0.208892822265625, -0.7791290283203125, -0.660064697265625, 0.1161886602640152, 0.418830007314682, 0.5488615036010742
65607.16731016667, 0.1982879638671875, -0.7783050537109375, -0.6530914306640625, 0.15398716926574707, 0.42621707916259766, 0.5451818108558655
65607.17737916666, 0.185638427734375, -0.7760467529296875, -0.647247314453125, 0.19375374913215637, 0.4387643039226532, 0.5220075249671936
65607.18744716667, 0.1803741455078125, -0.7738189697265625, -0.6433563232421875, 0.236871138215065, 0.45821577310562134, 0.4989778399467468
65607.19751516667, 0.1713409423828125, -0.7758331298828125, -0.6361236572265625, 0.2906342148780823, 0.46360495686531067, 0.4725845754146576
65607.20758316667, 0.163238525390625, -0.7827606201171875, -0.626800537109375, 0.3466287851333618, 0.47164610028266907, 0.45055440068244934
65607.21765216667, 0.1651458740234375, -0.7912139892578125, -0.620208740234375, 0.3991290032863617, 0.47961851954460144, 0.4319109320640564
65607.22771916667, 0.1619720458984375, -0.7939605712890625, -0.6038055419921875, 0.44476282596588135, 0.5163919925689697, 0.4247390329837799
65607.23778716667, 0.150787353515625, -0.7997589111328125, -0.5925750732421875, 0.4815674424171448, 0.5409870743751526, 0.41535937786102295
65607.24785516667, 0.1569976806640625, -0.7945556640625, -0.5915985107421875, 0.49063628911972046, 0.5420504808425903, 0.3955606520175934
65607.25792416667, 0.15875244140625, -0.812713623046875, -0.5762939453125, 0.4953383803367615, 0.5616580247879028, 0.3956109881401062
65607.26799216667, 0.169525146484375, -0.8225860595703125, -0.56597900390625, 0.5004292726516724, 0.574506402015686, 0.4013093411922455
65607.27806016667, 0.1770172119140625, -0.8202362060546875, -0.5690155029296875, 0.506729006767273, 0.5697481632232666, 0.4168752431869507
65607.28812816668, 0.17041015625, -0.8270416259765625, -0.5628662109375, 0.5145155191421509, 0.5633653402328491, 0.43773341178894043
65607.29819716667, 0.1628570556640625, -0.82037353515625, -0.55609130859375, 0.5223071575164795, 0.5591961741447449, 0.4470696449279785
65607.30826516668, 0.14666748046875, -0.820098876953125, -0.5454864501953125, 0.5315554738044739, 0.550658106803894, 0.45129555463790894
65607.31833316667, 0.137969970703125, -0.8201904296875, -0.5355072021484375, 0.5403862595558167, 0.5434558391571045, 0.4584336280822754
65607.32840216668, 0.1352691650390625, -0.823516845703125, -0.528106689453125, 0.5465767979621887, 0.5279713869094849, 0.46623241901397705
65607.33847016667, 0.1314849853515625, -0.8283233642578125, -0.5227203369140625, 0.5379923582077026, 0.5101463198661804, 0.48008111119270325
65607.34853816667, 0.12457275390625, -0.835235595703125, -0.52069091796875, 0.5184056162834167, 0.48754703998565674, 0.4931287467479706
65607.35860616667, 0.123016357421875, -0.84552001953125, -0.517578125, 0.48648762702941895, 0.45125481486320496, 0.5049217343330383
65607.36867516667, 0.1267852783203125, -0.854949951171875, -0.514923095703125, 0.45267239212989807, 0.41502541303634644, 0.526528000831604
65607.37874316667, 0.1229705810546875, -0.8583831787109375, -0.5138702392578125, 0.4157194495201111, 0.3680483400821686, 0.5495432615280151
65607.38881116667, 0.1106414794921875, -0.8548126220703125, -0.5120086669921875, 0.3786437213420868, 0.31934231519699097, 0.5618859529495239
65607.39887916666, 0.091949462890625, -0.855224609375, -0.507965087890625, 0.3485119044780731, 0.2728256583213806, 0.5585737824440002
65607.40894816667, 0.0766143798828125, -0.8593292236328125, -0.504913330078125, 0.32237565517425537, 0.23191499710083008, 0.545744001865387
65607.41901616668, 0.070465087890625, -0.8600616455078125, -0.5077972412109375, 0.30900338292121887, 0.20597846806049347, 0.5357443690299988
65607.42908416667, 0.072265625, -0.856842041015625, -0.515472412109375, 0.31055548787117004, 0.18738479912281036, 0.5307552218437195
65607.43915216667, 0.066680908203125, -0.851348876953125, -0.5284423828125, 0.30422940850257874, 0.1887107938528061, 0.5295911431312561
65607.44922116667, 0.0547637939453125, -0.8439483642578125, -0.5405731201171875, 0.2885148823261261, 0.189296156167984, 0.5303962230682373
65607.45928916667, 0.04345703125, -0.832183837890625, -0.5560302734375, 0.27159902453422546, 0.19179952144622803, 0.5245223641395569
65607.46935716667, 0.03607177734375, -0.825408935546875, -0.57147216796875, 0.2624526619911194, 0.19114145636558533, 0.5196018815040588
65607.47942616667, 0.03289794921875, -0.8195648193359375, -0.58746337890625, 0.2689608931541443, 0.19338543713092804, 0.5182873606681824
65607.48949416667, 0.0231475830078125, -0.817230224609375, -0.5962371826171875, 0.2892778813838959, 0.19179020822048187, 0.512924313545227
65607.49956216667, 0.0063629150390625, -0.8290863037109375, -0.59576416015625, 0.32158973813056946, 0.18611954152584076, 0.4994896948337555
65607.50963016666, -0.0058441162109375, -0.848602294921875, -0.5840911865234375, 0.354911208152771, 0.1802951991558075, 0.4901915490627289
65607.51969916667, -0.010040283203125, -0.8585357666015625, -0.5682525634765625, 0.3670523166656494, 0.1904599517583847, 0.47419553995132446
65607.52976716668, -0.0217742919921875, -0.863037109375, -0.5547943115234375, 0.3505878448486328, 0.20746824145317078, 0.4363757073879242
65607.53983516667, -0.0379486083984375, -0.86944580078125, -0.5404205322265625, 0.3052624464035034, 0.22224478423595428, 0.38909024000167847
65607.54990316667, -0.04168701171875, -0.873016357421875, -0.5243988037109375, 0.24271917343139648, 0.2379976511001587, 0.333874374628067
65607.55997216667, -0.0292510986328125, -0.875823974609375, -0.522247314453125, 0.17505143582820892, 0.26598721742630005, 0.2853856682777405
65607.57004016667, -0.0154876708984375, -0.8743743896484375, -0.5347442626953125, 0.10680900514125824, 0.29402628540992737, 0.24888518452644348
65607.58010816667, 0.0001220703125, -0.8693389892578125, -0.55487060546875, 0.04493524879217148, 0.3074560761451721, 0.2246115356683731
65607.59017616668, 0.0229949951171875, -0.8568267822265625, -0.5734710693359375, -0.00726483715698123, 0.30373191833496094, 0.2146473228931427
65607.60024516667, 0.0471954345703125, -0.844635009765625, -0.5907745361328125, -0.04319540783762932, 0.2875087559223175, 0.21754643321037292
65607.61031316668, 0.06024169921875, -0.83355712890625, -0.6079559326171875, -0.06865682452917099, 0.26452434062957764, 0.2256445735692978
65607.62038116666, 0.0660400390625, -0.82177734375, -0.6241607666015625, -0.08506376296281815, 0.22242215275764465, 0.22902919352054596
65607.63045016667, 0.0698394775390625, -0.808349609375, -0.6284332275390625, -0.08857647329568863, 0.1754903346300125, 0.2285061478614807
65607.64051816668, 0.0764617919921875, -0.7963714599609375, -0.6256561279296875, -0.08299767971038818, 0.13959385454654694, 0.228372722864151
65607.65058616667, 0.074462890625, -0.785186767578125, -0.620086669921875, -0.07305743545293808, 0.11895115673542023, 0.22042664885520935
65607.66065416667, 0.060791015625, -0.77435302734375, -0.6115875244140625, -0.054305847734212875, 0.0927637591958046, 0.20687462389469147
65607.67072316667, 0.0482940673828125, -0.773681640625, -0.59716796875, -0.0346599742770195, 0.05852828919887543, 0.18944954872131348
65607.68079116667, 0.0429229736328125, -0.77862548828125, -0.574066162109375, -0.0167989544570446, 0.029860960319638252, 0.17216883599758148
65607.69085916667, 0.037353515625, -0.7878570556640625, -0.5572662353515625, -0.00027057717670686543, 0.019958527758717537, 0.15869669616222382
65607.70092716668, 0.0306243896484375, -0.794464111328125, -0.5474395751953125, 0.00894103106111288, 0.02106986567378044, 0.14873142540454865
65607.71099616667, 0.0223846435546875, -0.7964630126953125, -0.5428466796875, 0.008901881985366344, 0.029748041182756424, 0.13670006394386292
65607.72106416668, 0.0055999755859375, -0.7957000732421875, -0.544525146484375, -0.007506119552999735, 0.0466868132352829, 0.1151990294456482
65607.73113216666, -0.003875732421875, -0.7932891845703125, -0.549102783203125, -0.041194573044776917, 0.04771159589290619, 0.08581983298063278
65607.74120116667, -0.0027008056640625, -0.7930145263671875, -0.552490234375, -0.08033851534128189, 0.05649576708674431, 0.0653771385550499
65607.75126916666, 0.005645751953125, -0.7970428466796875, -0.5544586181640625, -0.11549223959445953, 0.07051917165517807, 0.054975368082523346
65607.76133716667, 0.0185394287109375, -0.7985382080078125, -0.560333251953125, -0.14465226233005524, 0.08409383893013, 0.056706156581640244
65607.77140516667, 0.0270843505859375, -0.7922821044921875, -0.5655364990234375, -0.17781101167201996, 0.09785518795251846, 0.06969146430492401
65607.78147416667, 0.0292205810546875, -0.7846221923828125, -0.570465087890625, -0.2166348397731781, 0.11117232590913773, 0.07398287951946259
65607.79154216667, 0.0340728759765625, -0.778350830078125, -0.5739593505859375, -0.26108673214912415, 0.12675420939922333, 0.08790775388479233
65607.80161016667, 0.0436553955078125, -0.7744140625, -0.58099365234375, -0.2955426871776581, 0.15172800421714783, 0.10060037672519684
65607.81167916667, 0.0565948486328125, -0.7721099853515625, -0.59759521484375, -0.3194882571697235, 0.16824732720851898, 0.11634232103824615
65607.82174716667, 0.0702972412109375, -0.7704010009765625, -0.615081787109375, -0.3201095759868622, 0.16577032208442688, 0.1225336417555809
65607.83181516668, 0.081329345703125, -0.7746429443359375, -0.6262054443359375, -0.2899726927280426, 0.14990906417369843, 0.1238045021891594
65607.84188316666, 0.0887298583984375, -0.7782135009765625, -0.632080078125, -0.24016280472278595, 0.14210253953933716, 0.12604661285877228
65607.85195216667, 0.08807373046875, -0.775665283203125, -0.6311492919921875, -0.17815056443214417, 0.15168513357639313, 0.1168999895453453
65607.86202016666, 0.0751495361328125, -0.769744873046875, -0.620361328125, -0.10789264738559723, 0.18767881393432617, 0.1065613329410553
65607.87208816667, 0.0611114501953125, -0.7587890625, -0.603973388671875, -0.03368126600980759, 0.2413734793663025, 0.09537605196237564
65607.88215616667, 0.046722412109375, -0.7522125244140625, -0.59051513671875, 0.020313261076807976, 0.2874658703804016, 0.08000535517930984
65607.89222516667, 0.0401763916015625, -0.7574462890625, -0.579925537109375, 0.04608147591352463, 0.3126271367073059, 0.061527010053396225
65607.90229316667, 0.041534423828125, -0.773712158203125, -0.5665435791015625, 0.05399266257882118, 0.3216288983821869, 0.050938814878463745
65607.91236116667, 0.04510498046875, -0.796478271484375, -0.557464599609375, 0.04808470606803894, 0.299912691116333, 0.04909297823905945
65607.92243016667, 0.0545196533203125, -0.8126983642578125, -0.549285888671875, 0.03638357296586037, 0.27190449833869934, 0.05451490730047226
65607.93249816667, 0.056060791015625, -0.82208251953125, -0.5413818359375, 0.0170932337641716, 0.24730193614959717, 0.06968400627374649
65607.94256616668, 0.0488739013671875, -0.8203582763671875, -0.5343170166015625, -0.0013840447645634413, 0.23006436228752136, 0.07945993542671204
65607.95263416666, 0.03961181640625, -0.8102569580078125, -0.53009033203125, -0.0175800584256649, 0.22167113423347473, 0.08681798726320267
65607.96270316668, 0.030853271484375, -0.7987060546875, -0.5273590087890625, -0.03706454485654831, 0.22317875921726227, 0.0933118388056755
65607.97277116666, 0.015838623046875, -0.7949981689453125, -0.527496337890625, -0.061158694326877594, 0.22225970029830933, 0.09237760305404663
65607.98283916667, 0.010101318359375, -0.792449951171875, -0.5243682861328125, -0.08508000522851944, 0.22064076364040375, 0.09571800380945206
65607.99290816668, 0.01348876953125, -0.7963409423828125, -0.51947021484375, -0.1162528395652771, 0.21856562793254852, 0.09766983240842819
65608.00297616667, 0.0162506103515625, -0.8067169189453125, -0.517791748046875, -0.15474404394626617, 0.22143864631652832, 0.0987529382109642
65608.01304416667, 0.0304107666015625, -0.8135986328125, -0.5229034423828125, -0.18551020324230194, 0.21309736371040344, 0.11200723052024841
65608.02311216667, 0.0383148193359375, -0.8129425048828125, -0.5323638916015625, -0.20517179369926453, 0.2042551338672638, 0.1321236789226532
65608.03318116667, 0.03546142578125, -0.8105621337890625, -0.5402374267578125, -0.21438953280448914, 0.19049431383609772, 0.15192055702209473
65608.04324916667, 0.0331268310546875, -0.8036346435546875, -0.5486602783203125, -0.2106773406267166, 0.1813218593597412, 0.17390495538711548
65608.05331716668, 0.0266876220703125, -0.799957275390625, -0.5569915771484375, -0.18763834238052368, 0.17904432117938995, 0.19316892325878143
65608.06338516666, 0.0065460205078125, -0.7971038818359375, -0.5651092529296875, -0.1637127697467804, 0.1714865267276764, 0.2000683844089508
65608.07345416668, -0.0127410888671875, -0.8004302978515625, -0.5689239501953125, -0.13766944408416748, 0.15115836262702942, 0.18905620276927948
65608.08352216666, -0.01416015625, -0.8096923828125, -0.5659027099609375, -0.1195351853966713, 0.13129836320877075, 0.16966839134693146
65608.09359016667, -0.010833740234375, -0.8292083740234375, -0.5566864013671875, -0.0998712033033371, 0.12157516926527023, 0.15790361166000366
65608.10365916666, -0.013031005859375, -0.8444976806640625, -0.54742431640625, -0.09055839478969574, 0.13038383424282074, 0.14207512140274048
65608.11372716667, -0.0150299072265625, -0.8502197265625, -0.54400634765625, -0.0840911716222763, 0.14157603681087494, 0.1179434135556221
65608.12379516667, -0.012847900390625, -0.8492584228515625, -0.54510498046875, -0.08255000412464142, 0.16261661052703857, 0.09943577647209167
65608.13386416667, -0.0067596435546875, -0.8480072021484375, -0.5559844970703125, -0.0737951248884201, 0.18393628299236298, 0.08550584316253662
65608.14393216667, -0.001312255859375, -0.8472747802734375, -0.5702667236328125, -0.05066637322306633, 0.19463446736335754, 0.07969535887241364
65608.15400016667, 0.0031585693359375, -0.8466033935546875, -0.5814666748046875, -0.01660374365746975, 0.19188421964645386, 0.07802210003137589
65608.16406816668, 0.0110626220703125, -0.8504791259765625, -0.587005615234375, 0.024104537442326546, 0.17110517621040344, 0.08477427810430527
65608.17413716667, 0.0195465087890625, -0.8557891845703125, -0.582794189453125, 0.06473904848098755, 0.15379302203655243, 0.09746343642473221
65608.18420516668, 0.022613525390625, -0.86016845703125, -0.5698089599609375, 0.09030885994434357, 0.13830408453941345, 0.10675600916147232
65608.19427316666, 0.0134429931640625, -0.8649749755859375, -0.552215576171875, 0.10309309512376785, 0.1407107710838318, 0.10791847854852676
65608.20434216667, 0.000274658203125, -0.8665618896484375, -0.53515625, 0.10434504598379135, 0.1463068723678589, 0.09541226923465729
65608.21441016666, -0.001434326171875, -0.8663177490234375, -0.53167724609375, 0.10169573128223419, 0.14890027046203613, 0.08127381652593613
65608.224479125, 0.0048980712890625, -0.864105224609375, -0.5314483642578125, 0.10364703088998795, 0.1513807326555252, 0.0719924345612526
65608.234547125, 0.0047760009765625, -0.8641204833984375, -0.5378875732421875, 0.1072569489479065, 0.14349138736724854, 0.05985987186431885
65608.244616125, 0.0072174072265625, -0.8627471923828125, -0.5445709228515625, 0.10677198320627213, 0.12854360044002533, 0.04817711561918259
65608.254684125, 0.021728515625, -0.8636016845703125, -0.5458526611328125, 0.1242002472281456, 0.11620943248271942, 0.04434003308415413
65608.264752125, 0.040008544921875, -0.8658447265625, -0.5461273193359375, 0.1630842536687851, 0.11280777305364609, 0.052086636424064636
65608.274821125, 0.05096435546875, -0.8672943115234375, -0.5438690185546875, 0.20939263701438904, 0.11750984936952591, 0.0658985897898674
65608.284889125, 0.04241943359375, -0.8790283203125, -0.5460052490234375, 0.2558458745479584, 0.11954344063997269, 0.07317221164703369
65608.294957125, 0.0129547119140625, -0.9022369384765625, -0.54156494140625, 0.301779568195343, 0.09926453232765198, 0.06703761965036392
65608.30502512501, 0.0042266845703125, -0.91400146484375, -0.5259857177734375, 0.3359377980232239, 0.09780006110668182, 0.06006546691060066
65608.315094125, 0.0109100341796875, -0.9128875732421875, -0.5164794921875, 0.351876825094223, 0.12000469863414764, 0.05350184068083763
65608.32516212501, 0.0037078857421875, -0.9176177978515625, -0.512359619140625, 0.33002689480781555, 0.14418087899684906, 0.040281642228364944
65608.335230125, -0.001861572265625, -0.92352294921875, -0.51104736328125, 0.2755737900733948, 0.16730085015296936, 0.014987737871706486
65608.34529912501, 0.01055908203125, -0.9234771728515625, -0.5245819091796875, 0.20458883047103882, 0.1879752278327942, -0.0105354655534029
65608.355367125, 0.0366668701171875, -0.9156494140625, -0.54925537109375, 0.14431296288967133, 0.17497794330120087, -0.029707295820116997
65608.365435125, 0.0595245361328125, -0.900634765625, -0.5711669921875, 0.11493297666311264, 0.13996721804141998, -0.033846646547317505
65608.375503125, 0.0748748779296875, -0.886810302734375, -0.59344482421875, 0.11759454011917114, 0.10424784570932388, -0.027298731729388237
65608.385572125, 0.078216552734375, -0.8712310791015625, -0.610382080078125, 0.14195607602596283, 0.07401377707719803, -0.01937875710427761
65608.395640125, 0.075164794921875, -0.85467529296875, -0.6230926513671875, 0.1787835955619812, 0.0518869012594223, -0.013647635467350483
65608.405708125, 0.070159912109375, -0.8450164794921875, -0.6356353759765625, 0.22908538579940796, 0.024769794195890427, -0.014758173376321793
65608.415777125, 0.0708770751953125, -0.848175048828125, -0.635986328125, 0.28672683238983154, -0.0022101574577391148, -0.012226305902004242
65608.425845125, 0.0753173828125, -0.85443115234375, -0.6273193359375, 0.34363219141960144, -0.00917645450681448, -0.004442152567207813
65608.43591312501, 0.07073974609375, -0.8623504638671875, -0.6253662109375, 0.3888164460659027, 0.012123774737119675, -0.008916263468563557
65608.445982125, 0.0584716796875, -0.8704376220703125, -0.6126861572265625, 0.42177441716194153, 0.012112056836485863, -0.020379306748509407
65608.45605012501, 0.050018310546875, -0.8777923583984375, -0.586212158203125, 0.42631828784942627, 0.035655733197927475, -0.03953542560338974
65608.466118125, 0.0429534912109375, -0.88690185546875, -0.5585174560546875, 0.3996443450450897, 0.09234751015901566, -0.05886278301477432
65608.476186125, 0.0355682373046875, -0.88201904296875, -0.53790283203125, 0.3296191692352295, 0.1635175496339798, -0.08503393083810806
65608.486255125, 0.0314178466796875, -0.87054443359375, -0.532196044921875, 0.24090689420700073, 0.2226671576499939, -0.111927330493927
65608.496323125, 0.0338592529296875, -0.8555145263671875, -0.5351715087890625, 0.14381815493106842, 0.24578845500946045, -0.13484597206115723
65608.506391125, 0.051483154296875, -0.841827392578125, -0.5410919189453125, 0.055874716490507126, 0.24906495213508606, -0.14256779849529266
65608.516460125, 0.0746307373046875, -0.8287506103515625, -0.547943115234375, -0.008490423671901226, 0.23937131464481354, -0.1262490153312683
65608.526528125, 0.092681884765625, -0.8154449462890625, -0.5598602294921875, -0.04322470352053642, 0.21677838265895844, -0.09217014163732529
65608.536596125, 0.1069183349609375, -0.79638671875, -0.5627288818359375, -0.05174468830227852, 0.17429856956005096, -0.04862985387444496
65608.546665125, 0.11383056640625, -0.7818756103515625, -0.55572509765625, -0.04626842960715294, 0.13689154386520386, -0.009224390611052513
65608.556733125, 0.1157989501953125, -0.7756500244140625, -0.5434417724609375, -0.038552720099687576, 0.11135635524988174, 0.021089306101202965
65608.56680112501, 0.1192779541015625, -0.7728271484375, -0.5313720703125, -0.032894033938646317, 0.09704052656888962, 0.04761625453829765
65608.576869125, 0.1205291748046875, -0.771148681640625, -0.519500732421875, -0.035173967480659485, 0.09121246635913849, 0.06863951683044434
65608.58693812501, 0.118682861328125, -0.76849365234375, -0.5081024169921875, -0.042822565883398056, 0.07917311787605286, 0.08330421149730682
65608.597006125, 0.1150360107421875, -0.767333984375, -0.4957733154296875, -0.07476478815078735, 0.07321295887231827, 0.09128277748823166
65608.607074125, 0.1108245849609375, -0.769256591796875, -0.4797210693359375, -0.10938694328069687, 0.06574545800685883, 0.09231927990913391
65608.617143125, 0.1118011474609375, -0.7726287841796875, -0.4708251953125, -0.1597348004579544, 0.06911728531122208, 0.09314326196908951
65608.627211125, 0.1138458251953125, -0.777435302734375, -0.4740142822265625, -0.19624140858650208, 0.08234307914972305, 0.08658495545387268
65608.637279125, 0.115966796875, -0.776153564453125, -0.487274169921875, -0.21305342018604279, 0.09196747094392776, 0.07485053688287735
65608.647348125, 0.1276397705078125, -0.7732391357421875, -0.50286865234375, -0.20663759112358093, 0.10717572271823883, 0.07318712770938873
65608.657416125, 0.144256591796875, -0.77813720703125, -0.5233154296875, -0.18291975557804108, 0.12648870050907135, 0.08128819614648819
65608.667484125, 0.1594696044921875, -0.7870330810546875, -0.54840087890625, -0.13290531933307648, 0.1288573145866394, 0.10073087364435196
65608.67755212501, 0.1612091064453125, -0.7930145263671875, -0.560516357421875, -0.06733536720275879, 0.10910571366548538, 0.1268431693315506
65608.687621125, 0.1530914306640625, -0.80169677734375, -0.560211181640625, -0.00881106872111559, 0.08886755257844925, 0.152780219912529
65608.69768912501, 0.1314239501953125, -0.8123321533203125, -0.5416107177734375, 0.022228339686989784, 0.081507109105587, 0.16252020001411438
65608.707757125, 0.1034393310546875, -0.825225830078125, -0.5115966796875, 0.018604576587677002, 0.0905701145529747, 0.15127207338809967
65608.71782612501, 0.0848846435546875, -0.8344879150390625, -0.489410400390625, -0.021139640361070633, 0.11105594784021378, 0.12724371254444122
65608.727894125, 0.08770751953125, -0.842529296875, -0.483489990234375, -0.0887618288397789, 0.1266399621963501, 0.10022327303886414
65608.737962125, 0.10418701171875, -0.8519287109375, -0.4844512939453125, -0.16944575309753418, 0.13692723214626312, 0.08498546481132507
65608.74803112501, 0.1194305419921875, -0.8538818359375, -0.4949493408203125, -0.24955523014068604, 0.13953259587287903, 0.07948470860719681
65608.758099125, 0.1256866455078125, -0.844024658203125, -0.511627197265625, -0.30311301350593567, 0.12186678498983383, 0.07679571211338043
65608.768167125, 0.1292572021484375, -0.826202392578125, -0.5315704345703125, -0.32902902364730835, 0.08906755596399307, 0.07112264633178711
65608.778235125, 0.1403961181640625, -0.8186187744140625, -0.55072021484375, -0.3193303346633911, 0.051413655281066895, 0.06851301342248917
65608.788304125, 0.154815673828125, -0.8226470947265625, -0.5601959228515625, -0.29115939140319824, 0.025560753419995308, 0.07405611872673035
65608.798372125, 0.154144287109375, -0.8244781494140625, -0.5587005615234375, -0.26210832595825195, 0.008262990042567253, 0.08042826503515244
65608.80844012501, 0.147369384765625, -0.82379150390625, -0.5603485107421875, -0.2245955616235733, 0.008619586937129498, 0.07504548132419586
65608.818509125, 0.1389312744140625, -0.8214874267578125, -0.5535888671875, -0.19302058219909668, 0.03748852014541626, 0.0681564137339592
65608.82857712501, 0.125, -0.82037353515625, -0.539825439453125, -0.16459347307682037, 0.08228901028633118, 0.05596819519996643
65608.838645125, 0.1138153076171875, -0.8221435546875, -0.526702880859375, -0.14645521342754364, 0.13362890481948853, 0.038420092314481735
65608.84871412501, 0.1143951416015625, -0.8226776123046875, -0.514892578125, -0.1386505514383316, 0.1890101283788681, 0.02672375552356243
65608.85878212501, 0.122406005859375, -0.8305206298828125, -0.5081939697265625, -0.14595293998718262, 0.24043790996074677, 0.011886220425367355
65608.868850125, 0.138763427734375, -0.8410186767578125, -0.5029754638671875, -0.15348303318023682, 0.2804257869720459, 0.0014106763992458582
65608.87891912501, 0.1578369140625, -0.8482666015625, -0.5037689208984375, -0.15075941383838654, 0.3039223253726959, -0.0013084110105410218
65608.888987125, 0.1761322021484375, -0.848602294921875, -0.51092529296875, -0.13530376553535461, 0.31668952107429504, 0.002929743379354477
65608.899055125, 0.1862030029296875, -0.8454132080078125, -0.5162200927734375, -0.12143082171678543, 0.3050816059112549, 0.011598066426813602
65608.909123125, 0.1938629150390625, -0.8422393798828125, -0.518096923828125, -0.10256259143352509, 0.28728875517845154, 0.022877885028719902
65608.919192125, 0.2023773193359375, -0.840118408203125, -0.5194091796875, -0.08951177448034286, 0.26891136169433594, 0.04837711900472641
65608.929260125, 0.1967926025390625, -0.838134765625, -0.5214385986328125, -0.07529395818710327, 0.24129943549633026, 0.07938537001609802
65608.93932812501, 0.182373046875, -0.8330078125, -0.51776123046875, -0.0682419016957283, 0.21912941336631775, 0.10385822504758835
65608.949397125, 0.16607666015625, -0.8331146240234375, -0.5137786865234375, -0.0646040290594101, 0.19305521249771118, 0.12422048300504684
65608.95946512501, 0.1533050537109375, -0.839385986328125, -0.5073394775390625, -0.05914933979511261, 0.16394339501857758, 0.13550163805484772
65608.969533125, 0.1425933837890625, -0.85003662109375, -0.4965667724609375, -0.05745610222220421, 0.1477961242198944, 0.1381155252456665
65608.97960212501, 0.1383056640625, -0.8631744384765625, -0.488128662109375, -0.05217238888144493, 0.16723214089870453, 0.1329263597726822
65608.98967012501, 0.1437835693359375, -0.8702239990234375, -0.4883880615234375, -0.04393230378627777, 0.19888460636138916, 0.1302594691514969
65608.999738125, 0.1458587646484375, -0.8708038330078125, -0.4981689453125, -0.04096474498510361, 0.2201981395483017, 0.12766581773757935
65609.00980712501, 0.1467132568359375, -0.8692474365234375, -0.5147705078125, -0.03760809451341629, 0.21632671356201172, 0.11999405175447464
65609.019875125, 0.147552490234375, -0.86962890625, -0.530029296875, -0.03392760828137398, 0.19953307509422302, 0.10915231704711914
65609.029943125, 0.148223876953125, -0.8716583251953125, -0.5429840087890625, -0.015863917768001556, 0.16852110624313354, 0.10571524500846863
65609.040012125, 0.13922119140625, -0.8731689453125, -0.5552978515625, 0.01025423500686884, 0.14234596490859985, 0.09982060641050339
65609.050080125, 0.12548828125, -0.86932373046875, -0.564788818359375, 0.05366003140807152, 0.11256595700979233, 0.09506046772003174
65609.060148125, 0.111907958984375, -0.8644256591796875, -0.5720977783203125, 0.10638183355331421, 0.09452170878648758, 0.08447840064764023
65609.07021612501, 0.097747802734375, -0.8631134033203125, -0.577056884765625, 0.1629716157913208, 0.08278463035821915, 0.07242679595947266
65609.080285125, 0.0836181640625, -0.8607635498046875, -0.5789642333984375, 0.2129543423652649, 0.0724523589015007, 0.05703079700469971
65609.09035312501, 0.0753021240234375, -0.8633270263671875, -0.573760986328125, 0.2504276931285858, 0.05501211807131767, 0.045574676245450974
65609.10042112501, 0.0651092529296875, -0.876556396484375, -0.5579986572265625, 0.2759578227996826, 0.04766152799129486, 0.03853167966008186
65609.11049012501, 0.0504913330078125, -0.899566650390625, -0.533294677734375, 0.279962956905365, 0.05005624145269394, 0.03385596722364426
65609.12055812501, 0.038543701171875, -0.9188690185546875, -0.5103302001953125, 0.256655216217041, 0.07869667559862137, 0.033306024968624115
65609.130626125, 0.0340728759765625, -0.924713134765625, -0.5008544921875, 0.20691455900669098, 0.1343359649181366, 0.024942900985479355
65609.14069512501, 0.039215087890625, -0.9155731201171875, -0.5130462646484375, 0.1432833969593048, 0.19271299242973328, 0.018260762095451355
65609.150763125, 0.051910400390625, -0.90118408203125, -0.540435791015625, 0.08900177478790283, 0.23629508912563324, 0.02046852372586727
65609.160831125, 0.074920654296875, -0.8831939697265625, -0.5720977783203125, 0.06022392585873604, 0.2513235807418823, 0.040950894355773926
65609.170900125, 0.1036224365234375, -0.864013671875, -0.5988006591796875, 0.06635186076164246, 0.2354884147644043, 0.08798018842935562
65609.180968125, 0.1213836669921875, -0.8464813232421875, -0.6153717041015625, 0.1031748577952385, 0.20613984763622284, 0.14767681062221527
65609.191036125, 0.1236419677734375, -0.8317718505859375, -0.6214447021484375, 0.16153855621814728, 0.17633561789989471, 0.2024492472410202
65609.201105125, 0.116973876953125, -0.822601318359375, -0.6064910888671875, 0.2256017029285431, 0.15063798427581787, 0.250005304813385
65609.211173125, 0.1003570556640625, -0.82080078125, -0.58184814453125, 0.27726781368255615, 0.13520576059818268, 0.28092220425605774
65609.22124112501, 0.0807952880859375, -0.822357177734375, -0.5489349365234375, 0.3049441874027252, 0.13064509630203247, 0.28842246532440186
65609.23130975, 0.0595855712890625, -0.8245391845703125, -0.51678466796875, 0.2977917492389679, 0.13424116373062134, 0.28282663226127625
65609.24137775, 0.04150390625, -0.8316192626953125, -0.490753173828125, 0.2644846439361572, 0.13515223562717438, 0.2688085734844208
65609.25144575001, 0.032073974609375, -0.8368377685546875, -0.4739227294921875, 0.20346710085868835, 0.13838423788547516, 0.25121626257896423
65609.26151475, 0.0257415771484375, -0.8435516357421875, -0.47283935546875, 0.13015347719192505, 0.14177976548671722, 0.23886343836784363
65609.27158275, 0.0215301513671875, -0.8468170166015625, -0.4801788330078125, 0.047577373683452606, 0.15244466066360474, 0.2328851819038391
65609.28165075001, 0.01971435546875, -0.840576171875, -0.4980010986328125, -0.02473437413573265, 0.1717645674943924, 0.23314882814884186
65609.29171875, 0.023345947265625, -0.8219757080078125, -0.5268096923828125, -0.0844336599111557, 0.20066945254802704, 0.24293674528598785
65609.30178775001, 0.03179931640625, -0.8063507080078125, -0.5551300048828125, -0.12759071588516235, 0.23060551285743713, 0.2631821036338806
65609.31185575, 0.0420074462890625, -0.7952423095703125, -0.57635498046875, -0.15159644186496735, 0.2709324359893799, 0.2911636531352997
65609.32192375, 0.0558929443359375, -0.79193115234375, -0.5875091552734375, -0.1644211709499359, 0.3216099739074707, 0.3227601945400238
65609.33199275, 0.0654144287109375, -0.7914886474609375, -0.5970611572265625, -0.17253874242305756, 0.3681439459323883, 0.3509684205055237
65609.34206075, 0.070098876953125, -0.7896881103515625, -0.5972900390625, -0.18756909668445587, 0.3912026584148407, 0.3677918612957001
65609.35212875, 0.0711212158203125, -0.796295166015625, -0.5862884521484375, -0.20985735952854156, 0.39775350689888, 0.3729482889175415
65609.36219775, 0.07257080078125, -0.8107147216796875, -0.5718994140625, -0.23245267570018768, 0.3933424949645996, 0.3662072718143463
65609.37226575, 0.0735626220703125, -0.8226776123046875, -0.557098388671875, -0.25143542885780334, 0.38387683033943176, 0.35049358010292053
65609.38233375, 0.0660552978515625, -0.835235595703125, -0.5492706298828125, -0.26915425062179565, 0.36610928177833557, 0.32710009813308716
65609.39240275, 0.0476837158203125, -0.84173583984375, -0.548980712890625, -0.2866791784763336, 0.34794917702674866, 0.2903708517551422
65609.40247075, 0.0317840576171875, -0.8451690673828125, -0.554412841796875, -0.29937979578971863, 0.3422665297985077, 0.24104537069797516
65609.41253875001, 0.0247650146484375, -0.84246826171875, -0.566802978515625, -0.2988322377204895, 0.3406289517879486, 0.18213358521461487
65609.42260775, 0.0242767333984375, -0.8375091552734375, -0.5828399658203125, -0.28275448083877563, 0.34796303510665894, 0.12851643562316895
65609.43267575001, 0.03411865234375, -0.829559326171875, -0.59710693359375, -0.2501070499420166, 0.3565613031387329, 0.08310447633266449
65609.44274375, 0.048370361328125, -0.81787109375, -0.6056671142578125, -0.21335995197296143, 0.37346041202545166, 0.05350610241293907
65609.45281275001, 0.0578155517578125, -0.809844970703125, -0.6127166748046875, -0.16861112415790558, 0.3937472999095917, 0.03457768261432648
65609.46288075, 0.06689453125, -0.809844970703125, -0.618316650390625, -0.1311420351266861, 0.40303000807762146, 0.03163089603185654
65609.47294875, 0.06951904296875, -0.812896728515625, -0.6173095703125, -0.08442087471485138, 0.40404653549194336, 0.04355999454855919
65609.48301775, 0.0682373046875, -0.81365966796875, -0.6087493896484375, -0.04248301312327385, 0.3938836455345154, 0.06130197271704674
65609.49308575, 0.0614471435546875, -0.8119659423828125, -0.591552734375, -0.009751697070896626, 0.3939603567123413, 0.08438758552074432
65609.50315375, 0.051025390625, -0.811614990234375, -0.5735015869140625, 0.018163558095693588, 0.40598851442337036, 0.10059478133916855
65609.51322275, 0.038177490234375, -0.81280517578125, -0.5544281005859375, 0.03250015154480934, 0.4228231608867645, 0.11391778290271759
65609.52329075, 0.0341949462890625, -0.81341552734375, -0.536224365234375, 0.030701719224452972, 0.44106075167655945, 0.1251581907272339
65609.53335875, 0.0323486328125, -0.8158721923828125, -0.51800537109375, 0.01607270911335945, 0.4522002339363098, 0.13368402421474457
65609.54342775, 0.0197601318359375, -0.828033447265625, -0.499481201171875, -0.01164440531283617, 0.4632028043270111, 0.14407488703727722
65609.55349575, 0.01220703125, -0.833648681640625, -0.4905853271484375, -0.045816756784915924, 0.46100541949272156, 0.15153732895851135
65609.56356375001, 0.013580322265625, -0.8307647705078125, -0.485992431640625, -0.0858326181769371, 0.45899102091789246, 0.15706712007522583
65609.57363275, 0.01519775390625, -0.8293914794921875, -0.4879608154296875, -0.11800626665353775, 0.4580431878566742, 0.16703586280345917
65609.58370075001, 0.021484375, -0.82977294921875, -0.495269775390625, -0.13621509075164795, 0.46010875701904297, 0.18473443388938904
65609.59376875, 0.024261474609375, -0.82769775390625, -0.51177978515625, -0.1399477869272232, 0.4569214880466461, 0.2106054425239563
65609.60383775001, 0.0219879150390625, -0.8201904296875, -0.52587890625, -0.12728258967399597, 0.4590461552143097, 0.23473501205444336
65609.61390575, 0.02557373046875, -0.8117523193359375, -0.5339202880859375, -0.10761380940675735, 0.4610384404659271, 0.25357261300086975
65609.62397375, 0.0325469970703125, -0.8131256103515625, -0.53472900390625, -0.080900177359581, 0.47656014561653137, 0.27713334560394287
65609.63404275001, 0.038116455078125, -0.8158111572265625, -0.5319976806640625, -0.05570986866950989, 0.5082608461380005, 0.3003087043762207
65609.64411075, 0.04058837890625, -0.8177337646484375, -0.524688720703125, -0.04369048774242401, 0.5250225067138672, 0.3259347081184387
65609.65417875, 0.0369873046875, -0.8233642578125, -0.5126190185546875, -0.03393133357167244, 0.5316178202629089, 0.34005558490753174
65609.66424775, 0.0295867919921875, -0.8350677490234375, -0.5055389404296875, -0.03821929171681404, 0.5343291759490967, 0.34739258885383606
65609.67431575, 0.0187225341796875, -0.846710205078125, -0.4954071044921875, -0.04587055370211601, 0.5238019824028015, 0.3467763364315033
65609.68438375, 0.0045928955078125, -0.85406494140625, -0.491912841796875, -0.050219759345054626, 0.524448037147522, 0.3495745062828064
65609.69445175001, -0.0054168701171875, -0.852081298828125, -0.49432373046875, -0.05331834778189659, 0.5336577892303467, 0.3414390981197357
65609.70452075, -0.0048980712890625, -0.8470611572265625, -0.500396728515625, -0.044982653111219406, 0.5460955500602722, 0.33726510405540466
65609.71458875001, 0.00909423828125, -0.8438873291015625, -0.50701904296875, -0.02214311994612217, 0.5690605044364929, 0.33876287937164307
65609.72465675, 0.0189666748046875, -0.840545654296875, -0.5159759521484375, 0.001913214917294681, 0.5862997174263, 0.344595730304718
65609.73472575001, 0.0240325927734375, -0.8394622802734375, -0.5191650390625, 0.02888437919318676, 0.5970804691314697, 0.3586638867855072
65609.74479375001, 0.0309295654296875, -0.84405517578125, -0.5147705078125, 0.047507598996162415, 0.6053977608680725, 0.3754662871360779
65609.75486275001, 0.04071044921875, -0.8502655029296875, -0.509185791015625, 0.06335633248090744, 0.6212946772575378, 0.395630419254303
65609.76493075001, 0.0474090576171875, -0.8516693115234375, -0.510650634765625, 0.06481308490037918, 0.6319276690483093, 0.4133090078830719
65609.77499875, 0.0441131591796875, -0.8555145263671875, -0.513946533203125, 0.06359069049358368, 0.6298930048942566, 0.42062339186668396
65609.78506775001, 0.04522705078125, -0.8603973388671875, -0.5160064697265625, 0.060433514416217804, 0.6259600520133972, 0.41774770617485046
65609.79513575, 0.0572662353515625, -0.8618316650390625, -0.5222015380859375, 0.06327936798334122, 0.6234830021858215, 0.4227464497089386
65609.80520375, 0.0693359375, -0.859039306640625, -0.5375518798828125, 0.07262466847896576, 0.6233913898468018, 0.42763975262641907
65609.81527275, 0.07659912109375, -0.860687255859375, -0.5555267333984375, 0.08795435726642609, 0.6139539480209351, 0.428958535194397
65609.82534075, 0.077972412109375, -0.8703155517578125, -0.5695953369140625, 0.12070857733488083, 0.5925166010856628, 0.4412916600704193
65609.83540875, 0.069366455078125, -0.8946533203125, -0.5657501220703125, 0.17022046446800232, 0.5695667862892151, 0.46102645993232727
65609.84547675001, 0.0671234130859375, -0.9118194580078125, -0.542144775390625, 0.2193688452243805, 0.5821110606193542, 0.48842906951904297
65609.85554575, 0.07122802734375, -0.9151153564453125, -0.520538330078125, 0.21465371549129486, 0.6538686156272888, 0.5058839321136475
65609.86561375001, 0.069488525390625, -0.920318603515625, -0.51727294921875, 0.15959471464157104, 0.7386812567710876, 0.5053766369819641
65609.87568275, 0.076904296875, -0.9270172119140625, -0.52301025390625, 0.054126083850860596, 0.8070802688598633, 0.5031129121780396
65609.88575075, 0.0995025634765625, -0.9317779541015625, -0.540924072265625, -0.07579676061868668, 0.8479520678520203, 0.5011022686958313
65609.89581875001, 0.138275146484375, -0.926422119140625, -0.57659912109375, -0.18782448768615723, 0.8477025628089905, 0.5234078168869019
65609.90588775, 0.1802978515625, -0.9098358154296875, -0.62213134765625, -0.25336888432502747, 0.790516197681427, 0.5699665546417236
65609.91595575001, 0.2039642333984375, -0.8874053955078125, -0.6639556884765625, -0.25864487886428833, 0.7081542611122131, 0.6238929033279419
65609.92602375, 0.2118988037109375, -0.86407470703125, -0.687255859375, -0.21240653097629547, 0.6389972567558289, 0.6837588548660278
65609.93609275001, 0.1939239501953125, -0.846038818359375, -0.6873626708984375, -0.12566311657428741, 0.5895322561264038, 0.726921558380127
65609.94616075, 0.162261962890625, -0.8400726318359375, -0.6631927490234375, -0.016752082854509354, 0.5698259472846985, 0.7439753413200378
65609.95622875, 0.1272125244140625, -0.845367431640625, -0.6190338134765625, 0.08357212692499161, 0.5991715788841248, 0.7387691140174866
65609.96629775, 0.0970611572265625, -0.86279296875, -0.5711669921875, 0.16568243503570557, 0.6684595346450806, 0.7109859585762024
65609.97636575, 0.0811920166015625, -0.8814239501953125, -0.5232696533203125, 0.21462468802928925, 0.754197359085083, 0.6713219285011292
65609.98643375, 0.0824127197265625, -0.9007568359375, -0.4847412109375, 0.2118549942970276, 0.8531820178031921, 0.6203373074531555
65609.99650275, 0.0963897705078125, -0.915374755859375, -0.4648284912109375, 0.15621943771839142, 0.9292783737182617, 0.5630790591239929
65610.00657075, 0.1295623779296875, -0.9190673828125, -0.46002197265625, 0.05835838243365288, 0.9646121263504028, 0.514500081539154
65610.01663875, 0.1749114990234375, -0.9188995361328125, -0.46630859375, -0.060026317834854126, 0.9642072916030884, 0.4760216772556305
65610.02670775, 0.21966552734375, -0.9117584228515625, -0.488677978515625, -0.17956896126270294, 0.9436250925064087, 0.45977744460105896
65610.03677575, 0.2559356689453125, -0.890411376953125, -0.5246429443359375, -0.2634239196777344, 0.8967931270599365, 0.46064645051956177
65610.04684375001, 0.281219482421875, -0.8577880859375, -0.56207275390625, -0.3052307367324829, 0.8243879079818726, 0.47520941495895386
65610.05691275, 0.290130615234375, -0.82061767578125, -0.5864410400390625, -0.30532875657081604, 0.7522034645080566, 0.5033190846443176
65610.06698075001, 0.2858428955078125, -0.78839111328125, -0.6019134521484375, -0.26490968465805054, 0.6997242569923401, 0.5402059555053711
65610.07704875, 0.271240234375, -0.759124755859375, -0.61309814453125, -0.2057020217180252, 0.6498333811759949, 0.577495276927948
65610.08711775001, 0.2537078857421875, -0.7373046875, -0.6125946044921875, -0.14259123802185059, 0.6118047833442688, 0.6085932850837708
65610.09718575, 0.2389984130859375, -0.73211669921875, -0.597137451171875, -0.08797486126422882, 0.5954657793045044, 0.6445856690406799
65610.10725375, 0.220458984375, -0.7365570068359375, -0.5663299560546875, -0.05158436298370361, 0.6094292402267456, 0.6704422831535339
65610.11732275001, 0.19879150390625, -0.742767333984375, -0.5311126708984375, -0.03798280283808708, 0.6527231931686401, 0.6862457394599915
65610.12739075, 0.1794281005859375, -0.745758056640625, -0.5010223388671875, -0.04278767853975296, 0.7105971574783325, 0.685981810092926
65610.13745875, 0.168487548828125, -0.7515411376953125, -0.479949951171875, -0.0732896625995636, 0.7851741909980774, 0.6731142401695251
65610.14752775, 0.1656036376953125, -0.7579498291015625, -0.4663238525390625, -0.10032713413238525, 0.8561301231384277, 0.6618176102638245
65610.15759575, 0.165191650390625, -0.7640533447265625, -0.4638519287109375, -0.13609285652637482, 0.9259094595909119, 0.6469300389289856
65610.16766375, 0.164093017578125, -0.7688140869140625, -0.47027587890625, -0.16054387390613556, 0.9791556596755981, 0.6308290958404541
65610.17773275, 0.1699981689453125, -0.7702178955078125, -0.477386474609375, -0.16898475587368011, 1.0165342092514038, 0.625453770160675
65610.18780075, 0.1822967529296875, -0.7726898193359375, -0.4904022216796875, -0.1691051423549652, 1.0446656942367554, 0.6290796399116516
65610.19786975, 0.1920318603515625, -0.7793426513671875, -0.4972381591796875, -0.17167748510837555, 1.0638236999511719, 0.6436743140220642
65610.20793775, 0.19610595703125, -0.7895050048828125, -0.4976806640625, -0.179880291223526, 1.078829288482666, 0.6619467735290527
65610.21800575001, 0.201141357421875, -0.7995147705078125, -0.4948272705078125, -0.1933569461107254, 1.087964653968811, 0.6766633987426758
65610.22807375, 0.208953857421875, -0.8123626708984375, -0.4906768798828125, -0.2184726893901825, 1.0921200513839722, 0.6949124932289124
65610.23814275001, 0.2157745361328125, -0.82763671875, -0.488250732421875, -0.24594798684120178, 1.0923324823379517, 0.709151566028595
65610.24821075001, 0.220550537109375, -0.8357391357421875, -0.4839019775390625, -0.27047091722488403, 1.0833179950714111, 0.7154837846755981
65610.25827975, 0.22113037109375, -0.8408660888671875, -0.485260009765625, -0.2916414439678192, 1.0774555206298828, 0.7160457372665405
65610.26834775001, 0.220703125, -0.8408966064453125, -0.4888916015625, -0.3005901873111725, 1.0757852792739868, 0.701830267906189
65610.27841575, 0.222503662109375, -0.8404541015625, -0.49737548828125, -0.2917135953903198, 1.0902459621429443, 0.6879288554191589
65610.28848475001, 0.22052001953125, -0.8371734619140625, -0.5077972412109375, -0.2699364125728607, 1.1091892719268799, 0.6806935667991638
65610.29855275, 0.207763671875, -0.8271636962890625, -0.5212554931640625, -0.2364242523908615, 1.1203739643096924, 0.6685144305229187
65610.30862075, 0.196929931640625, -0.8187713623046875, -0.534149169921875, -0.19488000869750977, 1.1202092170715332, 0.6504195928573608
65610.31868975, 0.184295654296875, -0.8130035400390625, -0.542724609375, -0.14764457941055298, 1.1076494455337524, 0.6329976916313171
65610.32875775, 0.1690826416015625, -0.8119964599609375, -0.546295166015625, -0.11031292378902435, 1.086470365524292, 0.6182523369789124
65610.33882575, 0.151763916015625, -0.812530517578125, -0.547027587890625, -0.08165278285741806, 1.062280297279358, 0.6068659424781799
65610.34889475, 0.1414337158203125, -0.8128662109375, -0.5467376708984375, -0.0679529532790184, 1.0388226509094238, 0.6000362634658813
65610.35896275, 0.1313934326171875, -0.8126678466796875, -0.5480804443359375, -0.062490541487932205, 1.0245531797409058, 0.6024488210678101
65610.36903075001, 0.116668701171875, -0.8125457763671875, -0.552581787109375, -0.06459657102823257, 1.0183418989181519, 0.6110092997550964
65610.37909975, 0.09912109375, -0.806304931640625, -0.564239501953125, -0.06904378533363342, 1.011742353439331, 0.6192861199378967
65610.38916775, 0.0901947021484375, -0.805328369140625, -0.5767059326171875, -0.06520190834999084, 1.0095294713974, 0.6248531937599182
65610.39923675, 0.0866851806640625, -0.80511474609375, -0.58514404296875, -0.056174322962760925, 1.0039472579956055, 0.6355317234992981
65610.40930475, 0.0848846435546875, -0.8055419921875, -0.589202880859375, -0.04693608358502388, 1.0026841163635254, 0.650263786315918
65610.41937275001, 0.0843505859375, -0.804718017578125, -0.5924072265625, -0.03934580832719803, 1.0066916942596436, 0.6662190556526184
65610.42944175, 0.081268310546875, -0.80548095703125, -0.591064453125, -0.03935805708169937, 1.010788083076477, 0.6822350025177002
65610.43950975001, 0.0836181640625, -0.80487060546875, -0.5906524658203125, -0.03552017733454704, 1.010232925415039, 0.702196478843689
65610.44957775, 0.088104248046875, -0.805816650390625, -0.5920867919921875, -0.034336403012275696, 1.0092110633850098, 0.7222931981086731
65610.45964675001, 0.091278076171875, -0.8058624267578125, -0.59539794921875, -0.026607109233736992, 1.0040985345840454, 0.7384876608848572
65610.46971475, 0.09185791015625, -0.80810546875, -0.5923614501953125, -0.014156831428408623, 0.9904506206512451, 0.7452254295349121
65610.47978275, 0.09149169921875, -0.8172607421875, -0.5888214111328125, 0.0044293696992099285, 0.9664265513420105, 0.7432882785797119
65610.48985175, 0.0946197509765625, -0.823272705078125, -0.5833282470703125, 0.028081968426704407, 0.9400082230567932, 0.7367464900016785
65610.49991975, 0.09417724609375, -0.8313140869140625, -0.5780487060546875, 0.04447665438055992, 0.9180254340171814, 0.7316536903381348
65610.50998775, 0.09014892578125, -0.83758544921875, -0.578765869140625, 0.0583551861345768, 0.8973920941352844, 0.7239033579826355
65610.52005675, 0.08868408203125, -0.841217041015625, -0.576171875, 0.05468641594052315, 0.8769629597663879, 0.7154523730278015
65610.53012475, 0.08642578125, -0.8420867919921875, -0.5698394775390625, 0.03808160498738289, 0.8571026921272278, 0.7069829702377319
65610.54019275, 0.0863189697265625, -0.843048095703125, -0.57476806640625, 0.01022866927087307, 0.841166079044342, 0.6998787522315979
65610.55026175, 0.089691162109375, -0.836669921875, -0.588531494140625, -0.025554629042744637, 0.8129656314849854, 0.7055124044418335
65610.56032975, 0.0856781005859375, -0.82916259765625, -0.6008453369140625, -0.05241260677576065, 0.7682197093963623, 0.71197110414505
65610.57039775001, 0.07977294921875, -0.828369140625, -0.6016693115234375, -0.07286488264799118, 0.718188464641571, 0.7232679128646851
65610.58046675, 0.0741729736328125, -0.835357666015625, -0.594635009765625, -0.08192256093025208, 0.6949769258499146, 0.7431204915046692
65610.59053475001, 0.067718505859375, -0.834228515625, -0.589630126953125, -0.09584104269742966, 0.6946831941604614, 0.7576999664306641
65610.60060375, 0.0548248291015625, -0.8325653076171875, -0.58837890625, -0.11455933749675751, 0.6960698962211609, 0.7577827572822571
65610.61067175001, 0.042755126953125, -0.8482208251953125, -0.58551025390625, -0.1438213437795639, 0.700469970703125, 0.7542708516120911
65610.62073975001, 0.0428619384765625, -0.867156982421875, -0.582550048828125, -0.18208937346935272, 0.7176092267036438, 0.7541425228118896
65610.63080875001, 0.0504150390625, -0.8639373779296875, -0.587982177734375, -0.22881853580474854, 0.7354042530059814, 0.7577404379844666
65610.64087675001, 0.0527801513671875, -0.84967041015625, -0.5934906005859375, -0.29484042525291443, 0.7482297420501709, 0.7528679370880127
65610.65094475, 0.0574798583984375, -0.83563232421875, -0.59808349609375, -0.3744385838508606, 0.7731260657310486, 0.7398636937141418
65610.66101375001, 0.0712738037109375, -0.820648193359375, -0.613372802734375, -0.4571598172187805, 0.79969722032547, 0.7312725782394409
65610.67108175, 0.08935546875, -0.80133056640625, -0.6425933837890625, -0.5215454697608948, 0.809424638748169, 0.7344928979873657
65610.68114975, 0.105987548828125, -0.779083251953125, -0.675048828125, -0.5541785359382629, 0.8086987137794495, 0.7480513453483582
65610.69121875, 0.121246337890625, -0.7611846923828125, -0.70257568359375, -0.5489081144332886, 0.7925924062728882, 0.7817181944847107
65610.70128675, 0.1337738037109375, -0.7463836669921875, -0.724212646484375, -0.5095218420028687, 0.772429883480072, 0.8318796157836914
65610.71135575, 0.1301116943359375, -0.731964111328125, -0.7340545654296875, -0.4446312487125397, 0.7586488127708435, 0.8789936304092407
65610.72142375, 0.1092529296875, -0.7190399169921875, -0.7297821044921875, -0.3715117573738098, 0.7518731951713562, 0.9116607308387756
65610.73149175, 0.089508056640625, -0.7126007080078125, -0.713104248046875, -0.28856149315834045, 0.7647767663002014, 0.9309702515602112
65610.74156075, 0.0739288330078125, -0.7136383056640625, -0.6864013671875, -0.19916263222694397, 0.8044882416725159, 0.9396010637283325
65610.75162875, 0.058685302734375, -0.7181396484375, -0.65631103515625, -0.11132146418094635, 0.8627563118934631, 0.9322839975357056
65610.76169675, 0.0479736328125, -0.724395751953125, -0.632171630859375, -0.041304297745227814, 0.9282229542732239, 0.9103267788887024
65610.77176575, 0.0436553955078125, -0.73480224609375, -0.6127777099609375, 0.00046392265358008444, 0.9919268488883972, 0.879718005657196
65610.78183375, 0.0483245849609375, -0.7476348876953125, -0.6055450439453125, 0.015509983524680138, 1.0528719425201416, 0.8521322011947632
65610.79190175001, 0.0567779541015625, -0.7564239501953125, -0.609832763671875, 0.021916218101978302, 1.1082837581634521, 0.8301605582237244
65610.80197075, 0.0706787109375, -0.7618560791015625, -0.615631103515625, 0.018456771969795227, 1.1420530080795288, 0.8111136555671692
65610.81203875001, 0.0921630859375, -0.7683563232421875, -0.61517333984375, 0.024649154394865036, 1.166946291923523, 0.8060693740844727
65610.82210775, 0.1158447265625, -0.773406982421875, -0.613067626953125, 0.030194653198122978, 1.1907014846801758, 0.813372790813446
65610.83217575001, 0.1273651123046875, -0.7839508056640625, -0.6062164306640625, 0.027872910723090172, 1.205118179321289, 0.8235207796096802
65610.84224375, 0.132171630859375, -0.793060302734375, -0.6010589599609375, 0.0049042110331356525, 1.2302043437957764, 0.8351662755012512
65610.85231275001, 0.1284942626953125, -0.79638671875, -0.603424072265625, -0.03749624267220497, 1.251299500465393, 0.8461562991142273
65610.86238075, 0.1205902099609375, -0.7980804443359375, -0.6111602783203125, -0.08609333634376526, 1.2633426189422607, 0.84759920835495
65610.87244875, 0.1183319091796875, -0.7993011474609375, -0.61920166015625, -0.12327133119106293, 1.281715989112854, 0.8513507843017578
65610.88251775001, 0.115509033203125, -0.79400634765625, -0.6298370361328125, -0.15577654540538788, 1.3096821308135986, 0.8536858558654785
65610.89258575, 0.112396240234375, -0.7845916748046875, -0.64202880859375, -0.1822052299976349, 1.3472026586532593, 0.8552355766296387
65610.90265475001, 0.1112823486328125, -0.772735595703125, -0.6546783447265625, -0.20317894220352173, 1.392040729522705, 0.8582209944725037
65610.91272275, 0.1135406494140625, -0.763671875, -0.6657257080078125, -0.22126100957393646, 1.4404865503311157, 0.8686927556991577
65610.92279075, 0.11651611328125, -0.75341796875, -0.6714019775390625, -0.2477693259716034, 1.4773592948913574, 0.8869857788085938
65610.93285975, 0.1168212890625, -0.747467041015625, -0.6782073974609375, -0.2730634808540344, 1.5028496980667114, 0.904082715511322
65610.94292775, 0.1140289306640625, -0.73919677734375, -0.6832122802734375, -0.29466918110847473, 1.5267188549041748, 0.9220026135444641
65610.95299575, 0.1134033203125, -0.7288818359375, -0.684478759765625, -0.31041619181632996, 1.5464049577713013, 0.9388883709907532
65610.96306475, 0.102783203125, -0.7246856689453125, -0.6914215087890625, -0.33006712794303894, 1.5717260837554932, 0.9490028023719788
65610.97313275, 0.0899200439453125, -0.71759033203125, -0.6960906982421875, -0.3440939784049988, 1.5870479345321655, 0.9565100073814392
65610.98320075001, 0.0792694091796875, -0.71075439453125, -0.70025634765625, -0.3468676805496216, 1.6041468381881714, 0.9627519249916077
65610.99326975, 0.068206787109375, -0.7053375244140625, -0.7037353515625, -0.3375857472419739, 1.6175228357315063, 0.9695402979850769
65611.00333775001, 0.0596923828125, -0.704925537109375, -0.7056884765625, -0.3240196108818054, 1.630192518234253, 0.9750967025756836
65611.01340675, 0.0529022216796875, -0.7047271728515625, -0.7112884521484375, -0.30726194381713867, 1.6350128650665283, 0.9800515174865723
65611.02347475, 0.051666259765625, -0.7044830322265625, -0.7164306640625, -0.28828373551368713, 1.631768822669983, 0.983807384967804
65611.03354275001, 0.0503387451171875, -0.7033233642578125, -0.71826171875, -0.27417588233947754, 1.6220775842666626, 0.9982779622077942
65611.04361175, 0.0469818115234375, -0.701751708984375, -0.720672607421875, -0.26462259888648987, 1.615899920463562, 1.0118275880813599
65611.05367975001, 0.048065185546875, -0.698211669921875, -0.7253875732421875, -0.25744378566741943, 1.6041399240493774, 1.0344735383987427
65611.06374775, 0.040802001953125, -0.6901397705078125, -0.7353057861328125, -0.2482588142156601, 1.599328637123108, 1.0545822381973267
65611.07381675001, 0.0292510986328125, -0.6817474365234375, -0.7502899169921875, -0.2346085160970688, 1.5909247398376465, 1.0873394012451172
65611.08388475, 0.021697998046875, -0.6713714599609375, -0.756134033203125, -0.21739037334918976, 1.5904035568237305, 1.1180437803268433
65611.09395375001, 0.0186004638671875, -0.66815185546875, -0.75860595703125, -0.19171537458896637, 1.6001696586608887, 1.1494989395141602
65611.10402175, 0.01641845703125, -0.6687774658203125, -0.75457763671875, -0.17401467263698578, 1.6351451873779297, 1.1823782920837402
65611.11408975, 0.011993408203125, -0.6645660400390625, -0.75274658203125, -0.1541813164949417, 1.676887035369873, 1.2135145664215088
65611.12415875, 0.0125274658203125, -0.660308837890625, -0.75262451171875, -0.13634026050567627, 1.708841323852539, 1.2320339679718018
65611.13422675, 0.0201263427734375, -0.656494140625, -0.7535247802734375, -0.12413206696510315, 1.7388516664505005, 1.2463785409927368
65611.14429475, 0.02691650390625, -0.6576385498046875, -0.7544097900390625, -0.10971584171056747, 1.7440365552902222, 1.2646616697311401
65611.15436375, 0.033355712890625, -0.655670166015625, -0.7543487548828125, -0.09530681371688843, 1.7386183738708496, 1.279836654663086
65611.16443175, 0.0437469482421875, -0.650665283203125, -0.757476806640625, -0.0772673562169075, 1.7281873226165771, 1.2944262027740479
65611.17450075, 0.041412353515625, -0.6481475830078125, -0.7613525390625, -0.07506465911865234, 1.7095930576324463, 1.3046700954437256
65611.18456875, 0.0365753173828125, -0.64398193359375, -0.7545013427734375, -0.08418678492307663, 1.694148302078247, 1.304054617881775
65611.19463675, 0.0334625244140625, -0.64019775390625, -0.7534332275390625, -0.0945986732840538, 1.6983084678649902, 1.3011187314987183
65611.20470575, 0.035614013671875, -0.6363067626953125, -0.7586517333984375, -0.1025354266166687, 1.7054632902145386, 1.2928056716918945
65611.21477375, 0.0399322509765625, -0.6300201416015625, -0.77001953125, -0.10439378023147583, 1.7172073125839233, 1.290961503982544
65611.22484154167, 0.0465850830078125, -0.622222900390625, -0.785888671875, -0.09570841491222382, 1.7260125875473022, 1.2938627004623413
65611.23491054167, 0.0587921142578125, -0.617462158203125, -0.8010711669921875, -0.07667852938175201, 1.7288416624069214, 1.3090882301330566
65611.24497854167, 0.062164306640625, -0.616607666015625, -0.809844970703125, -0.05338173359632492, 1.7216417789459229, 1.3262702226638794
65611.25504754166, 0.0621185302734375, -0.62567138671875, -0.8100128173828125, -0.025469141080975533, 1.7009135484695435, 1.3476934432983398
65611.26511554167, 0.0569915771484375, -0.6382293701171875, -0.806365966796875, -0.0054727960377931595, 1.6821284294128418, 1.3607314825057983
65611.27518354167, 0.044342041015625, -0.654754638671875, -0.7962493896484375, -0.0008815063047222793, 1.657609224319458, 1.3696949481964111
65611.28525254167, 0.03155517578125, -0.67303466796875, -0.78936767578125, -0.010223343037068844, 1.6386374235153198, 1.3657022714614868
65611.29532054167, 0.030487060546875, -0.6858978271484375, -0.7888031005859375, -0.021758824586868286, 1.633545160293579, 1.35841965675354
65611.30538854167, 0.023681640625, -0.699066162109375, -0.7891082763671875, -0.028787439689040184, 1.6288617849349976, 1.3488959074020386
65611.31545754167, 0.01983642578125, -0.7113189697265625, -0.7904052734375, -0.029795711860060692, 1.6351782083511353, 1.3392813205718994
65611.32552554167, 0.0208740234375, -0.71978759765625, -0.789581298828125, -0.026455575600266457, 1.647443175315857, 1.333181619644165
65611.33559454167, 0.0205078125, -0.7281646728515625, -0.7875823974609375, -0.033074863255023956, 1.6722893714904785, 1.3298659324645996
65611.34566254167, 0.0224151611328125, -0.73052978515625, -0.78692626953125, -0.05349598079919815, 1.7043356895446777, 1.3315306901931763
65611.35573054168, 0.02264404296875, -0.7231292724609375, -0.787841796875, -0.07728946208953857, 1.740848422050476, 1.3317131996154785
65611.36579954167, 0.0202484130859375, -0.7146148681640625, -0.790771484375, -0.10994753986597061, 1.763858437538147, 1.3301421403884888
65611.37586754168, 0.030914306640625, -0.711181640625, -0.7961273193359375, -0.13379375636577606, 1.7858377695083618, 1.334388017654419
65611.38593654167, 0.0463714599609375, -0.71563720703125, -0.8025054931640625, -0.1424330472946167, 1.788939356803894, 1.3454910516738892
65611.39600454168, 0.0511627197265625, -0.729248046875, -0.80328369140625, -0.1385432332754135, 1.768121600151062, 1.3576499223709106
65611.40607254166, 0.0513458251953125, -0.754150390625, -0.78533935546875, -0.11873170733451843, 1.7288872003555298, 1.3652197122573853
65611.41614154167, 0.039825439453125, -0.7870330810546875, -0.75360107421875, -0.0948580652475357, 1.674878478050232, 1.3620703220367432
65611.42620954166, 0.0291595458984375, -0.82073974609375, -0.7152099609375, -0.08686299622058868, 1.6199090480804443, 1.3499763011932373
65611.43627754167, 0.0242156982421875, -0.8423919677734375, -0.679443359375, -0.09979689866304398, 1.5714725255966187, 1.330797791481018
65611.44634654168, 0.020416259765625, -0.855499267578125, -0.6593780517578125, -0.14965739846229553, 1.5349751710891724, 1.2933708429336548
65611.45641454167, 0.0258941650390625, -0.8608245849609375, -0.6526031494140625, -0.2203105390071869, 1.506974220275879, 1.2482531070709229
65611.46648354168, 0.0344085693359375, -0.8683319091796875, -0.656890869140625, -0.2904869616031647, 1.4658483266830444, 1.2147809267044067
65611.47655154167, 0.0468902587890625, -0.8727569580078125, -0.6651458740234375, -0.3394174873828888, 1.4059308767318726, 1.1930900812149048
65611.48661954167, 0.0567169189453125, -0.8688812255859375, -0.6778411865234375, -0.36280322074890137, 1.3429064750671387, 1.180538296699524
65611.49668854167, 0.0632171630859375, -0.8605194091796875, -0.6862030029296875, -0.3593488335609436, 1.2788197994232178, 1.1660277843475342
65611.50675654167, 0.062744140625, -0.8536376953125, -0.6817626953125, -0.33495110273361206, 1.2245904207229614, 1.1469483375549316
65611.51682554166, 0.051025390625, -0.854583740234375, -0.67431640625, -0.2988024055957794, 1.1643747091293335, 1.114776372909546
65611.52689354167, 0.031707763671875, -0.860748291015625, -0.6668548583984375, -0.25771623849868774, 1.1089458465576172, 1.0724667310714722
65611.53696154167, 0.012908935546875, -0.8630218505859375, -0.654388427734375, -0.21594081819057465, 1.0511773824691772, 1.0126358270645142
65611.54703054167, -0.0013885498046875, -0.86627197265625, -0.6433563232421875, -0.175640270113945, 0.9904719591140747, 0.9370715618133545
65611.55709854167, -0.0018310546875, -0.8678131103515625, -0.6322479248046875, -0.13339853286743164, 0.942253828048706, 0.8655204176902771
65611.56716654167, -0.0025787353515625, -0.865966796875, -0.6254119873046875, -0.08436121791601181, 0.924173891544342, 0.7915604710578918
65611.57723554167, -0.0075225830078125, -0.8564605712890625, -0.617340087890625, -0.03443280979990959, 0.9123939275741577, 0.7176705002784729
65611.58730354167, -0.0125885009765625, -0.8462677001953125, -0.61260986328125, 0.01474618911743164, 0.9257246255874634, 0.6487327218055725
65611.59737254167, -0.016082763671875, -0.830963134765625, -0.6097259521484375, 0.05504593998193741, 0.9469817280769348, 0.5955512523651123
65611.60744054167, -0.0146026611328125, -0.8186798095703125, -0.60980224609375, 0.09512651711702347, 0.9619004726409912, 0.5572829842567444
65611.61750854168, -0.0110015869140625, -0.8091583251953125, -0.6132049560546875, 0.13052205741405487, 0.964973509311676, 0.5414478182792664
65611.62757754167, -0.0101776123046875, -0.8022308349609375, -0.607177734375, 0.16701987385749817, 0.9539046287536621, 0.5419860482215881
65611.63764554168, 0.002288818359375, -0.7941131591796875, -0.59759521484375, 0.2048277109861374, 0.9355080127716064, 0.5570046901702881
65611.64771454167, 0.0082855224609375, -0.797515869140625, -0.58453369140625, 0.2335331290960312, 0.9106042981147766, 0.5769895315170288
65611.65778254168, 0.01068115234375, -0.8028717041015625, -0.5677490234375, 0.2504119873046875, 0.8752313852310181, 0.5939344763755798
65611.66785054166, 0.011474609375, -0.806121826171875, -0.5470733642578125, 0.25409752130508423, 0.8336716890335083, 0.6071349382400513
65611.67791954167, 0.0088348388671875, -0.811065673828125, -0.528411865234375, 0.24974298477172852, 0.7975397706031799, 0.6139760613441467
65611.68798754166, 0.0083160400390625, -0.8146820068359375, -0.5067291259765625, 0.2356007993221283, 0.7639544010162354, 0.6147568821907043
65611.69805554167, 0.0025787353515625, -0.8176422119140625, -0.487518310546875, 0.22279925644397736, 0.737313449382782, 0.6088588237762451
65611.70812454168, -0.003997802734375, -0.8154449462890625, -0.475616455078125, 0.20303700864315033, 0.7198628187179565, 0.5922068357467651
65611.71819254167, -0.0111083984375, -0.8134307861328125, -0.46923828125, 0.17881688475608826, 0.7102922201156616, 0.5670024156570435
65611.72826154168, -0.01885986328125, -0.8089599609375, -0.4681396484375, 0.15806420147418976, 0.7062157392501831, 0.5410451292991638
65611.73832954167, -0.022247314453125, -0.805633544921875, -0.4689483642578125, 0.14717772603034973, 0.7003258466720581, 0.5136998295783997
65611.74839754167, -0.0181884765625, -0.8050079345703125, -0.4700775146484375, 0.13826680183410645, 0.6869695782661438, 0.4859725534915924
65611.75846654167, -0.0064849853515625, -0.807769775390625, -0.475189208984375, 0.1279315948486328, 0.6673852205276489, 0.4687592387199402
65611.76853454167, 0.0046234130859375, -0.816864013671875, -0.4788970947265625, 0.1209660992026329, 0.639363169670105, 0.45794546604156494
65611.77860354166, 0.0108642578125, -0.8240966796875, -0.479461669921875, 0.11520861089229584, 0.6101528406143188, 0.4584578573703766
65611.78867154167, 0.0118560791015625, -0.827178955078125, -0.48052978515625, 0.11219045519828796, 0.5788777470588684, 0.4659636914730072
65611.79873954167, 0.005859375, -0.8235321044921875, -0.482818603515625, 0.11901533603668213, 0.5466196537017822, 0.47221946716308594
65611.80880854167, -0.0075836181640625, -0.811676025390625, -0.4793548583984375, 0.11392603814601898, 0.5181558132171631, 0.47730663418769836
65611.81887654167, -0.0210113525390625, -0.8015289306640625, -0.4730987548828125, 0.10353384912014008, 0.4993419051170349, 0.472623735666275
65611.82894554167, -0.0287322998046875, -0.795867919921875, -0.458984375, 0.07492430508136749, 0.4825400114059448, 0.45884373784065247
65611.83901354167, -0.0258941650390625, -0.7939453125, -0.4468231201171875, 0.024710139259696007, 0.47908830642700195, 0.4417787492275238
65611.84908154167, -0.0157470703125, -0.797271728515625, -0.4453277587890625, -0.024994565173983574, 0.47791916131973267, 0.422754168510437
65611.85915054167, -0.0027923583984375, -0.8011932373046875, -0.4506378173828125, -0.08886063098907471, 0.4686034321784973, 0.4024089574813843
65611.86921854167, 0.003387451171875, -0.8029022216796875, -0.4580230712890625, -0.14649516344070435, 0.45110008120536804, 0.3780919015407562
65611.87928754167, 0.0069122314453125, -0.799591064453125, -0.47491455078125, -0.18925674259662628, 0.42322689294815063, 0.35088053345680237
65611.88935554167, 0.0156707763671875, -0.7930908203125, -0.4923858642578125, -0.2202111929655075, 0.3923448920249939, 0.328866571187973
65611.89942354168, 0.0155029296875, -0.79296875, -0.5086212158203125, -0.24038437008857727, 0.3635323941707611, 0.30906277894973755
65611.90949254167, 0.0117950439453125, -0.8007354736328125, -0.519866943359375, -0.24355939030647278, 0.34843921661376953, 0.29106593132019043
65611.91956054168, 0.0056915283203125, -0.8130645751953125, -0.527740478515625, -0.2233172357082367, 0.3316921889781952, 0.28394702076911926
65611.92962954167, -0.003265380859375, -0.824798583984375, -0.5352020263671875, -0.1882982701063156, 0.3192613422870636, 0.2831896245479584
65611.93969754167, -0.0146942138671875, -0.8325958251953125, -0.5386810302734375, -0.156998410820961, 0.31884774565696716, 0.28115203976631165
65611.94976554166, -0.019012451171875, -0.8304290771484375, -0.5416412353515625, -0.13743722438812256, 0.3389330506324768, 0.26932868361473083
65611.95983454167, -0.0229644775390625, -0.8243408203125, -0.547515869140625, -0.13784681260585785, 0.37343963980674744, 0.2454523742198944
65611.96990254168, -0.0267486572265625, -0.816192626953125, -0.5555572509765625, -0.15336957573890686, 0.3993620276451111, 0.2073020488023758
65611.97997154167, -0.020965576171875, -0.803497314453125, -0.5675506591796875, -0.17461495101451874, 0.4191804826259613, 0.167759969830513
65611.99003954168, -0.010162353515625, -0.792022705078125, -0.5837249755859375, -0.1885741800069809, 0.41391196846961975, 0.13022005558013916
65612.00010754167, -0.0023956298828125, -0.792083740234375, -0.59088134765625, -0.21055829524993896, 0.39068999886512756, 0.10196205228567123
65612.01017654168, 0.01092529296875, -0.8064422607421875, -0.600616455078125, -0.2231702357530594, 0.365407794713974, 0.08974239975214005
65612.02024454167, 0.026092529296875, -0.8154754638671875, -0.6155548095703125, -0.21936164796352386, 0.319303959608078, 0.09533797204494476
65612.03031354168, 0.0393829345703125, -0.8162078857421875, -0.6300048828125, -0.19151723384857178, 0.2657238245010376, 0.11557532846927643
65612.04038154166, 0.054412841796875, -0.8177337646484375, -0.6425323486328125, -0.14909040927886963, 0.21027760207653046, 0.14892077445983887
65612.05044954167, 0.055999755859375, -0.815582275390625, -0.64794921875, -0.0924745425581932, 0.16518735885620117, 0.18617892265319824
65612.06051854166, 0.0450592041015625, -0.8101806640625, -0.6491851806640625, -0.036671463400125504, 0.1400039792060852, 0.21987244486808777
65612.07058654167, 0.025146484375, -0.805206298828125, -0.6403656005859375, 0.01191098801791668, 0.1369442641735077, 0.23395363986492157
65612.08065554166, 0.0016021728515625, -0.8090362548828125, -0.6254119873046875, 0.03867735341191292, 0.15902000665664673, 0.23377707600593567
65612.09072354167, -0.02264404296875, -0.81439208984375, -0.60986328125, 0.04907806217670441, 0.18940427899360657, 0.21847854554653168
65612.10079154167, -0.0445556640625, -0.815643310546875, -0.60009765625, 0.045644983649253845, 0.21748945116996765, 0.1930570751428604
65612.11086054167, -0.0431671142578125, -0.8187408447265625, -0.59552001953125, 0.03808453306555748, 0.22841373085975647, 0.1681264191865921
65612.12092854167, -0.0285186767578125, -0.8265838623046875, -0.5956878662109375, 0.027125626802444458, 0.2387039214372635, 0.15611663460731506
65612.13099754167, -0.0131072998046875, -0.8366546630859375, -0.602447509765625, 0.017773138359189034, 0.23013226687908173, 0.14967098832130432
65612.14106554167, 0.0029144287109375, -0.840179443359375, -0.6100921630859375, 0.003737214021384716, 0.22049055993556976, 0.15365827083587646
65612.15113354167, 0.00726318359375, -0.842620849609375, -0.6204833984375, -0.005664277356117964, 0.20276004076004028, 0.16398973762989044
65612.16120254167, 0.0052032470703125, -0.832763671875, -0.634552001953125, -0.012040417641401291, 0.18084275722503662, 0.16734345257282257
65612.17127054167, -0.005157470703125, -0.8216705322265625, -0.6394805908203125, -0.011756258085370064, 0.15529026091098785, 0.15994678437709808
65612.18133954167, -0.0206146240234375, -0.8132476806640625, -0.638336181640625, 0.0013558153295889497, 0.14952132105827332, 0.15785327553749084
65612.19140754167, -0.023162841796875, -0.8057708740234375, -0.644073486328125, 0.02184191532433033, 0.14386822283267975, 0.14519260823726654
65612.20147554167, -0.029083251953125, -0.8014373779296875, -0.6510009765625, 0.04285132512450218, 0.11500594764947891, 0.13193565607070923
65612.21154454167, -0.0331878662109375, -0.80267333984375, -0.651702880859375, 0.06691724807024002, 0.05234229937195778, 0.11997567117214203
65612.22161254167, -0.030975341796875, -0.80322265625, -0.6466522216796875, 0.08150577545166016, -0.015979232266545296, 0.10815735906362534
65612.231681, -0.029052734375, -0.8045654296875, -0.6371612548828125, 0.09590921550989151, -0.0648421123623848, 0.08900603652000427
65612.24174900001, -0.034393310546875, -0.8029632568359375, -0.62603759765625, 0.10705108195543289, -0.09767995774745941, 0.07199962437152863
65612.251818, -0.039764404296875, -0.805877685546875, -0.6180419921875, 0.12046622484922409, -0.11179657280445099, 0.056059274822473526
65612.26188600001, -0.03753662109375, -0.8049468994140625, -0.610321044921875, 0.14165087044239044, -0.11357422918081284, 0.04324920475482941
65612.27195400001, -0.0402984619140625, -0.8039703369140625, -0.6015625, 0.1604410707950592, -0.09369213879108429, 0.032943833619356155
65612.282023, -0.0435791015625, -0.80462646484375, -0.59381103515625, 0.17075496912002563, -0.07948364317417145, 0.020656276494264603
65612.29209100001, -0.0411529541015625, -0.792694091796875, -0.5923919677734375, 0.1657700538635254, -0.06963793188333511, 0.010627344250679016
65612.30216, -0.0411834716796875, -0.789459228515625, -0.58953857421875, 0.14680223166942596, -0.07425452023744583, -0.007481618318706751
65612.31222800001, -0.0345306396484375, -0.7957305908203125, -0.58795166015625, 0.11491061002016068, -0.07738000899553299, -0.01654515415430069
65612.322296, -0.029541015625, -0.8014068603515625, -0.5829315185546875, 0.08221364766359329, -0.06413717567920685, -0.01522662304341793
65612.33236500001, -0.0220184326171875, -0.80401611328125, -0.582275390625, 0.060012202709913254, -0.034688737243413925, -0.01635553687810898
65612.342433, -0.0039215087890625, -0.8055572509765625, -0.58355712890625, 0.05371569097042084, -0.014260695315897465, -0.0022085595410317183
65612.35250200001, 0.018585205078125, -0.80914306640625, -0.5904083251953125, 0.054429952055215836, 0.006986802909523249, 0.012944027781486511
65612.36257, 0.035797119140625, -0.8153228759765625, -0.591339111328125, 0.07057270407676697, 0.018125740811228752, 0.028416460379958153
65612.372638, 0.05859375, -0.8267059326171875, -0.588226318359375, 0.09192166477441788, 0.03277632221579552, 0.05047169700264931
65612.382707, 0.074310302734375, -0.838470458984375, -0.57501220703125, 0.12520799040794373, 0.05315136909484863, 0.08090870082378387
65612.392775, 0.0826416015625, -0.848114013671875, -0.5500335693359375, 0.15081295371055603, 0.08451248705387115, 0.10361135005950928
65612.40284400001, 0.0697021484375, -0.830657958984375, -0.5453948974609375, 0.15993933379650116, 0.08886808902025223, 0.10691472887992859
65612.412912, 0.03753662109375, -0.81512451171875, -0.5359344482421875, 0.1467476338148117, 0.1106245145201683, 0.07589583098888397
65612.42298, 0.0178985595703125, -0.802398681640625, -0.5327301025390625, 0.11660756915807724, 0.11122985184192657, 0.024476580321788788
65612.433049, 0.01177978515625, -0.7968902587890625, -0.539886474609375, 0.08673889189958572, 0.09799554198980331, -0.030644994229078293
65612.443117, 0.016632080078125, -0.792388916015625, -0.5465545654296875, 0.07116232812404633, 0.08420169353485107, -0.07658212631940842
65612.453186, 0.0390472412109375, -0.803131103515625, -0.5479888916015625, 0.07060093432664871, 0.06370467692613602, -0.09540294855833054
65612.463254, 0.064544677734375, -0.8146514892578125, -0.5493011474609375, 0.06853032857179642, 0.04862266406416893, -0.08866355568170547
65612.473322, 0.0817413330078125, -0.8241424560546875, -0.552734375, 0.061174675822257996, 0.026101374998688698, -0.07168776541948318
65612.483391, 0.087921142578125, -0.8256683349609375, -0.5583953857421875, 0.03707599639892578, -0.009284844622015953, -0.047691356390714645
65612.493459, 0.077484130859375, -0.8197021484375, -0.56256103515625, 0.0204584039747715, -0.03664003685116768, -0.030592264607548714
65612.503528, 0.065399169921875, -0.8121490478515625, -0.5709991455078125, -0.001514806062914431, -0.06576516479253769, -0.02191062457859516
65612.513596, 0.05731201171875, -0.8021240234375, -0.5789642333984375, -0.01595206931233406, -0.09005878865718842, -0.021689316257834435
65612.523665, 0.0466156005859375, -0.7937774658203125, -0.58197021484375, -0.01708710752427578, -0.10503321141004562, -0.02610963024199009
65612.533733, 0.042144775390625, -0.791015625, -0.5806732177734375, -0.01540372334420681, -0.11173877865076065, -0.03786136209964752
65612.543801, 0.04290771484375, -0.796905517578125, -0.58221435546875, -0.013580523431301117, -0.1130988597869873, -0.04430434852838516
65612.55387, 0.048980712890625, -0.805328369140625, -0.5832366943359375, -0.014207432046532631, -0.12050750851631165, -0.0453091599047184
65612.563938, 0.0565948486328125, -0.8099517822265625, -0.5838623046875, -0.020839501172304153, -0.12301567196846008, -0.03614655137062073
65612.574007, 0.0594940185546875, -0.812957763671875, -0.5851593017578125, -0.02881966345012188, -0.12563808262348175, -0.026433737948536873
65612.584075, 0.0565185546875, -0.8125762939453125, -0.58563232421875, -0.03744591027498245, -0.11601155996322632, -0.021556956693530083
65612.594144, 0.0477447509765625, -0.8115997314453125, -0.585052490234375, -0.052687447518110275, -0.1025407537817955, -0.027216706424951553
65612.604212, 0.0375213623046875, -0.808502197265625, -0.5859375, -0.06415554881095886, -0.08400488644838333, -0.03370976075530052
65612.61428000001, 0.031402587890625, -0.7986297607421875, -0.5943145751953125, -0.07197778671979904, -0.058927230536937714, -0.047511324286460876
65612.624349, 0.0286102294921875, -0.792144775390625, -0.610504150390625, -0.06405408680438995, -0.0465075820684433, -0.058342933654785156
65612.63441700001, 0.0413818359375, -0.7892913818359375, -0.6257171630859375, -0.04345559701323509, -0.055562593042850494, -0.06469830125570297
65612.644486, 0.0518798828125, -0.7938079833984375, -0.6294708251953125, -0.00956634059548378, -0.06193713843822479, -0.05817222595214844
65612.65455400001, 0.059234619140625, -0.8020477294921875, -0.6222686767578125, 0.02750752493739128, -0.0578843392431736, -0.04651716724038124
65612.66462200001, 0.0629119873046875, -0.80731201171875, -0.612823486328125, 0.049551840871572495, -0.0466412715613842, -0.034092988818883896
65612.67469100001, 0.056396484375, -0.808258056640625, -0.5977325439453125, 0.056408412754535675, -0.023689350113272667, -0.03154594078660011
65612.68475900001, 0.054229736328125, -0.8104095458984375, -0.5855560302734375, 0.052385974675416946, 0.0019217369845137, -0.03454466164112091
65612.694828, 0.051422119140625, -0.8166046142578125, -0.58123779296875, 0.04080069437623024, 0.027221500873565674, -0.03965499997138977
65612.70489600001, 0.0478057861328125, -0.8154296875, -0.5862274169921875, 0.03127829357981682, 0.042821500450372696, -0.045037783682346344
65612.714965, 0.04107666015625, -0.8073577880859375, -0.591949462890625, 0.03682219609618187, 0.036081306636333466, -0.05350184068083763
65612.72503300001, 0.0359954833984375, -0.794952392578125, -0.6032562255859375, 0.04644739255309105, 0.009239304810762405, -0.06327351182699203
65612.735101, 0.037811279296875, -0.8021697998046875, -0.60491943359375, 0.04481833800673485, -0.0036770266015082598, -0.06094084680080414
65612.74517000001, 0.0514984130859375, -0.8117218017578125, -0.5882415771484375, 0.044926196336746216, -0.03068973496556282, -0.055810000747442245
65612.755238, 0.052032470703125, -0.8029632568359375, -0.58758544921875, 0.038240596652030945, -0.07508888840675354, -0.053526874631643295
65612.76530700001, 0.047393798828125, -0.803863525390625, -0.5799713134765625, 0.026990871876478195, -0.10509978979825974, -0.058875832706689835
65612.775375, 0.044647216796875, -0.7964324951171875, -0.5652313232421875, 0.0378272719681263, -0.11016272008419037, -0.07479194551706314
65612.785443, 0.04803466796875, -0.79571533203125, -0.5602569580078125, 0.0400366336107254, -0.09921233355998993, -0.09580428898334503
65612.795512, 0.054168701171875, -0.810394287109375, -0.55609130859375, 0.02268720231950283, -0.09416431188583374, -0.11423230171203613
65612.80558, 0.071380615234375, -0.83184814453125, -0.549346923828125, -0.009593239054083824, -0.10876163095235825, -0.11710797995328903
65612.81564900001, 0.0884246826171875, -0.8495025634765625, -0.5407257080078125, -0.03977138176560402, -0.12685781717300415, -0.09985442459583282
65612.825717, 0.0914306640625, -0.8509368896484375, -0.5439453125, -0.06810182332992554, -0.14298725128173828, -0.08732052147388458
