timestamp, frame, x, y, z, qx, qy, qz, qw, fx, fy, cx, cy, distortion_center_x, distortion_center_y
65575.597600791, 000000, -0.05574204, 0.019246144, 0.23901562, 0.71036303, -0.58647335, -0.07790033, 0.38126758, 1597.8881, 1597.8881, 955.3694, 717.7071, , 
65575.614270041, 000001, -0.05602985, 0.019177599, 0.23894715, 0.7087146, -0.5875125, -0.08093561, 0.3821022, 1597.8881, 1597.8881, 955.36646, 717.7111, , 
65575.630939333, 000002, -0.056612566, 0.019129403, 0.2376941, 0.7071801, -0.5883497, -0.083476745, 0.38310897, 1597.8881, 1597.8881, 955.36414, 717.71533, , 
65575.680947291, 000003, -0.05798644, 0.019260399, 0.2367798, 0.70585245, -0.58915436, -0.08375125, 0.3842591, 1597.8881, 1597.8881, 955.363, 717.72205, , 
65575.714285833, 000004, -0.058940843, 0.019889282, 0.23721127, 0.7077019, -0.5883407, -0.0809708, 0.38269684, 1597.8881, 1597.8881, 955.3652, 717.7171, , 
65575.730955166, 000005, -0.05984734, 0.020183178, 0.23689039, 0.7088677, -0.587698, -0.07998362, 0.38173312, 1597.8881, 1597.8881, 955.3659, 717.7135, , 
65575.764293625, 000006, -0.061146073, 0.020544888, 0.23704739, 0.7100505, -0.58694893, -0.07932213, 0.38082433, 1597.4362, 1597.4362, 955.36646, 717.7081, , 
65575.780962958, 000007, -0.061681606, 0.020486787, 0.23701788, 0.7099986, -0.58688444, -0.07948719, 0.38098612, 1597.4362, 1597.4362, 955.36646, 717.7079, , 
65575.79763225, 000008, -0.062226176, 0.020330347, 0.23686509, 0.70976746, -0.5868358, -0.07976078, 0.38143432, 1597.4362, 1597.4362, 955.36646, 717.70844, , 
65575.83097075, 000009, -0.06317427, 0.019783538, 0.23614068, 0.70925933, -0.58655864, -0.07996327, 0.38276115, 1597.4362, 1597.4362, 955.3673, 717.7103, , 
65575.847640083, 000010, -0.06358153, 0.019416481, 0.23566006, 0.7090451, -0.5863545, -0.0799386, 0.38347515, 1597.8881, 1597.8881, 955.36786, 717.71106, , 
65575.880978708, 000011, -0.064538784, 0.018495299, 0.23473716, 0.7087283, -0.58590555, -0.079350114, 0.38486677, 1597.8881, 1597.8881, 955.3695, 717.7125, , 
65575.897647833, 000012, -0.06507091, 0.017977633, 0.2342468, 0.70870274, -0.585508, -0.07869572, 0.38565248, 1597.8881, 1597.8881, 955.3708, 717.713, , 
65575.91431725, 000013, -0.06563208, 0.017489053, 0.23378107, 0.7087959, -0.5850359, -0.07787265, 0.38636407, 1597.8881, 1597.8881, 955.3726, 717.71313, , 
65575.947655833, 000014, -0.066720866, 0.016965704, 0.23258407, 0.7091194, -0.58430535, -0.07637352, 0.38717434, 1597.8881, 1597.8881, 955.3752, 717.71246, , 
65575.964325166, 000015, -0.06719021, 0.016737493, 0.23230742, 0.70929605, -0.58412486, -0.0758609, 0.38722387, 1597.8881, 1597.8881, 955.3761, 717.7119, , 
65575.997663625, 000016, -0.06790688, 0.01637286, 0.23195124, 0.70943475, -0.584136, -0.07520379, 0.3870811, 1597.8881, 1597.8881, 955.3766, 717.7114, , 
65576.014332958, 000017, -0.0682279, 0.016248124, 0.23178115, 0.70940787, -0.5841585, -0.074963205, 0.387143, 1597.8881, 1597.8881, 955.37695, 717.7117, , 
65576.031002291, 000018, -0.06871601, 0.01605346, 0.23126815, 0.70936495, -0.5842315, -0.074905604, 0.3871228, 1597.8881, 1597.8881, 955.37714, 717.71173, , 
65576.064340791, 000019, -0.0693518, 0.016037192, 0.2308756, 0.7091884, -0.5845414, -0.07493106, 0.38697356, 1597.8881, 1597.8881, 955.37695, 717.7122, , 
65576.081010125, 000020, -0.06959855, 0.01609534, 0.23079479, 0.709035, -0.58477914, -0.0751926, 0.38684475, 1597.8881, 1597.8881, 955.37646, 717.7126, , 
65576.114348791, 000021, -0.07001059, 0.016242767, 0.23077297, 0.708784, -0.5853041, -0.075980514, 0.38635644, 1597.8881, 1597.8881, 955.3752, 717.7131, , 
65576.131017958, 000022, -0.070058964, 0.016579159, 0.23052695, 0.7087224, -0.58537906, -0.07619249, 0.3863141, 1597.8881, 1597.8881, 955.3744, 717.71326, , 
65576.14768725, 000023, -0.07019881, 0.016740859, 0.23043315, 0.7087233, -0.58550984, -0.07625607, 0.38610166, 1597.8881, 1597.8881, 955.374, 717.71326, , 
65576.181025958, 000024, -0.07046669, 0.016785659, 0.23033252, 0.70883036, -0.58584243, -0.07595556, 0.3854595, 1597.8881, 1597.8881, 955.37354, 717.71277, , 
65576.197695041, 000025, -0.070583716, 0.016655495, 0.23022051, 0.70884967, -0.5860236, -0.075547375, 0.38522863, 1597.8881, 1597.8881, 955.37354, 717.7127, , 
65576.23103375, 000026, -0.070768096, 0.016221598, 0.2297039, 0.7085499, -0.58653575, -0.07438617, 0.38522658, 1597.8881, 1597.8881, 955.37427, 717.7142, , 
65576.247703083, 000027, -0.070910715, 0.015944786, 0.22933197, 0.70832616, -0.5867196, -0.07376148, 0.38547808, 1597.8881, 1597.8881, 955.3747, 717.71515, , 
65576.264372333, 000028, -0.07109601, 0.015504204, 0.22893995, 0.70816183, -0.5868194, -0.07302554, 0.38576823, 1597.8881, 1597.8881, 955.3754, 717.71594, , 
65576.297710875, 000029, -0.071525715, 0.014257282, 0.22803988, 0.7078904, -0.58675396, -0.07101456, 0.38673997, 1597.8881, 1597.8881, 955.3781, 717.71783, , 
65576.314380166, 000030, -0.07173433, 0.013436623, 0.22749339, 0.70779186, -0.58656603, -0.069546945, 0.38747147, 1597.8881, 1597.8881, 955.3798, 717.7188, , 
65576.347718666, 000031, -0.07200814, 0.01179076, 0.22622612, 0.70775235, -0.5857874, -0.06625579, 0.38929406, 1597.4362, 1597.4362, 955.3852, 717.7207, , 
65576.364388041, 000032, -0.07211939, 0.010683782, 0.22564463, 0.7076999, -0.58541906, -0.06476721, 0.39019307, 1597.4362, 1597.4362, 955.3875, 717.72144, , 
65576.381057333, 000033, -0.07216598, 0.009451612, 0.22501884, 0.7075664, -0.5850818, -0.06332987, 0.39117575, 1597.8881, 1597.8881, 955.3906, 717.7228, , 
65576.414395791, 000034, -0.07192965, 0.0067737186, 0.22352386, 0.70710564, -0.5846358, -0.060240913, 0.3931584, 1597.8881, 1597.8881, 955.3954, 717.72565, , 
65576.431065208, 000035, -0.07159112, 0.0053795693, 0.22279502, 0.7067781, -0.5847312, -0.0583376, 0.3938919, 1597.8881, 1597.8881, 955.39777, 717.72723, , 
65576.4477345, 000036, -0.07105868, 0.0040011033, 0.2219577, 0.70643264, -0.58499974, -0.05610801, 0.3944364, 1597.8881, 1597.8881, 955.4011, 717.72955, , 
65576.481073166, 000037, -0.069263764, 0.0014328957, 0.21994953, 0.70577526, -0.586185, -0.050728556, 0.39458203, 1597.4362, 1597.4362, 955.4061, 717.7335, , 
65576.497742291, 000038, -0.068019465, 0.00031582915, 0.21891816, 0.70546997, -0.5871024, -0.048053104, 0.39409864, 1597.4362, 1597.4362, 955.4088, 717.73596, , 
65576.514411666, 000039, -0.0665482, -0.0006824434, 0.21789552, 0.70514077, -0.58820236, -0.045744363, 0.39332154, 1597.4362, 1597.4362, 955.41016, 717.7377, , 
65576.54775025, 000040, -0.06281099, -0.0025098315, 0.21635377, 0.70449346, -0.591009, -0.042122874, 0.39066982, 1597.4362, 1597.4362, 955.4104, 717.7413, , 
65576.564419625, 000041, -0.06053088, -0.0032672063, 0.21535197, 0.7042032, -0.5926107, -0.040427968, 0.38894224, 1597.4362, 1597.4362, 955.40985, 717.74255, , 
65576.597758125, 000042, -0.05531185, -0.0048239008, 0.21287237, 0.7038422, -0.59567225, -0.035951894, 0.38534167, 1597.4362, 1597.4362, 955.40924, 717.7444, , 
65576.614427458, 000043, -0.0523272, -0.0057237, 0.21132833, 0.7036835, -0.5971544, -0.032861494, 0.38360953, 1597.4362, 1597.4362, 955.4103, 717.7457, , 
65576.631096833, 000044, -0.0487471, -0.0070092306, 0.20977917, 0.70354265, -0.5986561, -0.029246474, 0.38181564, 1597.4362, 1597.4362, 955.41156, 717.7467, , 
65576.664435333, 000045, -0.041074865, -0.009375773, 0.20592104, 0.70355046, -0.6015875, -0.02061907, 0.37773553, 1597.8881, 1597.8881, 955.4162, 717.7483, , 
65576.681104625, 000046, -0.036868416, -0.0105899535, 0.20376484, 0.70365673, -0.60302436, -0.016098088, 0.37545928, 1597.8881, 1597.8881, 955.41833, 717.74854, , 
65576.697773875, 000047, -0.032360576, -0.011837959, 0.20148982, 0.70375174, -0.604576, -0.011516171, 0.37294602, 1597.8881, 1597.8881, 955.4203, 717.7486, , 
65576.731112458, 000048, -0.02249822, -0.014504597, 0.19650766, 0.7035925, -0.60797536, -0.0016882055, 0.36785957, 1597.8881, 1597.8881, 955.42505, 717.74963, , 
65576.74778175, 000049, -0.017327726, -0.015853927, 0.19368267, 0.70335126, -0.6096505, 0.0036485693, 0.365527, 1597.4362, 1597.4362, 955.42773, 717.7504, , 
65576.764451041, 000050, -0.012017593, -0.01720966, 0.1906211, 0.70292044, -0.61132306, 0.009088426, 0.36346164, 1597.4362, 1597.4362, 955.4321, 717.75226, , 
65576.781120416, 000051, -0.006522998, -0.018537637, 0.18740344, 0.7023392, -0.6130279, 0.014402306, 0.36153722, 1597.4362, 1597.4362, 955.43555, 717.7541, , 
65576.814458916, 000052, 0.0051329844, -0.02093621, 0.18080057, 0.7010652, -0.6165879, 0.024339601, 0.3573996, 1597.4362, 1597.4362, 955.4424, 717.7584, , 
65576.831128208, 000053, 0.011424944, -0.022159137, 0.17780381, 0.70039976, -0.61852974, 0.028898314, 0.35500127, 1597.8881, 1597.8881, 955.44446, 717.7601, , 
65576.847797541, 000054, 0.017894216, -0.02330025, 0.1746864, 0.6996063, -0.62056106, 0.03300915, 0.35265476, 1597.8881, 1597.8881, 955.4462, 717.762, , 
65576.881136083, 000055, 0.03128113, -0.025282297, 0.16762663, 0.697415, -0.62493676, 0.040058434, 0.34851354, 1597.8881, 1597.8881, 955.44904, 717.7684, , 
65576.897805416, 000056, 0.038263664, -0.026241075, 0.16387282, 0.69606394, -0.627307, 0.043096032, 0.34658858, 1597.8881, 1597.8881, 955.4497, 717.7721, , 
65576.914474791, 000057, 0.045448102, -0.027175605, 0.16005783, 0.69471115, -0.6297357, 0.04594206, 0.34452674, 1597.8881, 1597.8881, 955.4502, 717.77594, , 
65576.931144041, 000058, 0.05273468, -0.028048038, 0.15658446, 0.69350797, -0.6320889, 0.04869729, 0.3422555, 1597.8881, 1597.8881, 955.4503, 717.7804, , 
65576.947813291, 000059, 0.060176317, -0.028887974, 0.15279981, 0.692454, -0.6343239, 0.051516805, 0.3398335, 1597.8881, 1597.8881, 955.4503, 717.7831, , 
65576.964482541, 000060, 0.067708336, -0.029742716, 0.1487952, 0.6914489, -0.63641876, 0.0543911, 0.33750734, 1597.8881, 1597.8881, 955.4505, 717.7855, , 
65576.997821208, 000061, 0.0830625, -0.031673003, 0.1401837, 0.68920934, -0.6403725, 0.060268976, 0.3335882, 1597.8881, 1597.8881, 955.45215, 717.79175, , 
65577.014490416, 000062, 0.090867415, -0.03275767, 0.13560048, 0.6879235, -0.64226, 0.06301988, 0.33210224, 1597.8881, 1597.8881, 955.4533, 717.7951, , 
65577.03115975, 000063, 0.098579645, -0.033662483, 0.1313844, 0.68675476, -0.64394647, 0.06552187, 0.33076853, 1597.8881, 1597.8881, 955.45496, 717.79944, , 
65577.047829041, 000064, 0.10643461, -0.034562472, 0.12688543, 0.68574446, -0.6456, 0.06778682, 0.32918096, 1597.8881, 1597.8881, 955.45575, 717.8022, , 
65577.064498416, 000065, 0.114392936, -0.035333537, 0.12235639, 0.6849874, -0.6472488, 0.06968723, 0.32711595, 1597.8881, 1597.8881, 955.45575, 717.804, , 
65577.08116775, 000066, 0.12243247, -0.035957444, 0.11779346, 0.6843993, -0.6489198, 0.0711697, 0.32470837, 1597.8881, 1597.8881, 955.4541, 717.80566, , 
65577.11450625, 000067, 0.13870926, -0.03697823, 0.10814266, 0.683035, -0.65228814, 0.073451005, 0.32029405, 1597.8881, 1597.8881, 955.451, 717.80853, , 
65577.131175583, 000068, 0.14676067, -0.03721479, 0.102715425, 0.6821957, -0.65384257, 0.0745116, 0.31866416, 1597.8881, 1597.8881, 955.4497, 717.8113, , 
65577.147844916, 000069, 0.1548715, -0.03744351, 0.097292416, 0.6814998, -0.65524375, 0.07545587, 0.31704894, 1597.8881, 1597.8881, 955.4488, 717.8131, , 
65577.164514083, 000070, 0.16296133, -0.03757775, 0.09181986, 0.68103874, -0.6564393, 0.07620792, 0.3153822, 1597.4362, 1597.4362, 955.44763, 717.8144, , 
65577.181183416, 000071, 0.17101966, -0.037623867, 0.08630178, 0.68080175, -0.6574376, 0.07687357, 0.313648, 1597.4362, 1597.4362, 955.44586, 717.815, , 
65577.214522041, 000072, 0.18689102, -0.03755719, 0.075066395, 0.6808874, -0.6586387, 0.07866285, 0.31048268, 1597.4362, 1597.4362, 955.4439, 717.81415, , 
65577.231191416, 000073, 0.19403696, -0.037257146, 0.06882241, 0.6812538, -0.65866274, 0.08029742, 0.30920708, 1597.4362, 1597.4362, 955.4438, 717.8126, , 
65577.247860583, 000074, 0.20148161, -0.037042867, 0.062926464, 0.6817262, -0.6584684, 0.082112126, 0.30810106, 1597.4362, 1597.4362, 955.4446, 717.80975, , 
65577.264529916, 000075, 0.20896119, -0.036842138, 0.057189554, 0.68223566, -0.6581407, 0.083799385, 0.307218, 1597.4362, 1597.4362, 955.4455, 717.80743, , 
65577.297868541, 000076, 0.22380272, -0.03636805, 0.04629168, 0.68334526, -0.657558, 0.085613936, 0.3054947, 1597.4362, 1597.4362, 955.446, 717.80225, , 
65577.314537666, 000077, 0.23110664, -0.036051974, 0.04118432, 0.683984, -0.6574274, 0.08551894, 0.304371, 1597.4362, 1597.4362, 955.4446, 717.80005, , 
65577.331207041, 000078, 0.23798376, -0.0356629, 0.035943817, 0.68464684, -0.6573064, 0.08503713, 0.30327505, 1597.4362, 1597.4362, 955.4426, 717.7977, , 
65577.36454575, 000079, 0.25157946, -0.034986224, 0.026065055, 0.68569094, -0.6570883, 0.084204264, 0.30161673, 1597.4362, 1597.4362, 955.43854, 717.7934, , 
65577.381215041, 000080, 0.25810564, -0.03475156, 0.021172216, 0.68591326, -0.65697837, 0.08422165, 0.30134544, 1597.4362, 1597.4362, 955.4381, 717.7924, , 
65577.397884208, 000081, 0.26439565, -0.03455918, 0.016315931, 0.6860117, -0.65686864, 0.08451614, 0.3012783, 1597.4362, 1597.4362, 955.4382, 717.7919, , 
65577.431222916, 000082, 0.27603123, -0.034126863, 0.006905997, 0.68630946, -0.6565956, 0.08592774, 0.3007956, 1597.4362, 1597.4362, 955.4393, 717.7906, , 
65577.447892208, 000083, 0.28159556, -0.033885293, 0.002445465, 0.6866048, -0.65649676, 0.08684603, 0.3000728, 1597.4362, 1597.4362, 955.43945, 717.7894, , 
65577.464561375, 000084, 0.28704038, -0.033632293, -0.001890758, 0.6869421, -0.65643364, 0.08778486, 0.29916424, 1597.4362, 1597.4362, 955.4396, 717.7875, , 
65577.497900083, 000085, 0.2974627, -0.03313965, -0.010499159, 0.6874643, -0.6563596, 0.08953615, 0.29760394, 1597.4362, 1597.4362, 955.4396, 717.78467, , 
65577.514569375, 000086, 0.30237415, -0.032969046, -0.014915624, 0.6875108, -0.65625167, 0.090105936, 0.2975625, 1597.4362, 1597.4362, 955.4403, 717.78406, , 
65577.531238708, 000087, 0.30664593, -0.032817133, -0.019553369, 0.68752563, -0.6559585, 0.09034747, 0.29810125, 1597.4362, 1597.4362, 955.4411, 717.784, , 
65577.564577208, 000088, 0.31502634, -0.03257164, -0.028663194, 0.6880198, -0.6547886, 0.08910775, 0.29990077, 1597.4362, 1597.4362, 955.442, 717.783, , 
65577.581246583, 000089, 0.31900766, -0.032464903, -0.033185266, 0.68848556, -0.6540367, 0.087803684, 0.30085537, 1597.4362, 1597.4362, 955.4418, 717.782, , 
65577.597915875, 000090, 0.32286185, -0.03241536, -0.03774695, 0.68892986, -0.6533407, 0.08609352, 0.30184367, 1597.4362, 1597.4362, 955.4411, 717.781, , 
65577.631254416, 000091, 0.3298659, -0.032601174, -0.047315866, 0.68919045, -0.65234894, 0.082439296, 0.30440286, 1597.4362, 1597.4362, 955.43933, 717.78107, , 
65577.647923708, 000092, 0.3333143, -0.032919277, -0.05237285, 0.68886834, -0.6520858, 0.080874585, 0.30611092, 1597.4362, 1597.4362, 955.43933, 717.78253, , 
65577.664593083, 000093, 0.33677968, -0.033355523, -0.057559423, 0.68835795, -0.6519333, 0.07957858, 0.30791798, 1597.4362, 1597.4362, 955.4398, 717.7846, , 
65577.697931541, 000094, 0.34339824, -0.034331918, -0.06809, 0.68748456, -0.65167254, 0.07706657, 0.31104442, 1597.4362, 1597.4362, 955.44086, 717.7895, , 
65577.714600875, 000095, 0.34643814, -0.034794092, -0.073364265, 0.6874028, -0.6513897, 0.075800925, 0.3121268, 1597.4362, 1597.4362, 955.44073, 717.79047, , 
65577.73127025, 000096, 0.34896266, -0.035364382, -0.07852575, 0.68756586, -0.65097445, 0.07466991, 0.31290552, 1597.4362, 1597.4362, 955.4403, 717.7906, , 
65577.764608708, 000097, 0.35395107, -0.03637562, -0.08948763, 0.68809533, -0.6499352, 0.072745286, 0.314352, 1597.4362, 1597.4362, 955.4396, 717.7894, , 
65577.781278083, 000098, 0.3562989, -0.03697248, -0.09527331, 0.68832934, -0.64937425, 0.07166073, 0.31524676, 1597.4362, 1597.4362, 955.43933, 717.7888, , 
65577.797947333, 000099, 0.35855556, -0.037665553, -0.101277284, 0.68857044, -0.6487074, 0.070492774, 0.3163547, 1597.4362, 1597.4362, 955.43915, 717.7883, , 
65577.831285833, 000100, 0.36295804, -0.03936047, -0.11410271, 0.6890945, -0.6468268, 0.06835092, 0.3195184, 1597.4362, 1597.4362, 955.4404, 717.7873, , 
65577.847955166, 000101, 0.36511, -0.040316053, -0.12086074, 0.68945026, -0.6455967, 0.06756045, 0.32140142, 1597.4362, 1597.4362, 955.4418, 717.78656, , 
65577.864624541, 000102, 0.36706355, -0.041245364, -0.12768286, 0.6900152, -0.6441944, 0.06679011, 0.32315877, 1597.4362, 1597.4362, 955.4432, 717.7853, , 
65577.897963208, 000103, 0.3704824, -0.042929225, -0.14153233, 0.69177765, -0.64107764, 0.06471312, 0.32599905, 1597.8881, 1597.8881, 955.4452, 717.7796, , 
65577.914632333, 000104, 0.37201396, -0.0437053, -0.14854057, 0.692919, -0.63946086, 0.063359015, 0.32701465, 1597.8881, 1597.8881, 955.4452, 717.77637, , 
65577.93130175, 000105, 0.37334487, -0.044470582, -0.15609784, 0.6942105, -0.6377748, 0.061910097, 0.32784465, 1597.8881, 1597.8881, 955.4446, 717.7711, , 
65577.964640333, 000106, 0.37612873, -0.045940667, -0.17083915, 0.6971645, -0.63409, 0.059146143, 0.3292314, 1597.8881, 1597.8881, 955.4439, 717.7619, , 
65577.981309666, 000107, 0.37758288, -0.046718672, -0.1783887, 0.6985356, -0.6322683, 0.057661895, 0.33009067, 1597.8881, 1597.8881, 955.44354, 717.75745, , 
65577.997978833, 000108, 0.37906256, -0.04752987, -0.18608195, 0.6997269, -0.63052166, 0.056037493, 0.33118662, 1597.8881, 1597.8881, 955.4433, 717.75244, , 
65578.031317458, 000109, 0.38187525, -0.048990805, -0.2015449, 0.70185614, -0.62718034, 0.05202267, 0.33367118, 1597.8881, 1597.8881, 955.44275, 717.74615, , 
65578.047986833, 000110, 0.3832937, -0.049478322, -0.20910826, 0.70301014, -0.625726, 0.049106278, 0.33441323, 1597.4362, 1597.4362, 955.44055, 717.7417, , 
65578.064655958, 000111, 0.38490364, -0.049844507, -0.21660496, 0.70404726, -0.6245949, 0.04558322, 0.33484435, 1597.4362, 1597.4362, 955.4374, 717.7385, , 
65578.081325333, 000112, 0.38665012, -0.050198503, -0.22421432, 0.7045961, -0.62377495, 0.04203808, 0.33568138, 1597.4362, 1597.4362, 955.43427, 717.73645, , 
65578.114664041, 000113, 0.3904827, -0.051045015, -0.2398685, 0.70377684, -0.62290376, 0.036894567, 0.33959967, 1597.4362, 1597.4362, 955.43146, 717.73926, , 
65578.131333208, 000114, 0.39200675, -0.05130659, -0.24789111, 0.7028316, -0.622676, 0.034891166, 0.34217653, 1597.4362, 1597.4362, 955.4318, 717.7427, , 
65578.1480025, 000115, 0.3936999, -0.05158379, -0.25560397, 0.701768, -0.6226008, 0.03261487, 0.34471184, 1597.4362, 1597.4362, 955.432, 717.7466, , 
65578.181341166, 000116, 0.3971287, -0.052098893, -0.27032274, 0.69963104, -0.6226696, 0.027669169, 0.34933284, 1597.4362, 1597.4362, 955.4312, 717.7559, , 
65578.198010541, 000117, 0.3987792, -0.052344315, -0.27744475, 0.6987256, -0.6225413, 0.025473004, 0.35153383, 1597.4362, 1597.4362, 955.43085, 717.75946, , 
65578.214679625, 000118, 0.40031537, -0.052565545, -0.28447908, 0.6980841, -0.6220864, 0.023657834, 0.35373345, 1597.4362, 1597.4362, 955.4312, 717.763, , 
65578.248018375, 000119, 0.4032009, -0.05315553, -0.29868487, 0.6974567, -0.62035877, 0.021484727, 0.35811666, 1597.4362, 1597.4362, 955.43353, 717.76587, , 
65578.264687708, 000120, 0.4046575, -0.053484112, -0.30557764, 0.69727945, -0.6193449, 0.020919919, 0.36024386, 1597.4362, 1597.4362, 955.4361, 717.767, , 
65578.281356875, 000121, 0.40607497, -0.053849686, -0.3124379, 0.697174, -0.61818045, 0.020620132, 0.36245838, 1597.4362, 1597.4362, 955.4384, 717.7677, , 
65578.3146955, 000122, 0.4089472, -0.054602392, -0.32601696, 0.697318, -0.61546296, 0.020762436, 0.3667722, 1597.8881, 1597.8881, 955.4453, 717.76776, , 
65578.331364791, 000123, 0.41046125, -0.05522009, -0.3330792, 0.69744104, -0.61419827, 0.020801108, 0.36865133, 1597.8881, 1597.8881, 955.44794, 717.7676, , 
65578.348034166, 000124, 0.41213962, -0.055731833, -0.3398532, 0.69734687, -0.613092, 0.020579956, 0.37067777, 1597.8881, 1597.8881, 955.4504, 717.7679, , 
65578.381372625, 000125, 0.4156352, -0.056836, -0.35321653, 0.6965231, -0.6108075, 0.02006568, 0.3759884, 1597.4362, 1597.4362, 955.4573, 717.77124, , 
65578.398042, 000126, 0.41741422, -0.05745089, -0.3597933, 0.6958766, -0.6095794, 0.019976161, 0.37916973, 1597.4362, 1597.4362, 955.46124, 717.7736, , 
65578.414711291, 000127, 0.41922465, -0.058050238, -0.36619174, 0.69521034, -0.60837877, 0.019772423, 0.3823179, 1597.4362, 1597.4362, 955.46643, 717.777, , 
65578.431380458, 000128, 0.42111334, -0.058636867, -0.3720305, 0.69464195, -0.60730636, 0.019270526, 0.38507167, 1597.4362, 1597.4362, 955.4696, 717.7793, , 
65578.464719125, 000129, 0.42506614, -0.059588548, -0.38338202, 0.6938905, -0.60567963, 0.017217347, 0.3890651, 1597.4362, 1597.4362, 955.47296, 717.7825, , 
65578.4813885, 000130, 0.42715648, -0.060063105, -0.38888857, 0.69361013, -0.6050677, 0.016055884, 0.3905641, 1597.4362, 1597.4362, 955.47375, 717.7838, , 
65578.498057833, 000131, 0.4292773, -0.060626246, -0.39444196, 0.6932181, -0.6044681, 0.015090031, 0.39222348, 1597.4362, 1597.4362, 955.4745, 717.7851, , 
65578.53139625, 000132, 0.43375736, -0.062037405, -0.4053646, 0.69195485, -0.6030152, 0.01389512, 0.39670908, 1597.8881, 1597.8881, 955.4791, 717.7902, , 
65578.548065625, 000133, 0.4360167, -0.06287085, -0.41096532, 0.6912282, -0.60214776, 0.0134229055, 0.39930135, 1597.8881, 1597.8881, 955.48206, 717.79285, , 
65578.564734958, 000134, 0.43826503, -0.0637163, -0.41660646, 0.69065756, -0.601122, 0.012775408, 0.40184727, 1597.4362, 1597.4362, 955.4848, 717.79517, , 
65578.598073458, 000135, 0.44269255, -0.065341294, -0.4277406, 0.69004744, -0.5984516, 0.010022264, 0.40692714, 1597.4362, 1597.4362, 955.48944, 717.7982, , 
65578.614742708, 000136, 0.4449835, -0.06618612, -0.43325642, 0.68983334, -0.5969689, 0.007992613, 0.40950495, 1597.4362, 1597.4362, 955.4906, 717.7991, , 
65578.631412125, 000137, 0.44720873, -0.067070596, -0.43847826, 0.6896653, -0.59537476, 0.005644534, 0.41213927, 1597.4362, 1597.4362, 955.4918, 717.8002, , 
65578.664750583, 000138, 0.45187363, -0.06907432, -0.4494929, 0.6892856, -0.59155846, 0.0005994854, 0.41826266, 1597.4362, 1597.4362, 955.49426, 717.80176, , 
65578.681419958, 000139, 0.45439708, -0.070142366, -0.45528844, 0.6891093, -0.58942306, -0.0020002986, 0.4215504, 1597.4362, 1597.4362, 955.49634, 717.8026, , 
65578.698089291, 000140, 0.45706135, -0.071167976, -0.46110955, 0.68902737, -0.58727956, -0.004878877, 0.42464143, 1597.4362, 1597.4362, 955.4974, 717.80304, , 
65578.731427708, 000141, 0.46281046, -0.07276533, -0.47230652, 0.6897078, -0.5828179, -0.011521231, 0.42952743, 1597.4362, 1597.4362, 955.4967, 717.80035, , 
65578.748097041, 000142, 0.46586427, -0.07336137, -0.4778784, 0.6902796, -0.58061033, -0.01520707, 0.4314793, 1597.4362, 1597.4362, 955.4953, 717.79803, , 
65578.764766333, 000143, 0.46911952, -0.07387964, -0.4834864, 0.6907755, -0.5786538, -0.018968461, 0.43316174, 1597.4362, 1597.4362, 955.4934, 717.7957, , 
65578.78143575, 000144, 0.4725686, -0.074336246, -0.48910296, 0.6910861, -0.57700306, -0.022784984, 0.43468186, 1597.4362, 1597.4362, 955.49097, 717.7939, , 
65578.81477425, 000145, 0.47987056, -0.07496522, -0.50024384, 0.69147944, -0.5739814, -0.030675067, 0.43756214, 1597.8881, 1597.8881, 955.4849, 717.7905, , 
65578.8314435, 000146, 0.48373663, -0.07488359, -0.5055789, 0.691831, -0.57260436, -0.035186283, 0.4384701, 1597.8881, 1597.8881, 955.4812, 717.7885, , 
65578.848112875, 000147, 0.48773786, -0.07463948, -0.51085424, 0.69217074, -0.5711939, -0.04051675, 0.43931273, 1597.8881, 1597.8881, 955.47473, 717.78503, , 
65578.864782166, 000148, 0.49178, -0.07440774, -0.51621115, 0.692287, -0.5694715, -0.04629055, 0.44079265, 1597.4362, 1597.4362, 955.4697, 717.78284, , 
65578.898120708, 000149, 0.49969485, -0.074028626, -0.5271701, 0.6920766, -0.5647022, -0.056971245, 0.44597727, 1597.4362, 1597.4362, 955.4631, 717.77985, , 
65578.91479, 000150, 0.5035804, -0.07380306, -0.53266597, 0.69204295, -0.56185436, -0.061456602, 0.44902033, 1597.4362, 1597.4362, 955.4623, 717.7786, , 
65578.931459375, 000151, 0.50768805, -0.07352593, -0.5380467, 0.6921771, -0.55900097, -0.065802306, 0.45175076, 1597.4362, 1597.4362, 955.46155, 717.777, , 
65578.948128666, 000152, 0.5118237, -0.07311807, -0.54329675, 0.6924026, -0.5563129, -0.07020244, 0.45405522, 1597.4362, 1597.4362, 955.4604, 717.7748, , 
65578.981467166, 000153, 0.51977926, -0.071927845, -0.5537144, 0.6924724, -0.5514195, -0.07951109, 0.45836297, 1597.8881, 1597.8881, 955.4559, 717.76965, , 
65578.9981365, 000154, 0.5234257, -0.07127981, -0.55909073, 0.69183326, -0.54892, -0.084235646, 0.46147373, 1597.8881, 1597.8881, 955.45435, 717.76917, , 
65579.014805833, 000155, 0.52679396, -0.07067362, -0.5645979, 0.690627, -0.5462938, -0.088622816, 0.46555713, 1597.8881, 1597.8881, 955.4542, 717.77124, , 
65579.048144291, 000156, 0.5330464, -0.06931616, -0.57650876, 0.6876718, -0.5409303, -0.09621442, 0.47459957, 1597.4362, 1597.4362, 955.4569, 717.77795, , 
65579.064813583, 000157, 0.5359701, -0.06847704, -0.5815797, 0.68659407, -0.53836316, -0.09963496, 0.478358, 1597.4362, 1597.4362, 955.45856, 717.78107, , 
65579.081482958, 000158, 0.5388821, -0.06751614, -0.58625025, 0.6859265, -0.53604245, -0.102864005, 0.48122996, 1597.4362, 1597.4362, 955.459, 717.782, , 
65579.114821458, 000159, 0.5445473, -0.06551252, -0.59487045, 0.6852512, -0.53216827, -0.109094284, 0.4851043, 1597.4362, 1597.4362, 955.45764, 717.7808, , 
65579.131490791, 000160, 0.54761577, -0.06458585, -0.5997976, 0.68484175, -0.5304415, -0.11174841, 0.48696595, 1597.4362, 1597.4362, 955.45715, 717.7806, , 
65579.148160083, 000161, 0.5504513, -0.063894376, -0.60473734, 0.68410933, -0.528827, -0.11403989, 0.489215, 1597.4362, 1597.4362, 955.4573, 717.7813, , 
65579.181498625, 000162, 0.5551381, -0.063225076, -0.6139959, 0.6817794, -0.52598315, -0.11801639, 0.4945612, 1597.4362, 1597.4362, 955.45935, 717.7872, , 
65579.198168, 000163, 0.5572977, -0.06306802, -0.61850184, 0.68049574, -0.5247442, -0.120001376, 0.49716067, 1597.4362, 1597.4362, 955.46027, 717.7904, , 
65579.21483725, 000164, 0.5593999, -0.06296166, -0.6229035, 0.6793505, -0.52358955, -0.122043125, 0.4994421, 1597.4362, 1597.4362, 955.46075, 717.7932, , 
65579.248175708, 000165, 0.5635234, -0.0629228, -0.6322233, 0.6778944, -0.5212429, -0.12579398, 0.5029322, 1597.4362, 1597.4362, 955.461, 717.79675, , 
65579.264845083, 000166, 0.56543034, -0.062968165, -0.6365145, 0.677501, -0.5200793, -0.12719595, 0.50431246, 1597.4362, 1597.4362, 955.4613, 717.7973, , 
65579.298183708, 000167, 0.5689922, -0.06342004, -0.645175, 0.67661804, -0.5178792, -0.12905845, 0.5072802, 1597.4362, 1597.4362, 955.4633, 717.799, , 
65579.314853041, 000168, 0.57066, -0.06382064, -0.64958453, 0.6760319, -0.5168442, -0.12962392, 0.50896996, 1597.4362, 1597.4362, 955.46484, 717.8006, , 
65579.331522208, 000169, 0.57258165, -0.06432573, -0.6533466, 0.67547953, -0.5157609, -0.1300614, 0.5106879, 1597.4362, 1597.4362, 955.46716, 717.8029, , 
65579.364860875, 000170, 0.575792, -0.06518163, -0.66157335, 0.6745525, -0.51364326, -0.13122806, 0.5137399, 1597.4362, 1597.4362, 955.47015, 717.80554, , 
65579.381530208, 000171, 0.57723725, -0.065543905, -0.6656444, 0.6741394, -0.5125278, -0.13211635, 0.51516646, 1597.4362, 1597.4362, 955.4717, 717.80676, , 
65579.398199541, 000172, 0.5786181, -0.06586438, -0.6696195, 0.67376345, -0.5113816, -0.13313493, 0.5165334, 1597.4362, 1597.4362, 955.4725, 717.80743, , 
65579.431538, 000173, 0.58132845, -0.06631719, -0.6768793, 0.67301434, -0.5094483, -0.13558799, 0.5187774, 1597.4362, 1597.4362, 955.4733, 717.80853, , 
65579.448207333, 000174, 0.5826426, -0.06648133, -0.68040645, 0.6726274, -0.5087748, -0.1368452, 0.51960945, 1597.4362, 1597.4362, 955.47296, 717.80896, , 
65579.464876708, 000175, 0.58394295, -0.06667389, -0.68397444, 0.672214, -0.508322, -0.137812, 0.5203316, 1597.4362, 1597.4362, 955.4726, 717.8096, , 
65579.498215125, 000176, 0.58647406, -0.06725783, -0.69119203, 0.670885, -0.5081797, -0.13888782, 0.52189726, 1597.4362, 1597.4362, 955.4727, 717.81323, , 
65579.5148845, 000177, 0.58768135, -0.06757053, -0.6947314, 0.6700326, -0.5085125, -0.1393838, 0.5225356, 1597.4362, 1597.4362, 955.4725, 717.8156, , 
65579.548222958, 000178, 0.5898904, -0.06795625, -0.70134336, 0.66878986, -0.5094371, -0.14094998, 0.5228068, 1597.4362, 1597.4362, 955.47015, 717.8196, , 
65579.56489225, 000179, 0.59100145, -0.0680856, -0.7044178, 0.6684773, -0.50975513, -0.1418027, 0.52266604, 1597.4362, 1597.4362, 955.46857, 717.81995, , 
65579.581561583, 000180, 0.592041, -0.06829206, -0.707475, 0.66819555, -0.5099082, -0.14234348, 0.52272993, 1597.4362, 1597.4362, 955.46747, 717.8203, , 
65579.614900291, 000181, 0.5937112, -0.06900335, -0.71363324, 0.6673885, -0.50964653, -0.14225402, 0.5240388, 1597.4362, 1597.4362, 955.4686, 717.8232, , 
65579.631569375, 000182, 0.59447503, -0.06942227, -0.71649003, 0.6668877, -0.50945544, -0.14206232, 0.52491343, 1597.4362, 1597.4362, 955.47003, 717.82513, , 
65579.64823875, 000183, 0.5952225, -0.06975513, -0.7191334, 0.666358, -0.5093561, -0.14226772, 0.5256266, 1597.4362, 1597.4362, 955.47107, 717.8275, , 
65579.681577375, 000184, 0.59684265, -0.070146285, -0.72382, 0.6653639, -0.50963175, -0.14337125, 0.5263183, 1597.4362, 1597.4362, 955.4703, 717.83, , 
65579.698246541, 000185, 0.5976785, -0.070230454, -0.72585493, 0.66487247, -0.5099951, -0.14395785, 0.5264273, 1597.4362, 1597.4362, 955.4695, 717.8312, , 
65579.714915833, 000186, 0.598472, -0.07024603, -0.7277127, 0.6644098, -0.5104399, -0.1443951, 0.5264607, 1597.4362, 1597.4362, 955.4683, 717.8326, , 
65579.748254541, 000187, 0.59984344, -0.0698617, -0.73056936, 0.6636324, -0.5116735, -0.14488322, 0.52610934, 1597.4362, 1597.4362, 955.46655, 717.83496, , 
65579.764923833, 000188, 0.6006447, -0.069676116, -0.73187345, 0.66327745, -0.5124201, -0.14514148, 0.525759, 1597.4362, 1597.4362, 955.46515, 717.83636, , 
65579.798262333, 000189, 0.60251683, -0.06903483, -0.73391294, 0.6631771, -0.5141187, -0.14556581, 0.5241075, 1597.8881, 1597.8881, 955.46204, 717.8366, , 
65579.814931666, 000190, 0.6035744, -0.068606056, -0.73469824, 0.66333926, -0.51509666, -0.14565955, 0.5229148, 1597.8881, 1597.8881, 955.4595, 717.8356, , 
65579.831600958, 000191, 0.6048502, -0.06827413, -0.7351568, 0.66328776, -0.51619714, -0.14571941, 0.52187717, 1597.8881, 1597.8881, 955.45764, 717.83527, , 
65579.848270166, 000192, 0.6061026, -0.06800063, -0.73564535, 0.66303366, -0.51732016, -0.14572206, 0.52108675, 1597.8881, 1597.8881, 955.4561, 717.8356, , 
65579.881608833, 000193, 0.60851496, -0.06766482, -0.73676807, 0.6622548, -0.51955646, -0.14507417, 0.5200318, 1597.8881, 1597.8881, 955.4539, 717.8385, , 
65579.898278083, 000194, 0.6097764, -0.06760639, -0.7371769, 0.6619837, -0.5205334, -0.14445816, 0.5195713, 1597.8881, 1597.8881, 955.45355, 717.83997, , 
65579.914947416, 000195, 0.61113185, -0.06760922, -0.73739356, 0.66193527, -0.5213416, -0.14361738, 0.51905555, 1597.8881, 1597.8881, 955.45355, 717.8411, , 
65579.948285916, 000196, 0.6146965, -0.06805654, -0.73715365, 0.66220707, -0.52230024, -0.14231287, 0.5181036, 1597.8881, 1597.8881, 955.4539, 717.8414, , 
65579.964955208, 000197, 0.61620814, -0.06826771, -0.7367048, 0.66248435, -0.5223081, -0.14177366, 0.517889, 1597.8881, 1597.8881, 955.45447, 717.8408, , 
65579.981624541, 000198, 0.6178321, -0.06853428, -0.73613, 0.6628541, -0.52228326, -0.14094402, 0.5176673, 1597.8881, 1597.8881, 955.45526, 717.84033, , 
65580.014963, 000199, 0.6219054, -0.06899459, -0.7347039, 0.66379803, -0.5238318, -0.13839461, 0.5155767, 1597.8881, 1597.8881, 955.456, 717.839, , 
65580.031632375, 000200, 0.62535244, -0.06917234, -0.7344556, 0.66412115, -0.52564776, -0.13690805, 0.51370597, 1597.8881, 1597.8881, 955.45496, 717.83856, , 
65580.048301666, 000201, 0.6283203, -0.06936403, -0.73399174, 0.6641642, -0.52777433, -0.13527986, 0.51189786, 1597.8881, 1597.8881, 955.4539, 717.8392, , 
65580.081640208, 000202, 0.6344364, -0.069833376, -0.7330949, 0.6637373, -0.5324708, -0.13110551, 0.5086639, 1597.8881, 1597.8881, 955.45294, 717.8436, , 
65580.0983095, 000203, 0.6378905, -0.06990258, -0.7324881, 0.66378444, -0.5351532, -0.12864573, 0.50641036, 1597.4362, 1597.4362, 955.4525, 717.84515, , 
65580.114978791, 000204, 0.6416638, -0.06988051, -0.73173225, 0.66386205, -0.5382075, -0.12602398, 0.503724, 1597.4362, 1597.4362, 955.45154, 717.84644, , 
65580.131648125, 000205, 0.64619225, -0.06973183, -0.73102766, 0.66402406, -0.54176074, -0.12318852, 0.5003918, 1597.4362, 1597.4362, 955.4496, 717.84784, , 
65580.164986583, 000206, 0.6555675, -0.06954326, -0.72885835, 0.6646239, -0.54995, -0.11583384, 0.49235404, 1597.4362, 1597.4362, 955.4462, 717.84985, , 
65580.181656, 000207, 0.660665, -0.0695538, -0.7275473, 0.66499096, -0.55474037, -0.111086905, 0.48755476, 1597.4362, 1597.4362, 955.44434, 717.8515, , 
65580.19832525, 000208, 0.66612035, -0.069645815, -0.7260938, 0.66551405, -0.56009823, -0.10538457, 0.4819493, 1597.4362, 1597.4362, 955.44305, 717.8528, , 
65580.2149945, 000209, 0.67183095, -0.06984788, -0.7245209, 0.6660992, -0.56586635, -0.09879563, 0.47575888, 1597.8881, 1597.8881, 955.442, 717.854, , 
65580.248333083, 000210, 0.6845919, -0.07063194, -0.7213989, 0.6669599, -0.5782364, -0.08363789, 0.46239778, 1597.8881, 1597.8881, 955.44086, 717.858, , 
65580.265002375, 000211, 0.69091547, -0.071259275, -0.71967065, 0.6672443, -0.58488625, -0.07497544, 0.4550514, 1597.8881, 1597.8881, 955.441, 717.8603, , 
65580.281671666, 000212, 0.697331, -0.07198317, -0.7178379, 0.6675713, -0.5917091, -0.06542092, 0.4471565, 1597.8881, 1597.8881, 955.4418, 717.8634, , 
65580.298340875, 000213, 0.70385456, -0.0727334, -0.71586984, 0.66808647, -0.5985916, -0.054966867, 0.4385512, 1597.8881, 1597.8881, 955.44275, 717.8649, , 
65580.3316795, 000214, 0.71725047, -0.074368596, -0.7116888, 0.66905075, -0.61274487, -0.03197441, 0.41939533, 1597.4362, 1597.4362, 955.44507, 717.86676, , 
65580.348348833, 000215, 0.7241674, -0.075283214, -0.709281, 0.66936594, -0.6198579, -0.019968607, 0.4090559, 1597.4362, 1597.4362, 955.4465, 717.86755, , 
65580.365018208, 000216, 0.7311695, -0.07622042, -0.70657736, 0.669678, -0.6267389, -0.007529751, 0.39833772, 1597.4362, 1597.4362, 955.4475, 717.8676, , 
65580.381687291, 000217, 0.7382221, -0.07715141, -0.7035499, 0.6700136, -0.6332892, 0.0055276956, 0.3872931, 1597.4362, 1597.4362, 955.4491, 717.86694, , 
65580.398356666, 000218, 0.74535084, -0.0781111, -0.70015687, 0.6701792, -0.63963026, 0.019078314, 0.3759907, 1597.4362, 1597.4362, 955.4518, 717.86536, , 
65580.43169525, 000219, 0.7599775, -0.08021136, -0.6920752, 0.6694224, -0.6523157, 0.04697359, 0.3523512, 1597.4362, 1597.4362, 955.4561, 717.86346, , 
65580.448364458, 000220, 0.7673946, -0.08129981, -0.6872687, 0.6684371, -0.658717, 0.06113545, 0.33992082, 1597.8881, 1597.8881, 955.4588, 717.8628, , 
65580.46503375, 000221, 0.7747896, -0.0823789, -0.68192434, 0.6669703, -0.66521126, 0.07530237, 0.32706884, 1597.8881, 1597.8881, 955.4605, 717.8628, , 
65580.481703125, 000222, 0.78209823, -0.083396286, -0.67600423, 0.66507334, -0.6717805, 0.089436024, 0.31367108, 1597.8881, 1597.8881, 955.4618, 717.8632, , 
65580.498372333, 000223, 0.7892384, -0.08432188, -0.6695142, 0.6627849, -0.6783743, 0.10337954, 0.29972872, 1597.8881, 1597.8881, 955.4626, 717.86383, , 
65580.531710875, 000224, 0.8031109, -0.0861348, -0.6552829, 0.6567217, -0.6914347, 0.13034888, 0.27137396, 1597.8881, 1597.8881, 955.46295, 717.86755, , 
65580.54838025, 000225, 0.80955404, -0.086979285, -0.6476911, 0.65315425, -0.69760287, 0.14344183, 0.25722384, 1597.8881, 1597.8881, 955.4631, 717.8701, , 
65580.565049583, 000226, 0.81554747, -0.087671705, -0.6398534, 0.64957774, -0.70314926, 0.1567497, 0.24302141, 1597.8881, 1597.8881, 955.46356, 717.8725, , 
65580.581718875, 000227, 0.8210468, -0.088170305, -0.63183606, 0.6460611, -0.70788187, 0.17066874, 0.22886774, 1597.8881, 1597.8881, 955.4647, 717.87286, , 
65580.615057291, 000228, 0.8307105, -0.088834636, -0.6152775, 0.63859105, -0.7150169, 0.20143922, 0.2009341, 1597.4362, 1597.4362, 955.4717, 717.8685, , 
65580.631726666, 000229, 0.8356102, -0.08919406, -0.6064979, 0.6340896, -0.717918, 0.2179892, 0.18709578, 1597.4362, 1597.4362, 955.4767, 717.8658, , 
65580.648396, 000230, 0.8400504, -0.08957978, -0.5975923, 0.62900144, -0.72064495, 0.23457415, 0.17321357, 1597.4362, 1597.4362, 955.48224, 717.8633, , 
65580.665065125, 000231, 0.8442621, -0.08998717, -0.5884653, 0.6234759, -0.7232707, 0.25060788, 0.15922605, 1597.8881, 1597.8881, 955.48926, 717.8606, , 
65580.69840375, 000232, 0.8522012, -0.09076249, -0.56955373, 0.6117564, -0.7281429, 0.27988642, 0.13124678, 1597.4362, 1597.4362, 955.49725, 717.85815, , 
65580.715073083, 000233, 0.85591376, -0.091002904, -0.55988157, 0.6059585, -0.7302225, 0.29288408, 0.11750855, 1597.4362, 1597.4362, 955.50037, 717.8569, , 
65580.731742416, 000234, 0.8594986, -0.09114059, -0.5501618, 0.60029775, -0.7320618, 0.30485386, 0.10388537, 1597.4362, 1597.4362, 955.5016, 717.85596, , 
65580.748411583, 000235, 0.8630904, -0.09100269, -0.5403019, 0.5947337, -0.73363346, 0.31599972, 0.090653114, 1597.4362, 1597.4362, 955.50214, 717.8551, , 
65580.781750208, 000236, 0.87018543, -0.08982308, -0.52034223, 0.5837281, -0.7356007, 0.33738863, 0.06574232, 1597.4362, 1597.4362, 955.50354, 717.85236, , 
65580.798419541, 000237, 0.873638, -0.08885798, -0.510245, 0.57814884, -0.7359686, 0.34813368, 0.05382503, 1597.4362, 1597.4362, 955.5048, 717.8502, , 
65580.815088833, 000238, 0.87699044, -0.08776507, -0.50009215, 0.5725394, -0.7359997, 0.35879835, 0.042032376, 1597.4362, 1597.4362, 955.5062, 717.8478, , 
65580.831758, 000239, 0.88119775, -0.08683561, -0.49040943, 0.566797, -0.7357434, 0.36946183, 0.030342244, 1596.9843, 1596.9843, 955.5078, 717.8439, , 
65580.848427333, 000240, 0.8846198, -0.08573522, -0.4803418, 0.56105816, -0.735122, 0.38007686, 0.018730652, 1596.9843, 1596.9843, 955.5092, 717.84045, , 
65580.881765958, 000241, 0.8904821, -0.0833885, -0.45983282, 0.54994935, -0.7330671, 0.40018922, -0.0041116904, 1596.9843, 1596.9843, 955.5111, 717.83075, , 
65580.898435125, 000242, 0.89316523, -0.08232388, -0.44954458, 0.54471356, -0.73195213, 0.40903458, -0.014961327, 1596.9843, 1596.9843, 955.511, 717.827, , 
65580.915104416, 000243, 0.8957956, -0.0814011, -0.4392923, 0.53965455, -0.73091483, 0.41700804, -0.025315525, 1596.9843, 1596.9843, 955.5104, 717.82404, , 
65580.93177375, 000244, 0.8983859, -0.080608234, -0.42916343, 0.5347329, -0.7299193, 0.42431504, -0.03514786, 1596.9843, 1596.9843, 955.5096, 717.82153, , 
65580.965112208, 000245, 0.90365726, -0.079221874, -0.40914163, 0.5248984, -0.72822285, 0.43736354, -0.053723946, 1599.6957, 1599.6957, 955.5075, 717.8181, , 
65580.981781541, 000246, 0.90639013, -0.07858549, -0.39924607, 0.51982594, -0.72756124, 0.44328073, -0.06275323, 1599.6957, 1599.6957, 955.50653, 717.8178, , 
65580.998450833, 000247, 0.9092045, -0.07794297, -0.38946098, 0.5146877, -0.72694445, 0.44888213, -0.07178437, 1599.6957, 1599.6957, 955.50507, 717.8184, , 
65581.031789541, 000248, 0.9146061, -0.076105855, -0.369913, 0.50477934, -0.72503155, 0.45975137, -0.090309545, 1601.9552, 1601.9552, 955.5018, 717.8189, , 
65581.048458666, 000249, 0.9173987, -0.07498299, -0.36027896, 0.50007266, -0.72349244, 0.4652415, -0.10018139, 1601.9552, 1601.9552, 955.49817, 717.8176, , 
65581.065127916, 000250, 0.9203886, -0.07382581, -0.35081136, -0.49550214, 0.7217638, -0.47051495, 0.11022895, 1601.9552, 1601.9552, 955.4947, 717.8162, , 
65581.08179725, 000251, 0.9236057, -0.072687425, -0.34150487, -0.49102232, 0.7200969, -0.47531584, 0.12013484, 1601.9552, 1601.9552, 955.4907, 717.81525, , 
65581.115135791, 000252, 0.9307505, -0.07057907, -0.32336715, -0.48171958, 0.71730494, -0.48393694, 0.13865356, 1604.2147, 1604.2147, 955.48285, 717.8161, , 
65581.131805041, 000253, 0.93451935, -0.06938779, -0.31444845, -0.47699142, 0.71574956, -0.48839667, 0.1471406, 1604.6666, 1604.6666, 955.4808, 717.81665, , 
65581.148474375, 000254, 0.9382699, -0.06797493, -0.30578744, -0.4726758, 0.7136912, -0.4929796, 0.15554294, 1604.2147, 1604.2147, 955.4777, 717.81555, , 
65581.165143666, 000255, 0.9418971, -0.06628663, -0.2971504, -0.4689915, 0.71112525, -0.49734238, 0.16431186, 1606.4742, 1606.4742, 955.4741, 717.8133, , 
65581.19848225, 000256, 0.9487062, -0.062265947, -0.2797513, -0.46356523, 0.7049327, -0.5046198, 0.18312868, 1606.4742, 1606.4742, 955.4597, 717.80585, , 
65581.2151515, 000257, 0.95201135, -0.06005476, -0.2711477, -0.46126541, 0.7014533, -0.5080584, 0.19254626, 1606.4742, 1606.4742, 955.45264, 717.802, , 
65581.231820833, 000258, 0.95550346, -0.057520464, -0.26278484, -0.45865843, 0.6977822, -0.5119476, 0.20159888, 1608.7338, 1608.7338, 955.44635, 717.7977, , 
65581.248490208, 000259, 0.95905143, -0.05520865, -0.25450125, -0.45557696, 0.6943159, -0.51598656, 0.21007799, 1608.7338, 1608.7338, 955.4412, 717.79376, , 
65581.281828625, 000260, 0.96612394, -0.05080676, -0.23800094, -0.4490003, 0.6878817, -0.52322054, 0.22684273, 1608.7338, 1608.7338, 955.4312, 717.7877, , 
65581.298497958, 000261, 0.96939397, -0.04855743, -0.22985925, -0.44639117, 0.68449616, -0.5260291, 0.23557027, 1610.9933, 1610.9933, 955.4258, 717.7857, , 
65581.31516725, 000262, 0.9724476, -0.046286255, -0.22186904, -0.44427896, 0.6809457, -0.52841806, 0.24434309, 1611.4452, 1611.4452, 955.4172, 717.7829, , 
65581.34850575, 000263, 0.9778277, -0.0415035, -0.20634772, -0.44079247, 0.6737703, -0.53283507, 0.2604275, 1610.9933, 1610.9933, 955.4045, 717.778, , 
65581.365175041, 000264, 0.9807812, -0.039417528, -0.1992386, -0.43865818, 0.67048776, -0.535345, 0.26726544, 1613.2528, 1613.2528, 955.3983, 717.7747, , 
65581.381844375, 000265, 0.98391515, -0.037517346, -0.19253533, -0.4364114, 0.6676103, -0.537763, 0.27322614, 1613.2528, 1613.2528, 955.39496, 717.7727, , 
65581.398513666, 000266, 0.9871943, -0.035776243, -0.18624653, -0.43453848, 0.66523373, -0.5396302, 0.27827984, 1613.2528, 1613.2528, 955.392, 717.7713, , 
65581.431852166, 000267, 0.9938044, -0.032386407, -0.17536345, -0.4316478, 0.6615045, -0.54235417, 0.28625855, 1615.9642, 1615.9642, 955.3866, 717.7695, , 
65581.4485215, 000268, 0.9971344, -0.030942135, -0.17035423, -0.4303831, 0.6602468, -0.54341274, 0.2890452, 1615.9642, 1615.9642, 955.3851, 717.76904, , 
65581.465190791, 000269, 1.0004119, -0.0297168, -0.16551127, -0.42913494, 0.65937895, -0.54425734, 0.29128438, 1615.9642, 1615.9642, 955.38403, 717.7692, , 
65581.498529291, 000270, 1.006456, -0.027693415, -0.15651996, -0.42705977, 0.6580773, -0.54539645, 0.2951219, 1603.7628, 1603.7628, 955.38275, 717.77045, , 
65581.515198583, 000271, 1.0090712, -0.02684082, -0.15234198, -0.4261984, 0.6571957, -0.5459582, 0.2972848, 1603.7628, 1603.7628, 955.38135, 717.7708, , 
65581.531867916, 000272, 1.0109599, -0.025386933, -0.14882597, -0.42527926, 0.6560971, -0.546685, 0.29968247, 1603.7628, 1603.7628, 955.38007, 717.77075, , 
65581.548537208, 000273, 1.0128236, -0.024439383, -0.14520916, -0.42437842, 0.6547217, -0.5476418, 0.30220982, 1603.7628, 1603.7628, 955.3788, 717.77014, , 
65581.581875625, 000274, 1.0159991, -0.022943301, -0.1383146, -0.42290616, 0.6512082, -0.5499156, 0.3076868, 1603.7628, 1603.7628, 955.3747, 717.7664, , 
65581.598545, 000275, 1.0175093, -0.022366725, -0.13507885, -0.42222172, 0.6496044, -0.5508932, 0.3102573, 1603.7628, 1603.7628, 955.373, 717.7649, , 
65581.615214291, 000276, 1.0191267, -0.021902252, -0.13203706, -0.42143047, 0.64835024, -0.551807, 0.3123255, 1603.7628, 1603.7628, 955.3717, 717.76385, , 
65581.631883666, 000277, 1.0200855, -0.021346046, -0.13073364, -0.4203771, 0.647299, -0.5529932, 0.31382403, 1603.7628, 1603.7628, 955.371, 717.7627, , 
65581.665222125, 000278, 1.0231698, -0.020507675, -0.12610815, -0.417202, 0.64504665, -0.5567553, 0.31603923, 1603.7628, 1603.7628, 955.37225, 717.7595, , 
65581.681891458, 000279, 1.0247062, -0.020110691, -0.12360437, -0.41532323, 0.6436078, -0.55913436, 0.3172451, 1603.7628, 1603.7628, 955.37366, 717.7562, , 
65581.69856075, 000280, 1.0261403, -0.01971224, -0.12107295, -0.41329128, 0.6419469, -0.5616818, 0.31876016, 1603.7628, 1603.7628, 955.3745, 717.75354, , 
65581.715229875, 000281, 1.0274717, -0.019324904, -0.11847217, -0.41098243, 0.6400926, -0.5643628, 0.32073238, 1603.7628, 1603.7628, 955.3753, 717.7508, , 
65581.7485685, 000282, 1.0293725, -0.01919662, -0.116134286, -0.40574262, 0.6361923, -0.5697294, 0.32563886, 1603.7628, 1603.7628, 955.3766, 717.74585, , 
65581.765237791, 000283, 1.0305599, -0.018821888, -0.11378518, -0.4029075, 0.6340933, -0.5723609, 0.32862478, 1603.7628, 1603.7628, 955.37683, 717.744, , 
65581.781907125, 000284, 1.0317405, -0.018363664, -0.11133351, -0.39994735, 0.63190436, -0.57495207, 0.33191702, 1603.7628, 1603.7628, 955.37695, 717.7425, , 
65581.815245625, 000285, 1.0339473, -0.017291188, -0.10641876, -0.39425915, 0.6274328, -0.57945764, 0.33928838, 1603.7628, 1603.7628, 955.37585, 717.74, , 
65581.831914958, 000286, 1.0353954, -0.017541517, -0.10538319, -0.3917696, 0.62543154, -0.5811099, 0.3430208, 1603.7628, 1603.7628, 955.3748, 717.73975, , 
65581.848584208, 000287, 1.0366273, -0.017290017, -0.10357157, -0.38955185, 0.6235903, -0.5823537, 0.34676868, 1603.7628, 1603.7628, 955.3731, 717.74036, , 
65581.865253416, 000288, 1.0377824, -0.016888684, -0.101612255, -0.3874286, 0.6217937, -0.583449, 0.35051227, 1604.2147, 1604.2147, 955.3716, 717.74115, , 
65581.898592, 000289, 1.0401495, -0.015911762, -0.09792681, -0.38315776, 0.6180566, -0.5859876, 0.35751167, 1604.2147, 1604.2147, 955.3685, 717.742, , 
65581.915261291, 000290, 1.0413985, -0.015389264, -0.09624508, -0.3808896, 0.6161281, -0.5874271, 0.3608858, 1604.2147, 1604.2147, 955.3676, 717.74194, , 
65581.931930583, 000291, 1.0432252, -0.015617565, -0.09495476, -0.3783635, 0.6142621, -0.58897287, 0.36418965, 1601.5033, 1601.5033, 955.3667, 717.7421, , 
65581.948599791, 000292, 1.0448123, -0.015291028, -0.09366893, -0.3755858, 0.61230606, -0.59068674, 0.36756748, 1601.5033, 1601.5033, 955.3659, 717.74225, , 
65581.981938458, 000293, 1.0478501, -0.014219255, -0.09146185, -0.36908406, 0.60831517, -0.5945559, 0.37447676, 1601.5033, 1601.5033, 955.36554, 717.7427, , 
65581.99860775, 000294, 1.0493056, -0.013612304, -0.09061488, -0.36572573, 0.6062554, -0.5964436, 0.37809265, 1599.6957, 1599.6957, 955.3654, 717.74335, , 
65582.015276916, 000295, 1.0506344, -0.012942363, -0.08999712, -0.36265478, 0.60394156, -0.5982093, 0.3819446, 1599.6957, 1599.6957, 955.36475, 717.7436, , 
65582.048615458, 000296, 1.0540689, -0.0128639145, -0.08959418, -0.35657027, 0.59902316, -0.6017169, 0.38982758, 1599.6957, 1599.6957, 955.36285, 717.7437, , 
65582.065284833, 000297, 1.0552021, -0.012349474, -0.089343056, -0.3533431, 0.59638757, -0.6035348, 0.39397496, 1597.4362, 1597.4362, 955.3616, 717.7439, , 
65582.081953958, 000298, 1.0562208, -0.011778171, -0.08909634, -0.3501797, 0.593628, -0.60533804, 0.39817828, 1597.4362, 1597.4362, 955.36053, 717.7439, , 
65582.115292625, 000299, 1.0583726, -0.010865044, -0.0883277, -0.34307396, 0.5891215, -0.60888106, 0.40558603, 1597.4362, 1597.4362, 955.3595, 717.7452, , 
65582.131961916, 000300, 1.0603335, -0.011116333, -0.08770907, -0.33853316, 0.58769876, -0.61079425, 0.408578, 1594.7247, 1594.7247, 955.36066, 717.7469, , 
65582.14863125, 000301, 1.061643, -0.011111591, -0.08687532, -0.33355364, 0.5863768, -0.61277246, 0.41159934, 1594.7247, 1594.7247, 955.3625, 717.74915, , 
65582.165300375, 000302, 1.062517, -0.011000946, -0.08593953, -0.32851094, 0.5847781, -0.61471397, 0.41502044, 1594.7247, 1594.7247, 955.36475, 717.75244, , 
65582.198639041, 000303, 1.0630363, -0.010663307, -0.083941676, -0.31869274, 0.5802873, -0.61792374, 0.4241128, 1592.4652, 1592.4652, 955.3659, 717.758, , 
65582.215308333, 000304, 1.0627757, -0.010466303, -0.08296182, -0.31408525, 0.5773894, -0.6190976, 0.42975566, 1592.4652, 1592.4652, 955.36475, 717.7624, , 
65582.231977583, 000305, 1.0628407, -0.01060437, -0.082020745, -0.3094293, 0.5743115, -0.6201171, 0.43574595, 1592.4652, 1592.4652, 955.36334, 717.7662, , 
65582.265316125, 000306, 1.0619756, -0.010471627, -0.07991517, -0.29979375, 0.56852317, -0.622005, 0.44723016, 1588.85, 1588.85, 955.3612, 717.7758, , 
65582.281985458, 000307, 1.0613717, -0.010346332, -0.07879274, -0.2950472, 0.5658612, -0.6230491, 0.45228103, 1588.85, 1588.85, 955.361, 717.7796, , 
65582.315323875, 000308, 1.0598353, -0.009970602, -0.07658057, -0.28640577, 0.56050617, -0.6253995, 0.4611726, 1588.85, 1588.85, 955.36053, 717.7857, , 
65582.331993208, 000309, 1.0598134, -0.009604818, -0.075040154, -0.28241462, 0.55747986, -0.6269078, 0.4652361, 1596.0804, 1596.0804, 955.36017, 717.7869, , 
65582.3486625, 000310, 1.0588083, -0.009206864, -0.07395189, -0.27841398, 0.5538951, -0.62872237, 0.46946138, 1596.0804, 1596.0804, 955.3595, 717.7871, , 
65582.382000958, 000311, 1.0557022, -0.008412098, -0.07204024, -0.26998407, 0.54610217, -0.63272744, 0.47805557, 1596.0804, 1596.0804, 955.3576, 717.7857, , 
65582.398670333, 000312, 1.0539684, -0.008144308, -0.07092942, -0.26536354, 0.54252356, -0.63452667, 0.48231354, 1596.0804, 1596.0804, 955.3574, 717.786, , 
65582.415339583, 000313, 1.0521219, -0.0079961, -0.06964703, -0.26042148, 0.53919774, -0.63613635, 0.48659748, 1596.0804, 1596.0804, 955.3574, 717.787, , 
65582.44867825, 000314, 1.0499041, -0.008552797, -0.0663135, -0.25045896, 0.5332448, -0.63900125, 0.49456823, 1596.0804, 1596.0804, 955.35846, 717.79156, , 
65582.465347333, 000315, 1.0478004, -0.008544798, -0.064742245, -0.24563792, 0.53016317, -0.6405986, 0.49821928, 1596.0804, 1596.0804, 955.359, 717.79285, , 
65582.498686, 000316, 1.0428094, -0.008157454, -0.06159687, -0.23638548, 0.52324647, -0.6449348, 0.50437504, 1596.0804, 1596.0804, 955.36005, 717.7908, , 
65582.515355333, 000317, 1.0399108, -0.00783576, -0.059931982, -0.23153304, 0.51930946, -0.6477029, 0.5071401, 1596.0804, 1596.0804, 955.36066, 717.7879, , 
65582.532024458, 000318, 1.0380356, -0.0073476965, -0.05705984, -0.22658254, 0.51525277, -0.650555, 0.5098559, 1596.0804, 1596.0804, 955.3612, 717.7846, , 
65582.54869375, 000319, 1.0349714, -0.0069604972, -0.05478269, -0.22151461, 0.51102406, -0.65326554, 0.5128645, 1596.0804, 1596.0804, 955.3618, 717.78064, , 
65582.565363083, 000320, 1.0312748, -0.006588175, -0.0526259, -0.21644446, 0.5065041, -0.65585333, 0.51619923, 1596.0804, 1596.0804, 955.36194, 717.7778, , 
65582.598701708, 000321, 1.0226701, -0.0057991594, -0.048221484, -0.20636898, 0.49665773, -0.66079986, 0.5235327, 1596.0804, 1596.0804, 955.36115, 717.7713, , 
65582.61537075, 000322, 1.0179576, -0.005392433, -0.045879103, -0.20112814, 0.4915757, -0.6631891, 0.527334, 1596.0804, 1596.0804, 955.36053, 717.76874, , 
65582.632040166, 000323, 1.0141679, -0.0049171075, -0.04289712, -0.19583654, 0.48663658, -0.665555, 0.53091383, 1596.0804, 1596.0804, 955.36017, 717.76636, , 
65582.665378791, 000324, 1.0045086, -0.0040829787, -0.037532244, -0.18457076, 0.47717288, -0.6698113, 0.5381379, 1596.0804, 1596.0804, 955.3604, 717.762, , 
65582.682047916, 000325, 0.9992961, -0.003757679, -0.034803946, -0.1789834, 0.47291112, -0.67141, 0.54178274, 1596.0804, 1596.0804, 955.36066, 717.7614, , 
65582.69871725, 000326, 0.99394715, -0.0034715533, -0.03202977, -0.17359242, 0.4689735, -0.6726771, 0.545376, 1596.0804, 1596.0804, 955.36115, 717.7619, , 
65582.732055875, 000327, 0.9834399, -0.0028160065, -0.0260476, -0.16386834, 0.46137834, -0.67479986, 0.55219775, 1596.0804, 1596.0804, 955.3613, 717.7633, , 
65582.748725166, 000328, 0.9777987, -0.0023953244, -0.02328377, -0.15958226, 0.45729747, -0.67591095, 0.5554789, 1596.0804, 1596.0804, 955.3608, 717.7631, , 
65582.765394291, 000329, 0.97192025, -0.0019208416, -0.020706898, -0.15568364, 0.45307946, -0.67707217, 0.5586187, 1596.0804, 1596.0804, 955.36, 717.7623, , 
65582.798732916, 000330, 0.95987874, -0.00096563896, -0.015669905, -0.14821078, 0.4446363, -0.6794087, 0.5645669, 1596.0804, 1596.0804, 955.358, 717.7599, , 
65582.815402208, 000331, 0.9537731, -0.00056918064, -0.013078078, -0.14445078, 0.44067717, -0.68036664, 0.56748474, 1596.0804, 1596.0804, 955.35693, 717.75885, , 
65582.848740708, 000332, 0.9416714, 0.0004756441, -0.0069813402, -0.13691019, 0.4334605, -0.6818373, 0.57311904, 1596.0804, 1596.0804, 955.3558, 717.7589, , 
65582.865410041, 000333, 0.9353441, 0.0008629774, -0.0042374777, -0.13280563, 0.42958972, -0.6826782, 0.57599115, 1596.0804, 1596.0804, 955.35516, 717.7588, , 
65582.882079291, 000334, 0.9288578, 0.0012277504, -0.0015338687, -0.128543, 0.4255953, -0.68350965, 0.57893, 1596.0804, 1596.0804, 955.35486, 717.75867, , 
65582.898748666, 000335, 0.9222502, 0.0015682504, 0.0011775233, -0.12426717, 0.42158726, -0.68418294, 0.5819928, 1596.0804, 1596.0804, 955.3544, 717.7588, , 
65582.932087166, 000336, 0.9088712, 0.0026658326, 0.007068267, -0.115889795, 0.414375, -0.68498355, 0.58792895, 1596.0804, 1596.0804, 955.3537, 717.761, , 
65582.948756416, 000337, 0.9019699, 0.0031214803, 0.010040654, -0.11164503, 0.41097343, -0.6851463, 0.59094065, 1596.0804, 1596.0804, 955.3537, 717.7626, , 
65582.96542575, 000338, 0.89487684, 0.003478229, 0.012962924, -0.10752878, 0.4075897, -0.68511856, 0.5940712, 1596.0804, 1596.0804, 955.3536, 717.76544, , 
65582.998764125, 000339, 0.8801264, 0.0041599274, 0.018705275, -0.099584505, 0.4006423, -0.6847243, 0.6006008, 1596.0804, 1596.0804, 955.35284, 717.7706, , 
65583.0154335, 000340, 0.87245274, 0.004525952, 0.02151877, -0.09550433, 0.39694673, -0.68456465, 0.6038903, 1596.0804, 1596.0804, 955.3524, 717.7739, , 
65583.032102833, 000341, 0.86501783, 0.004250192, 0.024591781, -0.091568604, 0.393235, -0.68450093, 0.6069924, 1596.5323, 1596.5323, 955.35205, 717.77606, , 
65583.048772083, 000342, 0.8571052, 0.0044114143, 0.027490571, -0.08756019, 0.38938332, -0.68447906, 0.6100838, 1596.5323, 1596.5323, 955.3517, 717.778, , 
65583.082110541, 000343, 0.84049165, 0.0049331337, 0.033180177, -0.07957037, 0.38148528, -0.6844459, 0.6161748, 1596.0804, 1596.0804, 955.35065, 717.78186, , 
65583.098779916, 000344, 0.8318947, 0.0051435307, 0.0360483, -0.075445265, 0.37756437, -0.6844817, 0.6190622, 1596.0804, 1596.0804, 955.3503, 717.7833, , 
65583.115449166, 000345, 0.8231094, 0.0052990615, 0.038932078, -0.07120597, 0.3736989, -0.6845805, 0.62179446, 1596.0804, 1596.0804, 955.3502, 717.7846, , 
65583.132118375, 000346, 0.81498283, 0.0055305436, 0.041964978, -0.06705623, 0.37006837, -0.6847073, 0.6242826, 1596.0804, 1596.0804, 955.3502, 717.786, , 
65583.165457, 000347, 0.79666924, 0.0056604445, 0.047773592, -0.058919385, 0.36262, -0.6850231, 0.6291093, 1596.0804, 1596.0804, 955.3502, 717.78735, , 
65583.182126291, 000348, 0.7869279, 0.0056138113, 0.050594334, -0.05542126, 0.35877365, -0.68510014, 0.631544, 1596.0804, 1596.0804, 955.3496, 717.78827, , 
65583.198795583, 000349, 0.77687955, 0.0054832315, 0.053372417, -0.052318458, 0.35480532, -0.68512356, 0.63402027, 1596.0804, 1596.0804, 955.3487, 717.78894, , 
65583.215464708, 000350, 0.7666172, 0.0052479217, 0.056186985, -0.04942702, 0.35095534, -0.68507475, 0.6364431, 1596.0804, 1596.0804, 955.34766, 717.7896, , 
65583.248803333, 000351, 0.7465033, 0.004797429, 0.06153907, -0.04359886, 0.3445777, -0.6847922, 0.6406442, 1596.0804, 1596.0804, 955.3465, 717.7919, , 
65583.265472583, 000352, 0.73602337, 0.004335366, 0.06464955, -0.04048311, 0.34180093, -0.68465376, 0.64248145, 1596.0804, 1596.0804, 955.3465, 717.7929, , 
65583.28214175, 000353, 0.7254427, 0.0038161278, 0.06791316, -0.03739907, 0.3392753, -0.68456125, 0.6441036, 1596.0804, 1596.0804, 955.3468, 717.7939, , 
65583.298811083, 000354, 0.7148057, 0.0032932535, 0.071307376, -0.034366198, 0.33696443, -0.6845291, 0.64551824, 1596.0804, 1596.0804, 955.3473, 717.7948, , 
65583.315480416, 000355, 0.7041595, 0.0027963966, 0.074819714, -0.031252075, 0.33494824, -0.6845673, 0.64668435, 1596.0804, 1596.0804, 955.34784, 717.7952, , 
65583.348819041, 000356, 0.6835204, 0.0018686503, 0.08170464, -0.02450201, 0.33195817, -0.68502164, 0.6480345, 1596.0804, 1596.0804, 955.351, 717.79504, , 
65583.365488166, 000357, 0.6729299, 0.0015518228, 0.08514857, -0.021009643, 0.33041933, -0.6854782, 0.6484606, 1596.0804, 1596.0804, 955.35254, 717.79407, , 
65583.3821575, 000358, 0.66223335, 0.0012942329, 0.0884387, -0.017766785, 0.32855016, -0.6859809, 0.6489756, 1596.0804, 1596.0804, 955.3538, 717.7928, , 
65583.398826791, 000359, 0.65143335, 0.0010587648, 0.09156056, -0.014923196, 0.32630774, -0.68636954, 0.64976716, 1596.0804, 1596.0804, 955.3545, 717.79114, , 
65583.415496125, 000360, 0.6405581, 0.000829272, 0.09453665, -0.012578373, 0.32376996, -0.6865496, 0.6508951, 1596.0804, 1596.0804, 955.3544, 717.79047, , 
65583.448834541, 000361, 0.6197422, 0.0006529848, 0.099873014, -0.009071613, 0.31810945, -0.68658894, 0.6536969, 1596.5323, 1596.5323, 955.3524, 717.7902, , 
65583.465503833, 000362, 0.60917664, 0.00050019147, 0.10260956, -0.007379154, 0.31538603, -0.6864508, 0.6551813, 1596.0804, 1596.0804, 955.3514, 717.7905, , 
65583.482173166, 000363, 0.5988235, 0.00032807142, 0.10538826, -0.0057588858, 0.3130487, -0.6862471, 0.6565305, 1596.0804, 1596.0804, 955.35065, 717.7912, , 
65583.498842291, 000364, 0.5887601, 0.00018364191, 0.10811933, -0.004269243, 0.31091163, -0.68613863, 0.6576698, 1596.0804, 1596.0804, 955.35, 717.79175, , 
65583.515511583, 000365, 0.5790023, 0.00014401648, 0.110697605, -0.0029351905, 0.30861518, -0.68633795, 0.6585501, 1596.0804, 1596.0804, 955.3491, 717.79126, , 
65583.54885025, 000366, 0.56109005, 0.000550088, 0.11500029, -0.00097356515, 0.3028847, -0.6878718, 0.65961534, 1596.0804, 1596.0804, 955.34576, 717.78577, , 
65583.5655195, 000367, 0.55227095, 0.0008100271, 0.117202885, 9.099394e-05, 0.29984698, -0.6888561, 0.65997654, 1596.0804, 1596.0804, 955.3441, 717.7824, , 
65583.582188708, 000368, 0.54366595, 0.001018919, 0.11958124, 0.0015602949, 0.29731682, -0.689717, 0.66022027, 1596.0804, 1596.0804, 955.3431, 717.7793, , 
65583.598858, 000369, 0.53525203, 0.00114075, 0.12217416, 0.003589726, 0.29542422, -0.6903459, 0.6604046, 1596.0804, 1596.0804, 955.3428, 717.77686, , 
65583.615527208, 000370, 0.5270293, 0.0011825785, 0.12497634, 0.0061680353, 0.29414696, -0.6907185, 0.6605661, 1596.0804, 1596.0804, 955.3437, 717.77484, , 
65583.648865916, 000371, 0.5124278, 0.0015311232, 0.1301359, 0.012592985, 0.29196233, -0.69130796, 0.66082734, 1596.0804, 1596.0804, 955.3467, 717.7733, , 
65583.665535083, 000372, 0.5047806, 0.0016493062, 0.13291243, 0.016171953, 0.29045793, -0.6916308, 0.6610744, 1596.0804, 1596.0804, 955.3488, 717.772, , 
65583.682204333, 000373, 0.49716195, 0.00180877, 0.1356157, 0.019760212, 0.2885248, -0.6920614, 0.6613728, 1596.0804, 1596.0804, 955.3502, 717.77045, , 
65583.698873708, 000374, 0.4895986, 0.0019957796, 0.13824159, 0.02316345, 0.28617826, -0.69253665, 0.6617843, 1596.5323, 1596.5323, 955.35114, 717.76855, , 
65583.715543, 000375, 0.48208115, 0.0021426082, 0.14087893, 0.026277315, 0.28367966, -0.6928815, 0.6623825, 1596.0804, 1596.0804, 955.3517, 717.76636, , 
65583.748881458, 000376, 0.46824494, 0.002174125, 0.14651848, 0.031089261, 0.27969408, -0.6927218, 0.66403395, 1596.0804, 1596.0804, 955.3523, 717.7662, , 
65583.765550708, 000377, 0.46105924, 0.0020262077, 0.14964904, 0.033122685, 0.2780869, -0.69223, 0.6651227, 1596.0804, 1596.0804, 955.3527, 717.7679, , 
65583.78222, 000378, 0.4538881, 0.0018614605, 0.15290184, 0.035103425, 0.27638224, -0.6916839, 0.6662987, 1596.0804, 1596.0804, 955.35284, 717.7694, , 
65583.798889166, 000379, 0.44675493, 0.0016781026, 0.1562885, 0.037002027, 0.27460098, -0.69112486, 0.6675113, 1596.0804, 1596.0804, 955.35297, 717.77094, , 
65583.8155585, 000380, 0.43967605, 0.0014532208, 0.15985548, 0.038792808, 0.27287465, -0.6905822, 0.6686784, 1596.0804, 1596.0804, 955.35284, 717.7729, , 
65583.848897125, 000381, 0.42795292, 0.0015083039, 0.16692036, 0.041849483, 0.27048144, -0.68957794, 0.67050016, 1596.0804, 1596.0804, 955.3532, 717.77576, , 
65583.865566416, 000382, 0.42143667, 0.0012040511, 0.17109178, 0.043128394, 0.26970655, -0.6891047, 0.67121756, 1596.0804, 1596.0804, 955.3537, 717.7776, , 
65583.882235541, 000383, 0.41493237, 0.00085964054, 0.17549725, 0.044290453, 0.26910582, -0.6887229, 0.6717747, 1596.0804, 1596.0804, 955.3541, 717.7787, , 
65583.898904875, 000384, 0.40850115, 0.00051345676, 0.18011245, 0.045348715, 0.26863492, -0.6884502, 0.6721719, 1596.0804, 1596.0804, 955.3546, 717.7794, , 
65583.9322435, 000385, 0.39842707, 0.00010103732, 0.18990664, 0.047258586, 0.26764646, -0.6882163, 0.67267394, 1596.0804, 1596.0804, 955.3554, 717.78015, , 
65583.948912625, 000386, 0.39304247, -0.00016828626, 0.19504751, 0.04820446, 0.26693818, -0.6880698, 0.673038, 1596.0804, 1596.0804, 955.3555, 717.78046, , 
65583.965581958, 000387, 0.38714635, -0.000505887, 0.2003061, 0.04910878, 0.26597545, -0.68791294, 0.6735141, 1596.0804, 1596.0804, 955.3555, 717.78076, , 
65583.982251208, 000388, 0.38107914, -0.00087596476, 0.20565873, 0.049981188, 0.26466045, -0.6878095, 0.6740732, 1596.0804, 1596.0804, 955.35516, 717.7809, , 
65584.015589875, 000389, 0.36882484, -0.0017289808, 0.21672648, 0.05193085, 0.26125115, -0.6878167, 0.6752475, 1596.0804, 1596.0804, 955.3539, 717.7804, , 
65584.032258958, 000390, 0.36449927, -0.0019797534, 0.22230433, 0.05300099, 0.25963932, -0.6879781, 0.6756215, 1596.0804, 1596.0804, 955.35333, 717.7797, , 
65584.048928291, 000391, 0.3590781, -0.0024439618, 0.2282761, 0.054048866, 0.25810087, -0.68821096, 0.6758907, 1596.0804, 1596.0804, 955.35266, 717.7784, , 
65584.065597541, 000392, 0.35336384, -0.003008007, 0.23450267, 0.054883316, 0.25673482, -0.6885571, 0.6759911, 1596.5323, 1596.5323, 955.3522, 717.77704, , 
65584.098936041, 000393, 0.3419077, -0.0042006066, 0.2474153, 0.055871163, 0.25411236, -0.6899014, 0.6755303, 1596.5323, 1596.5323, 955.35065, 717.77185, , 
65584.115605333, 000394, 0.33626926, -0.004711896, 0.25407562, 0.056139015, 0.25271899, -0.6909728, 0.6749356, 1596.0804, 1596.0804, 955.34973, 717.7683, , 
65584.132274625, 000395, 0.3316753, -0.005460308, 0.26175743, 0.056343794, 0.25135046, -0.69223917, 0.67413145, 1596.0804, 1596.0804, 955.3488, 717.7641, , 
65584.148943916, 000396, 0.32647014, -0.005967699, 0.2691667, 0.056486987, 0.25020662, -0.6934649, 0.67328477, 1596.0804, 1596.0804, 955.34766, 717.7584, , 
65584.182282416, 000397, 0.31568742, -0.006906934, 0.2844757, 0.056414213, 0.24909855, -0.69542944, 0.6716734, 1596.0804, 1596.0804, 955.34656, 717.75146, , 
65584.198951708, 000398, 0.31032264, -0.007330656, 0.29232398, 0.056295656, 0.24863869, -0.6963389, 0.6709111, 1596.0804, 1596.0804, 955.3461, 717.7475, , 
65584.215621, 000399, 0.30503905, -0.0076260865, 0.30015928, 0.056143165, 0.2476579, -0.69743323, 0.67014956, 1596.0804, 1596.0804, 955.3454, 717.74396, , 
65584.232290333, 000400, 0.30095005, -0.007494062, 0.308053, 0.056086, 0.24592985, -0.6988143, 0.6693515, 1596.0804, 1596.0804, 955.34424, 717.73956, , 
65584.26562875, 000401, 0.29086328, -0.0073863417, 0.32377946, 0.05818445, 0.24079219, -0.70161337, 0.6681109, 1596.0804, 1596.0804, 955.3416, 717.7273, , 
65584.282298041, 000402, 0.28554612, -0.0074817687, 0.33223534, 0.06048351, 0.23942536, -0.7024025, 0.66756874, 1596.0804, 1596.0804, 955.3418, 717.7235, , 
65584.298967333, 000403, 0.28021643, -0.0077474723, 0.34122705, 0.0636058, 0.23974156, -0.70259535, 0.6669619, 1596.0804, 1596.0804, 955.3447, 717.7211, , 
65584.332305791, 000404, 0.27068606, -0.009103797, 0.36063126, 0.07103567, 0.24383125, -0.7016792, 0.66569245, 1596.0804, 1596.0804, 955.35345, 717.7223, , 
65584.348975083, 000405, 0.26588064, -0.009692859, 0.37003806, 0.07403643, 0.24609312, -0.70105714, 0.66518843, 1596.0804, 1596.0804, 955.3581, 717.7237, , 
65584.365644416, 000406, 0.26093367, -0.010149758, 0.37895313, 0.07620812, 0.24792965, -0.7004216, 0.6649307, 1596.0804, 1596.0804, 955.363, 717.7258, , 
65584.382313708, 000407, 0.25595215, -0.010568991, 0.38739803, 0.07768466, 0.24912855, -0.6997632, 0.66500497, 1595.6285, 1595.6285, 955.3654, 717.7277, , 
65584.398982875, 000408, 0.25096393, -0.010991406, 0.39543962, 0.07866242, 0.24970393, -0.69909596, 0.6653759, 1595.6285, 1595.6285, 955.36707, 717.7297, , 
65584.4323215, 000409, 0.24221447, -0.011940252, 0.41071817, 0.07989384, 0.24978565, -0.69746184, 0.6669116, 1596.0804, 1596.0804, 955.36835, 717.7353, , 
65584.448990791, 000410, 0.23754084, -0.012491859, 0.41814378, 0.08020056, 0.24960831, -0.69646865, 0.6679782, 1596.0804, 1596.0804, 955.36835, 717.7384, , 
65584.465660125, 000411, 0.23253663, -0.01306758, 0.42550063, 0.0804758, 0.24949954, -0.6954768, 0.6690183, 1596.0804, 1596.0804, 955.36835, 717.7428, , 
65584.482329166, 000412, 0.2273885, -0.013603926, 0.4327955, 0.0808765, 0.24943863, -0.69462466, 0.6698776, 1596.0804, 1596.0804, 955.36847, 717.74567, , 
65584.515667791, 000413, 0.21687692, -0.01457645, 0.44733992, 0.08248659, 0.25018612, -0.6930612, 0.671021, 1596.0804, 1596.0804, 955.3704, 717.7513, , 
65584.532337125, 000414, 0.21256909, -0.015555397, 0.45526612, 0.08380626, 0.2514363, -0.69217736, 0.6713023, 1596.0804, 1596.0804, 955.3725, 717.7539, , 
65584.549006291, 000415, 0.20774505, -0.016168097, 0.46269232, 0.085350536, 0.25301194, -0.6912749, 0.6714456, 1596.0804, 1596.0804, 955.3752, 717.75665, , 
65584.565675541, 000416, 0.20283148, -0.016628593, 0.46985862, 0.086929224, 0.25477383, -0.6904066, 0.6714702, 1596.0804, 1596.0804, 955.3793, 717.7601, , 
65584.599014166, 000417, 0.19306657, -0.017462425, 0.48361546, 0.08937993, 0.2584804, -0.68865156, 0.6715341, 1595.6285, 1595.6285, 955.3852, 717.7654, , 
65584.6156835, 000418, 0.18820342, -0.017905468, 0.49024102, 0.09034586, 0.26026258, -0.687707, 0.6716844, 1595.6285, 1595.6285, 955.3888, 717.7693, , 
65584.632352625, 000419, 0.18404076, -0.018763144, 0.497359, 0.0914056, 0.26192337, -0.68675506, 0.67186946, 1596.0804, 1596.0804, 955.3915, 717.7723, , 
65584.649021916, 000420, 0.179414, -0.019363098, 0.50394666, 0.09261237, 0.26333192, -0.68580294, 0.6721261, 1596.0804, 1596.0804, 955.39417, 717.77527, , 
65584.66569125, 000421, 0.17461187, -0.019887745, 0.51029545, 0.09395882, 0.2645395, -0.68487877, 0.6724074, 1595.6285, 1595.6285, 955.39667, 717.778, , 
65584.699029666, 000422, 0.16461179, -0.02100534, 0.52258027, 0.096336186, 0.2664415, -0.68283665, 0.6733961, 1595.6285, 1595.6285, 955.4023, 717.7848, , 
65584.715698958, 000423, 0.15946276, -0.021633333, 0.5285313, 0.09678135, 0.26715264, -0.6817385, 0.6741627, 1595.6285, 1595.6285, 955.4038, 717.78827, , 
65584.732368291, 000424, 0.15418288, -0.022627246, 0.53602314, 0.096573934, 0.26783705, -0.6806877, 0.6749822, 1595.6285, 1595.6285, 955.4047, 717.79285, , 
65584.749037541, 000425, 0.14893317, -0.023435615, 0.5423705, 0.09571481, 0.26861614, -0.6797536, 0.6757359, 1595.6285, 1595.6285, 955.40485, 717.7963, , 
65584.765706833, 000426, 0.14367628, -0.024209913, 0.5483604, 0.094327934, 0.2696371, -0.6788927, 0.6763895, 1595.6285, 1595.6285, 955.4046, 717.79974, , 
65584.782375958, 000427, 0.1383979, -0.02497793, 0.55424744, 0.09260369, 0.27083588, -0.67814183, 0.6769018, 1595.6285, 1595.6285, 955.4041, 717.804, , 
65584.815714625, 000428, 0.12779276, -0.026480433, 0.5660772, -0.089011334, -0.2735396, 0.6771775, -0.67726195, 1595.6285, 1595.6285, 955.4033, 717.80896, , 
65584.832383916, 000429, 0.12213465, -0.027291555, 0.5739371, -0.087506816, -0.2751271, 0.67699385, -0.67699844, 1595.6285, 1595.6285, 955.4032, 717.8104, , 
65584.849053083, 000430, 0.11669476, -0.028101947, 0.5807127, 0.08609839, 0.27689677, -0.6769324, 0.676519, 1595.6285, 1595.6285, 955.40356, 717.81165, , 
65584.865722375, 000431, 0.11132627, -0.028936557, 0.5871896, 0.08455666, 0.27884167, -0.67697746, 0.6758691, 1595.6285, 1595.6285, 955.40393, 717.8122, , 
65584.882391666, 000432, 0.10597012, -0.0297965, 0.59357595, 0.082674466, 0.2808636, -0.6771186, 0.6751229, 1595.6285, 1595.6285, 955.40424, 717.81256, , 
65584.915730041, 000433, 0.095285356, -0.031454302, 0.6061753, 0.077744074, 0.28444982, -0.67805445, 0.6732654, 1595.6285, 1595.6285, 955.4031, 717.8116, , 
65584.932399375, 000434, 0.09003925, -0.032340605, 0.61318266, 0.074807085, 0.28627604, -0.67871934, 0.67215323, 1595.6285, 1595.6285, 955.4019, 717.81024, , 
65584.949068708, 000435, 0.08475195, -0.033134677, 0.61979765, 0.07168033, 0.28812364, -0.6794556, 0.6709596, 1596.0804, 1596.0804, 955.4001, 717.8083, , 
65584.965738, 000436, 0.07948558, -0.033884373, 0.6263349, 0.06858194, 0.29011557, -0.68016404, 0.66970617, 1596.0804, 1596.0804, 955.3989, 717.8068, , 
65584.98240725, 000437, 0.074278094, -0.034576926, 0.6328725, 0.06557549, 0.29234007, -0.6808492, 0.66834235, 1596.0804, 1596.0804, 955.39795, 717.8055, , 
65585.01574575, 000438, 0.06390225, -0.035470366, 0.6457469, 0.059069198, 0.29628336, -0.68274844, 0.665268, 1596.0804, 1596.0804, 955.3954, 717.8006, , 
65585.032415041, 000439, 0.059012253, -0.036090996, 0.6530509, 0.055053063, 0.29861513, -0.68374556, 0.6635437, 1595.6285, 1595.6285, 955.39355, 717.7979, , 
65585.049084333, 000440, 0.05403223, -0.036467206, 0.65994483, 0.050992627, 0.30175868, -0.6846631, 0.6614966, 1595.6285, 1595.6285, 955.392, 717.79504, , 
65585.065753583, 000441, 0.049149625, -0.036674134, 0.6667835, 0.04748342, 0.30553332, -0.6856562, 0.658992, 1595.6285, 1595.6285, 955.3923, 717.79266, , 
65585.099092125, 000442, 0.039766967, -0.036620095, 0.68030745, 0.04280203, 0.31369886, -0.6880384, 0.65296566, 1596.0804, 1596.0804, 955.3966, 717.7851, , 
65585.115761375, 000443, 0.03507386, -0.036377728, 0.686812, 0.040859375, 0.31729066, -0.68928117, 0.6500374, 1595.6285, 1595.6285, 955.3987, 717.78156, , 
65585.132430666, 000444, 0.030922882, -0.036665276, 0.6938107, 0.038340412, 0.32023975, -0.69052404, 0.64742035, 1595.6285, 1595.6285, 955.39984, 717.77783, , 
65585.149099791, 000445, 0.026260987, -0.0363184, 0.70025396, 0.035077915, 0.32276997, -0.6916045, 0.64519167, 1595.6285, 1595.6285, 955.3997, 717.7744, , 
65585.165769125, 000446, 0.0214138, -0.03578318, 0.70663804, 0.03130911, 0.32560745, -0.6922051, 0.643313, 1595.6285, 1595.6285, 955.3988, 717.77167, , 
65585.199107708, 000447, 0.011926875, -0.03488612, 0.720023, 0.024297554, 0.3343818, -0.6914519, 0.6399161, 1595.6285, 1595.6285, 955.4001, 717.774, , 
65585.215776833, 000448, 0.007474683, -0.034528177, 0.7269157, 0.022187106, 0.34008148, -0.69047105, 0.6380455, 1595.6285, 1595.6285, 955.40485, 717.77893, , 
65585.232446166, 000449, 0.004844043, -0.03424488, 0.7331601, 0.02087517, 0.3454739, -0.6896926, 0.6360316, 1595.6285, 1595.6285, 955.40936, 717.7822, , 
65585.249115416, 000450, 0.0012723282, -0.033657897, 0.739207, 0.01984816, 0.349762, -0.68938375, 0.6340526, 1595.6285, 1595.6285, 955.4136, 717.78424, , 
65585.265784708, 000451, -0.0025432142, -0.032885242, 0.744824, 0.018548032, 0.3528469, -0.68954587, 0.63220364, 1595.6285, 1595.6285, 955.41705, 717.78436, , 
65585.282454041, 000452, -0.0064014196, -0.032045618, 0.7499998, 0.016578086, 0.3549533, -0.69002634, 0.630553, 1596.0804, 1596.0804, 955.41785, 717.78314, , 
65585.315792458, 000453, -0.014059603, -0.030634426, 0.75960857, 0.010491226, 0.3579182, -0.6910817, 0.62784606, 1595.6285, 1595.6285, 955.41504, 717.77905, , 
65585.332461791, 000454, -0.016006857, -0.03105385, 0.76506096, 0.0068349307, 0.3598572, -0.69113964, 0.6267233, 1595.6285, 1595.6285, 955.4133, 717.7785, , 
65585.349131083, 000455, -0.019081421, -0.03117398, 0.77040005, 0.0033473368, 0.36233523, -0.6908444, 0.6256485, 1595.6285, 1595.6285, 955.4122, 717.7792, , 
65585.365800166, 000456, -0.022374332, -0.03131492, 0.77589726, 0.00029264783, 0.3654047, -0.6903517, 0.6244148, 1595.6285, 1595.6285, 955.41205, 717.7812, , 
65585.382469541, 000457, -0.025572307, -0.03149066, 0.7815524, -0.0021839547, 0.36880347, -0.6899572, 0.62284696, 1595.6285, 1595.6285, 955.4132, 717.7827, , 
65585.415808083, 000458, -0.031517603, -0.03178534, 0.79303443, -0.0058387946, 0.3753124, -0.6899258, 0.6189579, 1596.0804, 1596.0804, 955.4176, 717.7833, , 
65585.432477416, 000459, -0.03387571, -0.032208942, 0.79975086, -0.007412334, 0.3781768, -0.69012165, 0.6169761, 1595.6285, 1595.6285, 955.4196, 717.7828, , 
65585.449146541, 000460, -0.036545288, -0.0324078, 0.80580133, -0.008787989, 0.38060808, -0.6903835, 0.6151674, 1595.6285, 1595.6285, 955.4212, 717.7819, , 
65585.465815875, 000461, -0.039282657, -0.03257496, 0.8116814, -0.010143685, 0.38285068, -0.69053906, 0.6135782, 1595.6285, 1595.6285, 955.4227, 717.7813, , 
65585.4991545, 000462, -0.044921175, -0.033140376, 0.82355124, -0.012858447, 0.3870889, -0.68989295, 0.6115918, 1595.6285, 1595.6285, 955.4253, 717.78296, , 
65585.515823541, 000463, -0.047838338, -0.03356043, 0.82961583, -0.014270412, 0.38904595, -0.68901944, 0.61130345, 1595.6285, 1595.6285, 955.42596, 717.78546, , 
65585.532492916, 000464, -0.05125303, -0.034007683, 0.8362167, -0.015893528, 0.39092004, -0.6878945, 0.61133456, 1595.6285, 1595.6285, 955.42633, 717.7899, , 
65585.549162166, 000465, -0.05431491, -0.034525804, 0.8425301, -0.017662106, 0.39265233, -0.6867638, 0.6114473, 1595.6285, 1595.6285, 955.4262, 717.79346, , 
65585.582500791, 000466, -0.059849784, -0.035684384, 0.8550763, -0.022019831, 0.3959087, -0.68487227, 0.6113276, 1595.6285, 1595.6285, 955.4249, 717.7995, , 
65585.599169916, 000467, -0.062326133, -0.03631154, 0.86146265, -0.024551556, 0.3975574, -0.68420464, 0.6109086, 1595.6285, 1595.6285, 955.42377, 717.80225, , 
65585.61583925, 000468, -0.064654104, -0.03699772, 0.8679859, -0.027092988, 0.39927134, -0.68367255, 0.6102787, 1595.6285, 1595.6285, 955.42285, 717.8037, , 
65585.6325085, 000469, -0.06644391, -0.03809714, 0.8747611, -0.029706657, 0.40105972, -0.6832655, 0.6094398, 1595.6285, 1595.6285, 955.4222, 717.80475, , 
65585.665846875, 000470, -0.07024356, -0.039805643, 0.88863856, -0.03459289, 0.40444022, -0.6827631, 0.607508, 1596.0804, 1596.0804, 955.42053, 717.8059, , 
65585.682516208, 000471, -0.0719389, -0.04059885, 0.89581126, -0.037015915, 0.40606064, -0.68264794, 0.6064126, 1596.0804, 1596.0804, 955.4199, 717.8059, , 
65585.6991855, 000472, -0.07350061, -0.041366547, 0.9031059, -0.039369605, 0.40745753, -0.6826795, 0.605291, 1595.6285, 1595.6285, 955.4189, 717.8053, , 
65585.715854833, 000473, -0.07498498, -0.04209026, 0.91047484, -0.04159664, 0.408405, -0.6829808, 0.60416245, 1595.6285, 1595.6285, 955.41785, 717.804, , 
65585.74919325, 000474, -0.076949306, -0.043854117, 0.925254, -0.045320768, 0.40920538, -0.6842856, 0.60187215, 1595.6285, 1595.6285, 955.4149, 717.798, , 
65585.765862541, 000475, -0.07820187, -0.044619586, 0.93305504, -0.04701636, 0.40952966, -0.6850306, 0.600673, 1595.6285, 1595.6285, 955.41376, 717.79504, , 
65585.782531791, 000476, -0.07941939, -0.045397412, 0.94106513, -0.04866317, 0.40991944, -0.68576413, 0.5994377, 1595.6285, 1595.6285, 955.41284, 717.7921, , 
65585.799201166, 000477, -0.080588244, -0.04621896, 0.94925576, -0.050360315, 0.41047564, -0.68642896, 0.59815454, 1595.6285, 1595.6285, 955.4117, 717.7885, , 
65585.832539541, 000478, -0.08219085, -0.04830913, 0.96562064, -0.054050304, 0.41218838, -0.6876956, 0.59519243, 1595.6285, 1595.6285, 955.4105, 717.7832, , 
65585.849208833, 000479, -0.08296732, -0.049282905, 0.97402656, -0.056018658, 0.4132537, -0.6884271, 0.59342337, 1595.6285, 1595.6285, 955.41003, 717.77936, , 
65585.865878125, 000480, -0.083868034, -0.050129816, 0.9826262, -0.05802963, 0.41419318, -0.68924034, 0.59162855, 1595.6285, 1595.6285, 955.4096, 717.776, , 
65585.882547458, 000481, -0.084892295, -0.05092223, 0.99144644, -0.059826955, 0.41512808, -0.6899712, 0.5899399, 1595.6285, 1595.6285, 955.40924, 717.7729, , 
65585.915885916, 000482, -0.08711784, -0.052493095, 1.0100006, -0.06217403, 0.41828996, -0.6907059, 0.58659464, 1595.6285, 1595.6285, 955.4109, 717.76874, , 
65585.932555166, 000483, -0.08815398, -0.05349972, 1.0188481, -0.062485114, 0.42092776, -0.6907196, 0.58465534, 1595.6285, 1595.6285, 955.4137, 717.7686, , 
65585.949224458, 000484, -0.08908826, -0.054266848, 1.0283183, -0.06247894, 0.42405137, -0.6907958, 0.5823039, 1595.6285, 1595.6285, 955.4175, 717.76886, , 
65585.965893625, 000485, -0.08993984, -0.05479692, 1.0378484, -0.062444214, 0.4270993, -0.69114935, 0.5796547, 1595.6285, 1595.6285, 955.4232, 717.7681, , 
65585.999232166, 000486, -0.0916134, -0.0553611, 1.0565554, -0.062937915, 0.43251285, -0.6921593, 0.57435787, 1595.6285, 1595.6285, 955.43085, 717.7651, , 
65586.015901458, 000487, -0.09245134, -0.055586174, 1.0657935, -0.063245974, 0.43527302, -0.69238985, 0.57195604, 1595.6285, 1595.6285, 955.4357, 717.7639, , 
65586.032570791, 000488, -0.09311377, -0.05646465, 1.0737809, -0.063314274, 0.43797758, -0.6924409, 0.56981784, 1595.6285, 1595.6285, 955.4397, 717.7639, , 
65586.065909166, 000489, -0.094921164, -0.05702542, 1.0909084, -0.06319448, 0.44229347, -0.69266146, 0.56621814, 1595.6285, 1595.6285, 955.44775, 717.76385, , 
65586.082578541, 000490, -0.09611086, -0.057038695, 1.0992956, -0.063374326, 0.44344166, -0.6928837, 0.5650269, 1595.6285, 1595.6285, 955.4497, 717.76324, , 
65586.099247833, 000491, -0.09755697, -0.056936685, 1.1074877, -0.06382897, 0.44391495, -0.69315076, 0.56427604, 1595.6285, 1595.6285, 955.4504, 717.7623, , 
65586.115916916, 000492, -0.099219374, -0.0567267, 1.1155334, -0.06459084, 0.44391003, -0.6934619, 0.56381077, 1595.6285, 1595.6285, 955.4502, 717.7611, , 
65586.149255583, 000493, -0.10287313, -0.05659702, 1.1305138, -0.06639436, 0.44396654, -0.6938148, 0.5631221, 1595.6285, 1595.6285, 955.4483, 717.7586, , 
65586.165924791, 000494, -0.10478247, -0.056609105, 1.1385365, -0.06705321, 0.4452903, -0.6933959, 0.56251454, 1595.6285, 1595.6285, 955.44867, 717.7592, , 
65586.182594125, 000495, -0.10661916, -0.056763083, 1.14682, -0.06758098, 0.44780263, -0.69252634, 0.56152725, 1595.6285, 1595.6285, 955.4515, 717.7625, , 
65586.215932541, 000496, -0.11021622, -0.0572192, 1.163275, -0.06904401, 0.45437193, -0.69023246, 0.5588901, 1595.6285, 1595.6285, 955.4578, 717.77014, , 
65586.232601875, 000497, -0.112147845, -0.05755256, 1.170793, -0.07039125, 0.45719242, -0.6890846, 0.5578374, 1595.6285, 1595.6285, 955.461, 717.77496, , 
65586.249271125, 000498, -0.11424885, -0.057899177, 1.177938, -0.07206639, 0.45953915, -0.68789965, 0.55715734, 1595.6285, 1595.6285, 955.4619, 717.7785, , 
65586.265940291, 000499, -0.11647045, -0.058087323, 1.1852621, -0.0738429, 0.46167704, -0.6866754, 0.55666727, 1595.6285, 1595.6285, 955.4624, 717.782, , 
65586.299278833, 000500, -0.12093293, -0.058566473, 1.1999736, -0.07713141, 0.466167, -0.68431646, 0.55538285, 1595.6285, 1595.6285, 955.46344, 717.78986, , 
65586.315948125, 000501, -0.1231279, -0.058954157, 1.2073236, -0.07846151, 0.46873862, -0.6832149, 0.5543873, 1595.6285, 1595.6285, 955.46484, 717.79315, , 
65586.332617291, 000502, -0.12576734, -0.059389237, 1.2144399, -0.07965901, 0.47131056, -0.6822353, 0.55324113, 1595.6285, 1595.6285, 955.4674, 717.7971, , 
65586.349286541, 000503, -0.12865692, -0.059832036, 1.221415, -0.080943085, 0.47366878, -0.68138874, 0.5520827, 1595.6285, 1595.6285, 955.4691, 717.79956, , 
65586.382625208, 000504, -0.1341905, -0.0606257, 1.2352428, -0.08501672, 0.4771234, -0.68010455, 0.5500756, 1595.6285, 1595.6285, 955.4697, 717.8025, , 
65586.399294458, 000505, -0.13717553, -0.06097651, 1.2419736, -0.0879715, 0.47828576, -0.679567, 0.54926544, 1595.6285, 1595.6285, 955.4674, 717.80316, , 
65586.415963583, 000506, -0.14029771, -0.06132745, 1.2486262, -0.09146128, 0.47929782, -0.6790543, 0.54844666, 1595.6285, 1595.6285, 955.4647, 717.8032, , 
65586.449302125, 000507, -0.14629477, -0.06226702, 1.2609491, -0.099092185, 0.4816436, -0.67830455, 0.54598814, 1595.6285, 1595.6285, 955.45795, 717.80176, , 
65586.4659715, 000508, -0.14937323, -0.06268864, 1.2675418, -0.10297944, 0.48330313, -0.678044, 0.5441228, 1595.6285, 1595.6285, 955.4559, 717.80066, , 
65586.482640791, 000509, -0.15243737, -0.06305744, 1.2741808, -0.10691688, 0.4851057, -0.67793244, 0.5418936, 1595.6285, 1595.6285, 955.4542, 717.79913, , 
65586.499309833, 000510, -0.15550599, -0.06328936, 1.2808198, -0.11111568, 0.48674792, -0.6780605, 0.53941053, 1595.6285, 1595.6285, 955.4518, 717.7958, , 
65586.5326485, 000511, -0.16142821, -0.063578956, 1.2940443, -0.119685866, 0.49041918, -0.6785816, 0.53356475, 1595.6285, 1595.6285, 955.44806, 717.789, , 
65586.54931775, 000512, -0.16415, -0.06379585, 1.3006663, -0.122759536, 0.49319887, -0.67899007, 0.5297711, 1595.6285, 1595.6285, 955.4492, 717.7849, , 
65586.565986916, 000513, -0.16682047, -0.06392934, 1.3073182, -0.1250164, 0.49627435, -0.67979926, 0.52531487, 1595.6285, 1595.6285, 955.4525, 717.78143, , 
65586.599325416, 000514, -0.17251623, -0.06365529, 1.3200319, -0.13011293, 0.5006731, -0.6822007, 0.5167197, 1595.6285, 1595.6285, 955.45844, 717.7693, , 
65586.61599475, 000515, -0.17562343, -0.063393116, 1.3262359, -0.13353631, 0.50229746, -0.6829759, 0.5132342, 1595.6285, 1595.6285, 955.4587, 717.7643, , 
65586.632663875, 000516, -0.17861597, -0.06336809, 1.3326107, -0.13705009, 0.50409997, -0.6831868, 0.51025105, 1595.6285, 1595.6285, 955.45844, 717.76074, , 
65586.666002458, 000517, -0.18452293, -0.0631652, 1.3455026, -0.14319721, 0.5085513, -0.68249094, 0.5050507, 1595.6285, 1595.6285, 955.4588, 717.7578, , 
65586.68267175, 000518, -0.18741179, -0.06286743, 1.3517941, -0.14579964, 0.51100004, -0.6817628, 0.502813, 1595.6285, 1595.6285, 955.4595, 717.7582, , 
65586.699341083, 000519, -0.19020364, -0.06250151, 1.3579149, -0.14799541, 0.51346344, -0.6808832, 0.50084996, 1595.6285, 1595.6285, 955.46027, 717.7594, , 
65586.7326795, 000520, -0.19532037, -0.061604116, 1.3692962, -0.15078446, 0.5176198, -0.67974055, 0.49727917, 1595.6285, 1595.6285, 955.46356, 717.7621, , 
65586.749348708, 000521, -0.19771639, -0.061007734, 1.3744875, -0.15173501, 0.51888037, -0.67972857, 0.49569026, 1595.6285, 1595.6285, 955.465, 717.7619, , 
65586.782687208, 000522, -0.20286709, -0.05911354, 1.3841478, -0.15461242, 0.5199775, -0.6796564, 0.4937465, 1595.6285, 1595.6285, 955.46484, 717.7596, , 
65586.7993565, 000523, -0.20544925, -0.058106795, 1.3887076, -0.15657528, 0.5202163, -0.6793244, 0.49333304, 1595.6285, 1595.6285, 955.4631, 717.75885, , 
65586.816025791, 000524, -0.20791768, -0.05719801, 1.3932036, -0.15847656, 0.520617, -0.6787634, 0.49307525, 1595.6285, 1595.6285, 955.4611, 717.75867, , 
65586.849364375, 000525, -0.21152192, -0.05614821, 1.4018469, -0.16107237, 0.5227794, -0.6769807, 0.49239665, 1595.6285, 1595.6285, 955.45886, 717.7622, , 
65586.8660335, 000526, -0.21323468, -0.05566895, 1.4060898, -0.16199784, 0.52412623, -0.6760356, 0.49195954, 1595.6285, 1595.6285, 955.4591, 717.7647, , 
65586.882702791, 000527, -0.21495226, -0.05516299, 1.4100872, -0.16304012, 0.5250531, -0.6752708, 0.49167717, 1595.6285, 1595.6285, 955.459, 717.7672, , 
65586.916041375, 000528, -0.21828903, -0.05428063, 1.4173416, -0.16577472, 0.5257249, -0.67407984, 0.49167916, 1595.6285, 1595.6285, 955.45636, 717.76886, , 
65586.9327105, 000529, -0.21959424, -0.054271817, 1.4207548, -0.16700275, 0.5260023, -0.67342645, 0.49186212, 1595.6285, 1595.6285, 955.4541, 717.76996, , 
65586.949379791, 000530, -0.22073987, -0.054445297, 1.4241549, -0.1679124, 0.52644074, -0.6727272, 0.49204025, 1595.6285, 1595.6285, 955.45294, 717.77124, , 
65586.982718333, 000531, -0.22276866, -0.054861665, 1.4309033, -0.16854659, 0.5277262, -0.67157584, 0.4920194, 1595.6285, 1595.6285, 955.4528, 717.77496, , 
65586.999387625, 000532, -0.2236371, -0.055112105, 1.4341835, -0.16841806, 0.52824336, -0.67118907, 0.49203616, 1595.6285, 1595.6285, 955.4533, 717.77637, , 
65587.032726083, 000533, -0.22468416, -0.056417234, 1.4403081, -0.1677718, 0.52951616, -0.6702007, 0.49223602, 1595.6285, 1595.6285, 955.4551, 717.78076, , 
65587.049395375, 000534, -0.22500315, -0.05732972, 1.4429296, -0.16756761, 0.5298445, -0.6698657, 0.49240813, 1595.6285, 1595.6285, 955.4556, 717.7823, , 
65587.066064666, 000535, -0.22574958, -0.057760753, 1.4452319, -0.16789173, 0.5294841, -0.6697858, 0.49279392, 1595.6285, 1595.6285, 955.4551, 717.7826, , 
65587.099403083, 000536, -0.2273899, -0.058426186, 1.4492359, -0.16926533, 0.5281977, -0.6696339, 0.49390975, 1595.6285, 1595.6285, 955.45074, 717.78143, , 
65587.116072333, 000537, -0.22796217, -0.058953844, 1.4511867, -0.1694663, 0.5281628, -0.6694458, 0.4941331, 1595.6285, 1595.6285, 955.4498, 717.78174, , 
65587.132741666, 000538, -0.22824293, -0.059819423, 1.4528505, -0.16893995, 0.5285848, -0.66939443, 0.49393162, 1595.6285, 1595.6285, 955.4504, 717.7823, , 
65587.166080083, 000539, -0.22862338, -0.061678477, 1.4561346, -0.16624297, 0.53003836, -0.66986805, 0.49264523, 1595.6285, 1595.6285, 955.4564, 717.78394, , 
65587.182749333, 000540, -0.2289984, -0.06252754, 1.4576553, -0.16454068, 0.53033864, -0.6704351, 0.4921221, 1595.6285, 1595.6285, 955.4595, 717.78394, , 
65587.216087958, 000541, -0.2302814, -0.06434163, 1.4603403, -0.16081521, 0.5302849, -0.67142814, 0.4920576, 1595.6285, 1595.6285, 955.46515, 717.7836, , 
65587.232757083, 000542, -0.23115021, -0.065781705, 1.4615899, -0.15865993, 0.530548, -0.6713968, 0.49251628, 1595.6285, 1595.6285, 955.4677, 717.78503, , 
65587.249426375, 000543, -0.23223272, -0.06737592, 1.4628465, -0.1562896, 0.53105515, -0.67097825, 0.49329725, 1595.1766, 1595.1766, 955.4713, 717.7891, , 
65587.282764958, 000544, -0.23522475, -0.070338875, 1.465176, -0.15094478, 0.53163475, -0.6700417, 0.495605, 1595.6285, 1595.6285, 955.47705, 717.79675, , 
65587.29943425, 000545, -0.2371349, -0.071742535, 1.4661024, -0.14821553, 0.53119785, -0.6699329, 0.4970421, 1595.6285, 1595.6285, 955.4798, 717.8005, , 
65587.316103333, 000546, -0.23923396, -0.07314443, 1.4669442, -0.14537466, 0.53044456, -0.67006904, 0.49849993, 1595.6285, 1595.6285, 955.4817, 717.80225, , 
65587.349441916, 000547, -0.24436751, -0.07653952, 1.4678066, -0.13779907, 0.52870065, -0.6706085, 0.50176823, 1595.6285, 1595.6285, 955.48816, 717.8066, , 
65587.366111166, 000548, -0.24721941, -0.07828893, 1.4687406, -0.13310283, 0.5280396, -0.67067856, 0.50363487, 1595.6285, 1595.6285, 955.4924, 717.8096, , 
65587.382780333, 000549, -0.2502517, -0.080124915, 1.4698455, -0.12810999, 0.52756584, -0.67047095, 0.5056984, 1595.6285, 1595.6285, 955.497, 717.81354, , 
65587.416118916, 000550, -0.2568353, -0.08402454, 1.4720988, -0.11781697, 0.5268316, -0.6697928, 0.50984836, 1595.1766, 1595.1766, 955.5088, 717.8241, , 
65587.432788166, 000551, -0.26038674, -0.08623792, 1.4729571, -0.11236284, 0.52645075, -0.66950893, 0.51184183, 1595.1766, 1595.1766, 955.51447, 717.8284, , 
65587.466126625, 000552, -0.26799956, -0.090727694, 1.4745767, -0.09995929, 0.52492464, -0.669597, 0.5158507, 1595.6285, 1595.6285, 955.52966, 717.8368, , 
65587.482795916, 000553, -0.2720611, -0.092919216, 1.4753542, -0.09272269, 0.5235034, -0.67004853, 0.5180556, 1595.1766, 1595.1766, 955.5371, 717.83936, , 
65587.499465166, 000554, -0.2762279, -0.09508665, 1.476087, -0.0851634, 0.52182174, -0.6705048, 0.5204541, 1595.1766, 1595.1766, 955.5447, 717.8417, , 
65587.532803625, 000555, -0.2850212, -0.09938301, 1.4772131, -0.07002611, 0.5174401, -0.6711149, 0.52626693, 1595.6285, 1595.6285, 955.5611, 717.8473, , 
65587.549472875, 000556, -0.2897928, -0.101346776, 1.4775121, -0.06231578, 0.51426685, -0.67149806, 0.5298459, 1595.6285, 1595.6285, 955.5669, 717.849, , 
65587.566142166, 000557, -0.2947977, -0.103003114, 1.4777594, -0.05444037, 0.5104534, -0.671844, 0.53394675, 1595.1766, 1595.1766, 955.5733, 717.8509, , 
65587.5828115, 000558, -0.29994577, -0.10439587, 1.4779352, -0.046780936, 0.5061921, -0.6719664, 0.5385558, 1595.1766, 1595.1766, 955.5768, 717.85254, , 
65587.616149833, 000559, -0.3104044, -0.1064395, 1.4780265, -0.03195074, 0.49667642, -0.6715908, 0.5488693, 1595.1766, 1595.1766, 955.5809, 717.85675, , 
65587.632819208, 000560, -0.31535763, -0.107240394, 1.4773158, -0.024108943, 0.49143448, -0.6712857, 0.5543342, 1595.1766, 1595.1766, 955.5834, 717.85986, , 
65587.649488416, 000561, -0.3204067, -0.107837416, 1.4763734, -0.015913192, 0.48572212, -0.67095053, 0.5600412, 1595.1766, 1595.1766, 955.58527, 717.86206, , 
65587.682826875, 000562, -0.33127442, -0.10831125, 1.4744368, 0.0009980955, 0.47253925, -0.6702492, 0.57225144, 1595.1766, 1595.1766, 955.58746, 717.8659, , 
65587.699496125, 000563, -0.33676794, -0.10832892, 1.4731321, 0.009452868, 0.4654163, -0.6698034, 0.5784996, 1595.1766, 1595.1766, 955.58746, 717.8672, , 
65587.716165416, 000564, -0.3423076, -0.10826874, 1.4715396, 0.018015904, 0.4580104, -0.66928285, 0.58477545, 1595.1766, 1595.1766, 955.58734, 717.86835, , 
65587.732834666, 000565, -0.34747615, -0.10808791, 1.4694382, 0.026714655, 0.45029968, -0.66870123, 0.5910627, 1595.1766, 1595.1766, 955.58704, 717.86975, , 
65587.749503833, 000566, -0.35274786, -0.10792808, 1.4670569, 0.03544803, 0.44240725, -0.66791916, 0.59741384, 1595.1766, 1595.1766, 955.5867, 717.87103, , 
65587.782842458, 000567, -0.36428994, -0.1079662, 1.4617888, 0.053041887, 0.4263812, -0.6655368, 0.6102838, 1595.1766, 1595.1766, 955.5858, 717.8755, , 
65587.799511708, 000568, -0.37026808, -0.10816973, 1.4587749, 0.061975684, 0.41831037, -0.6639799, 0.6166897, 1595.1766, 1595.1766, 955.58594, 717.878, , 
65587.816180958, 000569, -0.37630874, -0.10850843, 1.4554775, 0.07090075, 0.41024393, -0.6622083, 0.6230195, 1595.1766, 1595.1766, 955.5862, 717.88074, , 
65587.832850041, 000570, -0.38212663, -0.109031156, 1.4513633, 0.07970132, 0.4020342, -0.66029644, 0.62930506, 1590.2057, 1590.2057, 955.58655, 717.88477, , 
65587.849519416, 000571, -0.38796738, -0.10964505, 1.4469017, 0.088386305, 0.39359865, -0.6583974, 0.6354375, 1590.2057, 1590.2057, 955.58655, 717.88745, , 
65587.866188666, 000572, -0.39398286, -0.11031892, 1.4424914, 0.09706698, 0.38511142, -0.6565319, 0.6412746, 1590.2057, 1590.2057, 955.5864, 717.8896, , 
65587.899527208, 000573, -0.40603334, -0.11197066, 1.4332833, 0.11478761, 0.36854604, -0.6527096, 0.6518956, 1592.4652, 1592.4652, 955.58795, 717.89355, , 
65587.916196375, 000574, -0.41203982, -0.11295494, 1.4284706, -0.123917624, -0.36055148, 0.6506375, -0.6567479, 1592.4652, 1592.4652, 955.5898, 717.895, , 
65587.932865625, 000575, -0.4180151, -0.11399989, 1.4232463, -0.13324822, -0.35271627, 0.64836264, -0.6614091, 1592.4652, 1592.4652, 955.59235, 717.89655, , 
65587.949534958, 000576, -0.42403114, -0.11513847, 1.4178551, -0.1426996, -0.3449849, 0.64585453, -0.6659535, 1592.4652, 1592.4652, 955.5967, 717.89886, , 
65587.96620425, 000577, -0.43009594, -0.11639163, 1.4124941, -0.15217428, -0.33743206, 0.64314234, -0.67033607, 1594.7247, 1594.7247, 955.6004, 717.9008, , 
65587.982873333, 000578, -0.43616983, -0.11772811, 1.4070274, -0.16167787, -0.33003405, 0.6403062, -0.6744967, 1594.7247, 1594.7247, 955.6047, 717.9028, , 
65588.016211958, 000579, -0.44831032, -0.12053518, 1.395592, -0.1808614, -0.31531677, 0.6345061, -0.68210447, 1595.1766, 1595.1766, 955.61584, 717.9064, , 
65588.032881166, 000580, -0.4541614, -0.122091234, 1.3892195, -0.19046672, -0.30800208, 0.63155127, -0.6855656, 1597.4362, 1597.4362, 955.62085, 717.9073, , 
65588.04955025, 000581, -0.46016866, -0.12365118, 1.3829833, -0.20005749, -0.30087844, 0.6284051, -0.6888804, 1596.9843, 1596.9843, 955.6283, 717.9085, , 
65588.066219625, 000582, -0.46625417, -0.1252601, 1.3766699, -0.20969133, -0.2938946, 0.6250593, -0.69206667, 1596.9843, 1596.9843, 955.63434, 717.90955, , 
65588.082888875, 000583, -0.47238702, -0.126881, 1.3701848, -0.21927194, -0.28682968, 0.62157667, -0.6951913, 1596.9843, 1596.9843, 955.6405, 717.9105, , 
65588.116227458, 000584, -0.48459572, -0.13002491, 1.3566546, -0.23751818, -0.27204818, 0.6143631, -0.7015219, 1599.2438, 1599.2438, 955.65295, 717.9131, , 
65588.132896541, 000585, -0.49039698, -0.13132776, 1.3494253, -0.2461234, -0.26437604, 0.61069024, -0.7046886, 1599.2438, 1599.2438, 955.6571, 717.9142, , 
65588.149565916, 000586, -0.49613136, -0.13258831, 1.342119, -0.2546174, -0.25676337, 0.6069588, -0.70770305, 1599.6957, 1599.6957, 955.66235, 717.9156, , 
65588.182904416, 000587, -0.5075638, -0.13516138, 1.3275635, -0.27138773, -0.24203025, 0.5992656, -0.7131975, 1601.9552, 1601.9552, 955.67126, 717.9175, , 
65588.199573583, 000588, -0.5131096, -0.13622066, 1.3200697, -0.2795024, -0.23433082, 0.59560466, -0.7156973, 1601.9552, 1601.9552, 955.67615, 717.9178, , 
65588.216242875, 000589, -0.5185166, -0.1370891, 1.3124111, -0.28743955, -0.22630717, 0.59212255, -0.71802115, 1601.9552, 1601.9552, 955.6786, 717.9172, , 
65588.249581416, 000590, -0.52898705, -0.13868548, 1.2975154, -0.30309457, -0.21040846, 0.58492, -0.72230923, 1604.2147, 1604.2147, 955.6833, 717.9155, , 
65588.266250666, 000591, -0.53414786, -0.1394217, 1.2897996, -0.31081665, -0.20296486, 0.58103406, -0.7242912, 1603.7628, 1603.7628, 955.68756, 717.9151, , 
65588.282919791, 000592, -0.53921676, -0.14008614, 1.2819839, -0.31836572, -0.19586799, 0.5771555, -0.7260651, 1603.7628, 1603.7628, 955.6914, 717.91486, , 
65588.316258416, 000593, -0.54895234, -0.140882, 1.2660838, -0.33246073, -0.18211488, 0.56988317, -0.7290659, 1608.2819, 1608.2819, 955.6991, 717.9132, , 
65588.332927666, 000594, -0.55359954, -0.14092392, 1.2579607, -0.33896875, -0.17520809, 0.5665088, -0.73039037, 1608.2819, 1608.2819, 955.7013, 717.9122, , 
65588.34959675, 000595, -0.5582365, -0.14100994, 1.2495568, -0.34506878, -0.16810155, 0.5632084, -0.7317552, 1608.2819, 1608.2819, 955.70245, 717.91113, , 
65588.382935375, 000596, -0.5673753, -0.14094853, 1.2320379, -0.35590342, -0.15296155, 0.5565566, -0.7349695, 1605.1185, 1605.1185, 955.70105, 717.9102, , 
65588.399604625, 000597, -0.5718718, -0.14079985, 1.2230676, -0.36089918, -0.14531018, 0.55302334, -0.7367509, 1605.1185, 1605.1185, 955.69965, 717.9108, , 
65588.416273958, 000598, -0.5762549, -0.140531, 1.2140653, -0.36584193, -0.137851, 0.5494298, -0.73843324, 1605.1185, 1605.1185, 955.6985, 717.91174, , 
65588.449612375, 000599, -0.58552355, -0.14004472, 1.1957921, -0.37533742, -0.12330869, 0.54264164, -0.74125355, 1605.1185, 1605.1185, 955.69617, 717.91296, , 
65588.466281625, 000600, -0.58936495, -0.13921393, 1.1865313, -0.3797285, -0.115838304, 0.53964114, -0.74241173, 1605.1185, 1605.1185, 955.694, 717.91284, , 
65588.482950916, 000601, -0.59288234, -0.13813007, 1.1771803, -0.38385892, -0.10824831, 0.5369949, -0.74335134, 1605.1185, 1605.1185, 955.68964, 717.91187, , 
65588.499620041, 000602, -0.5961182, -0.13686204, 1.1677607, -0.38784754, -0.10062618, 0.5346469, -0.74404395, 1605.1185, 1605.1185, 955.6855, 717.91034, , 
65588.532958583, 000603, -0.6031479, -0.13419619, 1.1485139, -0.39550593, -0.085856274, 0.53036475, -0.7449275, 1605.5704, 1605.5704, 955.67523, 717.9057, , 
65588.549627916, 000604, -0.6062413, -0.13287464, 1.1388326, -0.39918292, -0.078689694, 0.5282844, -0.74523586, 1605.5704, 1605.5704, 955.67096, 717.9037, , 
65588.566297125, 000605, -0.60894835, -0.13159359, 1.129114, -0.40277082, -0.07162999, 0.526231, -0.74547017, 1605.5704, 1605.5704, 955.66675, 717.9017, , 
65588.599635541, 000606, -0.6138027, -0.12926306, 1.1094273, -0.40963635, -0.057763547, 0.5222609, -0.74572444, 1605.5704, 1605.5704, 955.65656, 717.897, , 
65588.616304833, 000607, -0.6160656, -0.12828623, 1.0994312, -0.4130694, -0.051080238, 0.5201555, -0.74579, 1605.1185, 1605.1185, 955.6526, 717.8952, , 
65588.632974125, 000608, -0.6189263, -0.12788288, 1.0888084, -0.41658843, -0.044616602, 0.5179143, -0.7458072, 1605.1185, 1605.1185, 955.64825, 717.89294, , 
65588.649643291, 000609, -0.6216218, -0.12756608, 1.0781806, -0.42008677, -0.03846437, 0.51546997, -0.74588084, 1605.1185, 1605.1185, 955.6458, 717.89166, , 
65588.682981833, 000610, -0.62588525, -0.12674147, 1.0575609, -0.42665416, -0.02742221, 0.5100916, -0.74633825, 1605.1185, 1605.1185, 955.6432, 717.8912, , 
65588.699651125, 000611, -0.6276245, -0.12620746, 1.0473447, -0.42964792, -0.022156406, 0.5078399, -0.7463313, 1605.1185, 1605.1185, 955.6412, 717.8906, , 
65588.716320375, 000612, -0.62914646, -0.12551498, 1.0371207, -0.43237853, -0.016734835, 0.5061749, -0.74602664, 1605.1185, 1605.1185, 955.6383, 717.88904, , 
65588.749658833, 000613, -0.6324179, -0.12541735, 1.0163732, -0.43760967, -0.00688191, 0.5029221, -0.745332, 1605.1185, 1605.1185, 955.6314, 717.8848, , 
65588.766328, 000614, -0.63383436, -0.12496635, 1.0065194, -0.4408153, -0.0033153193, 0.50050867, -0.7450919, 1603.3109, 1603.3109, 955.63214, 717.88403, , 
65588.782997333, 000615, -0.6350412, -0.12436858, 0.9968952, -0.44443613, -0.0001442235, 0.49808082, -0.744575, 1602.859, 1602.859, 955.63446, 717.8827, , 
65588.799666416, 000616, -0.63595665, -0.123576716, 0.98737633, -0.4478979, 0.0034008883, 0.49620968, -0.7437418, 1602.859, 1602.859, 955.6359, 717.8792, , 
65588.833005, 000617, -0.6375489, -0.12126086, 0.96840924, -0.45327914, 0.012412311, 0.49386653, -0.74194324, 1601.0514, 1601.0514, 955.6313, 717.8727, , 
65588.849674333, 000618, -0.6382139, -0.12021677, 0.9591403, -0.45550495, 0.017143758, 0.49271172, -0.7412533, 1601.0514, 1601.0514, 955.6264, 717.8693, , 
65588.866343583, 000619, -0.63886386, -0.11936407, 0.95014226, -0.45760137, 0.021520028, 0.49136057, -0.7407447, 1601.0514, 1601.0514, 955.6234, 717.8676, , 
65588.899682041, 000620, -0.6402926, -0.11799128, 0.9330378, -0.46117222, 0.029353077, 0.488413, -0.74021035, 1598.34, 1598.34, 955.61816, 717.86597, , 
65588.91635125, 000621, -0.64104277, -0.117367424, 0.9250389, -0.46260774, 0.032873508, 0.48708537, -0.7400414, 1598.34, 1598.34, 955.61597, 717.8657, , 
65588.933020541, 000622, -0.64193547, -0.11609854, 0.9178848, -0.46399343, 0.036170088, 0.48584548, -0.73983514, 1598.7919, 1598.7919, 955.61395, 717.8655, , 
65588.949689666, 000623, -0.64275783, -0.115279645, 0.9108088, -0.46529528, 0.03927624, 0.48463055, -0.7396559, 1596.5323, 1596.5323, 955.61145, 717.86523, , 
65588.983028208, 000624, -0.6443987, -0.113988705, 0.8976599, -0.46758044, 0.044592436, 0.48244417, -0.7393427, 1596.5323, 1596.5323, 955.6085, 717.86505, , 
65588.9996975, 000625, -0.6451904, -0.11329876, 0.89176667, -0.46875405, 0.046725053, 0.48168516, -0.7389627, 1596.5323, 1596.5323, 955.60736, 717.8645, , 
65589.016366833, 000626, -0.6459475, -0.11250047, 0.8863155, -0.4701621, 0.048565622, 0.48118258, -0.73827654, 1594.2728, 1594.2728, 955.6061, 717.8622, , 
65589.049705125, 000627, -0.64702624, -0.11024372, 0.8798406, -0.4731125, 0.052026983, 0.4809507, -0.73630446, 1594.2728, 1594.2728, 955.60364, 717.8562, , 
65589.0663745, 000628, -0.64779675, -0.10916794, 0.8757575, -0.47383064, 0.053899534, 0.481189, -0.73555183, 1594.2728, 1594.2728, 955.6004, 717.8528, , 
65589.08304375, 000629, -0.6486836, -0.1080816, 0.8718452, -0.4740897, 0.055812083, 0.48156783, -0.7349941, 1591.5614, 1591.5614, 955.5971, 717.85095, , 
65589.116382166, 000630, -0.6508676, -0.10591811, 0.8650045, -0.4740447, 0.059160464, 0.48240998, -0.7342086, 1591.5614, 1591.5614, 955.58954, 717.84814, , 
65589.133051458, 000631, -0.651192, -0.104623914, 0.8672798, -0.47394967, 0.060083285, 0.4828749, -0.73388934, 1591.5614, 1591.5614, 955.5869, 717.8474, , 
65589.149720666, 000632, -0.6523021, -0.10353181, 0.86663127, -0.47346848, 0.06085789, 0.4834923, -0.73372954, 1587.4941, 1587.4941, 955.58435, 717.8469, , 
65589.166389791, 000633, -0.6536957, -0.102509186, 0.86530846, -0.47271407, 0.061667204, 0.48432076, -0.73360205, 1587.4941, 1587.4941, 955.58154, 717.84656, , 
65589.199728333, 000634, -0.6569155, -0.10064609, 0.8630015, -0.4708387, 0.06368473, 0.4861295, -0.7334394, 1587.4941, 1587.4941, 955.5733, 717.8458, , 
65589.216397625, 000635, -0.6587754, -0.099885285, 0.8623352, -0.4697784, 0.06467187, 0.48684534, -0.73355806, 1599.6957, 1599.6957, 955.56995, 717.84607, , 
65589.233066958, 000636, -0.65971947, -0.099057265, 0.8668374, -0.46882063, 0.06534948, 0.48728842, -0.73381644, 1599.6957, 1599.6957, 955.5661, 717.8474, , 
65589.266405333, 000637, -0.6638102, -0.09799609, 0.86951417, -0.46665266, 0.066653006, 0.48817837, -0.73448926, 1599.6957, 1599.6957, 955.5611, 717.85016, , 
65589.283074666, 000638, -0.6661897, -0.09753161, 0.8705861, -0.46563312, 0.06716045, 0.48896536, -0.7345666, 1599.6957, 1599.6957, 955.5576, 717.85077, , 
65589.299743875, 000639, -0.66870695, -0.09709345, 0.87197137, -0.46472073, 0.06737039, 0.4900016, -0.7344347, 1599.6957, 1599.6957, 955.55505, 717.85034, , 
65589.333082291, 000640, -0.6742263, -0.09687489, 0.88009375, -0.46318337, 0.06642316, 0.49214217, -0.7340608, 1599.6957, 1599.6957, 955.5511, 717.84845, , 
65589.349751583, 000641, -0.67730176, -0.096837774, 0.8840368, -0.4622784, 0.06543965, 0.49315685, -0.7340386, 1599.6957, 1599.6957, 955.5502, 717.84796, , 
65589.366420833, 000642, -0.6805264, -0.096733466, 0.88746303, -0.4611874, 0.06433672, 0.49427468, -0.7340705, 1599.6957, 1599.6957, 955.5493, 717.8478, , 
65589.39975925, 000643, -0.68716115, -0.09631326, 0.8946542, -0.45857725, 0.062580906, 0.49726397, -0.7338386, 1599.6957, 1599.6957, 955.54553, 717.8461, , 
65589.416428541, 000644, -0.69054824, -0.09601248, 0.898695, -0.45707533, 0.061855756, 0.49920502, -0.73351914, 1599.6957, 1599.6957, 955.5427, 717.84467, , 
65589.433097791, 000645, -0.69402504, -0.09569563, 0.90307695, -0.4553893, 0.061101265, 0.50137514, -0.7331509, 1599.6957, 1599.6957, 955.5384, 717.8423, , 
65589.449767041, 000646, -0.69746584, -0.09608877, 0.9107849, -0.45362058, 0.06016541, 0.50361115, -0.7327921, 1599.6957, 1599.6957, 955.53516, 717.8406, , 
65589.4831055, 000647, -0.70497745, -0.09612586, 0.92334914, -0.4497109, 0.057625458, 0.5081825, -0.7322499, 1599.6957, 1599.6957, 955.5289, 717.83765, , 
65589.49977475, 000648, -0.7089555, -0.096015826, 0.9294068, -0.44795603, 0.055885058, 0.51036483, -0.7319426, 1599.6957, 1599.6957, 955.52606, 717.8355, , 
65589.516444041, 000649, -0.71303046, -0.09590107, 0.93570685, -0.44630915, 0.05394476, 0.5124906, -0.7316088, 1599.6957, 1599.6957, 955.5245, 717.8337, , 
65589.549782458, 000650, -0.72110385, -0.09512641, 0.95019025, -0.44312245, 0.05029995, 0.51674205, -0.73081464, 1599.6957, 1599.6957, 955.5206, 717.82886, , 
65589.566451708, 000651, -0.72524726, -0.09499298, 0.9572101, -0.4415631, 0.048732683, 0.51898915, -0.7302722, 1600.1476, 1600.1476, 955.5187, 717.8265, , 
65589.583120958, 000652, -0.7294585, -0.09493508, 0.96436286, -0.44007608, 0.04720146, 0.5211984, -0.7296967, 1600.1476, 1600.1476, 955.51654, 717.8239, , 
65589.616459333, 000653, -0.7382648, -0.09504362, 0.9792199, -0.43720946, 0.043787032, 0.525248, -0.7287284, 1600.1476, 1600.1476, 955.5128, 717.8186, , 
65589.633128666, 000654, -0.7430488, -0.09550291, 0.98735714, -0.43590355, 0.04165425, 0.52691776, -0.72843033, 1599.6957, 1599.6957, 955.51227, 717.8169, , 
65589.649797916, 000655, -0.74788994, -0.0958124, 0.99538875, -0.4347933, 0.03913187, 0.52840936, -0.7281531, 1600.1476, 1600.1476, 955.5127, 717.815, , 
65589.683136458, 000656, -0.75769347, -0.09612285, 1.0116874, -0.43364152, 0.03331167, 0.5310697, -0.7271935, 1599.6957, 1599.6957, 955.516, 717.81104, , 
65589.699805583, 000657, -0.76258934, -0.096123256, 1.0199231, -0.43359667, 0.030277412, 0.53222126, -0.72651064, 1599.6957, 1599.6957, 955.51935, 717.80756, , 
65589.716474875, 000658, -0.7674638, -0.09600487, 1.0281159, -0.4337272, 0.027497804, 0.53329074, -0.7257586, 1599.6957, 1599.6957, 955.52203, 717.80475, , 
65589.749813458, 000659, -0.77832955, -0.09606755, 1.0445555, -0.43347028, 0.023057714, 0.535214, -0.72465014, 1599.6957, 1599.6957, 955.5259, 717.7999, , 
65589.766482541, 000660, -0.7834815, -0.095877595, 1.0524926, -0.4328754, 0.021027075, 0.53587997, -0.72457534, 1599.6957, 1599.6957, 955.5277, 717.79895, , 
65589.783151833, 000661, -0.7886723, -0.09571476, 1.060438, -0.43205234, 0.018662196, 0.53624964, -0.7248578, 1599.6957, 1599.6957, 955.5296, 717.7995, , 
65589.799821041, 000662, -0.7938583, -0.0955749, 1.0684403, -0.4311184, 0.015765807, 0.53640723, -0.7253658, 1599.6957, 1599.6957, 955.5322, 717.8011, , 
65589.833159625, 000663, -0.8038148, -0.09486535, 1.0843923, -0.42908767, 0.010333316, 0.5371002, -0.72615445, 1599.6957, 1599.6957, 955.53864, 717.8047, , 
65589.849828791, 000664, -0.8082642, -0.09429066, 1.0919775, -0.42783648, 0.008696663, 0.53819245, -0.7261055, 1599.6957, 1599.6957, 955.5391, 717.80475, , 
65589.866498, 000665, -0.8123862, -0.093612686, 1.0992573, -0.42640173, 0.007826473, 0.53976786, -0.7257899, 1599.6957, 1599.6957, 955.5369, 717.8033, , 
65589.883167291, 000666, -0.81635565, -0.09292175, 1.1063361, -0.42485762, 0.0073544784, 0.5414921, -0.7254158, 1599.6957, 1599.6957, 955.5341, 717.8017, , 
65589.916505666, 000667, -0.82440823, -0.091846064, 1.1202426, -0.42184982, 0.006006725, 0.544121, -0.7252164, 1599.6957, 1599.6957, 955.5295, 717.8, , 
65589.933174958, 000668, -0.82841, -0.09182675, 1.1263808, -0.42045355, 0.0048463442, 0.5447623, -0.72555447, 1599.6957, 1599.6957, 955.52844, 717.80084, , 
65589.94984425, 000669, -0.8325781, -0.09163385, 1.1328614, -0.41907874, 0.0037083498, 0.54528844, -0.7259612, 1599.6957, 1599.6957, 955.5282, 717.8021, , 
65589.983182791, 000670, -0.8409548, -0.091108665, 1.1459, -0.41563633, 0.00127588, 0.5467481, -0.7268503, 1599.6957, 1599.6957, 955.5263, 717.8055, , 
65589.999851916, 000671, -0.8451644, -0.090869635, 1.152395, -0.41374418, -0.00040266218, 0.5475978, -0.72729087, 1599.6957, 1599.6957, 955.52576, 717.807, , 
65590.016521208, 000672, -0.8494441, -0.09068448, 1.1589024, -0.4120146, -0.0026053025, 0.5483351, -0.72771275, 1599.6957, 1599.6957, 955.5259, 717.8085, , 
65590.033190375, 000673, -0.85397744, -0.09103669, 1.166155, -0.41040388, -0.0053899484, 0.5489548, -0.7281401, 1599.6957, 1599.6957, 955.52747, 717.81067, , 
65590.066528833, 000674, -0.86305344, -0.0911136, 1.1795719, -0.40735433, -0.011593652, 0.55010295, -0.7289135, 1599.6957, 1599.6957, 955.5317, 717.814, , 
65590.083198083, 000675, -0.8676501, -0.09109347, 1.1860453, -0.40606126, -0.014459824, 0.5507159, -0.7291208, 1599.6957, 1599.6957, 955.5345, 717.8156, , 
65590.099867416, 000676, -0.8722915, -0.091075234, 1.1923963, -0.4048869, -0.016909717, 0.5513899, -0.7292117, 1599.6957, 1599.6957, 955.53595, 717.8163, , 
65590.133205958, 000677, -0.8820113, -0.09121597, 1.2050968, -0.4019776, -0.020860946, 0.55305785, -0.7294559, 1599.6957, 1599.6957, 955.5371, 717.81744, , 
65590.149875041, 000678, -0.8870255, -0.091382384, 1.2113879, -0.40023488, -0.02275676, 0.5539432, -0.7296856, 1599.6957, 1599.6957, 955.537, 717.81836, , 
65590.166544333, 000679, -0.8921698, -0.09161172, 1.2176566, -0.3983671, -0.024748228, 0.5548187, -0.72997767, 1599.6957, 1599.6957, 955.5369, 717.8195, , 
65590.183213583, 000680, -0.8974634, -0.09187072, 1.2239105, -0.39647704, -0.026709782, 0.55573994, -0.7302367, 1599.6957, 1599.6957, 955.5367, 717.821, , 
65590.216552, 000681, -0.9084359, -0.092328236, 1.2364746, -0.39248598, -0.030397484, 0.55810755, -0.7304428, 1599.6957, 1599.6957, 955.53516, 717.8224, , 
65590.233221291, 000682, -0.9142486, -0.09251431, 1.2423676, -0.390356, -0.03207616, 0.5595903, -0.73037803, 1599.6957, 1599.6957, 955.5339, 717.82227, , 
65590.249890541, 000683, -0.9200537, -0.092633985, 1.2485615, -0.38821265, -0.03364335, 0.5612134, -0.73020446, 1599.6957, 1599.6957, 955.5317, 717.8217, , 
65590.283229125, 000684, -0.9318147, -0.09268528, 1.2613635, -0.38373408, -0.036751065, 0.56492484, -0.7295598, 1599.6957, 1599.6957, 955.52734, 717.81976, , 
65590.299898166, 000685, -0.9377798, -0.09264884, 1.267863, -0.38152224, -0.03833298, 0.56695396, -0.72906417, 1599.6957, 1599.6957, 955.52435, 717.81775, , 
65590.316567458, 000686, -0.9437701, -0.092573054, 1.2743988, -0.37929347, -0.03994341, 0.56911296, -0.72845817, 1599.6957, 1599.6957, 955.52203, 717.81573, , 
65590.333236666, 000687, -0.9502159, -0.09275447, 1.2808672, -0.37672448, -0.041521918, 0.57143015, -0.7278888, 1599.6957, 1599.6957, 955.51935, 717.8136, , 
65590.366575125, 000688, -0.9622628, -0.092406616, 1.2938423, -0.37012312, -0.04387978, 0.5767758, -0.7269202, 1599.6957, 1599.6957, 955.5096, 717.809, , 
65590.383244375, 000689, -0.9682568, -0.09213102, 1.3004538, -0.36598152, -0.0450852, 0.57936776, -0.7268823, 1599.6957, 1599.6957, 955.5042, 717.8083, , 
65590.399913625, 000690, -0.9742908, -0.09185536, 1.3073062, -0.36192062, -0.04689354, 0.58152187, -0.7270809, 1599.6957, 1599.6957, 955.49854, 717.809, , 
65590.433252166, 000691, -0.98616046, -0.09076014, 1.3215952, -0.35625726, -0.05144497, 0.58539313, -0.7264634, 1599.6957, 1599.6957, 955.49457, 717.8085, , 
65590.449921333, 000692, -0.9917483, -0.08982969, 1.3286726, -0.35455337, -0.05317125, 0.5876666, -0.72533625, 1599.6957, 1599.6957, 955.4926, 717.80414, , 
65590.466590625, 000693, -0.9971246, -0.08865359, 1.3354942, -0.35297495, -0.053927194, 0.59033793, -0.72387964, 1599.6957, 1599.6957, 955.4898, 717.7992, , 
65590.499929125, 000694, -1.0078574, -0.08579838, 1.3487027, -0.34865966, -0.0538489, 0.5963664, -0.72102976, 1600.1476, 1600.1476, 955.4789, 717.7865, , 
65590.51659825, 000695, -1.0135622, -0.08430785, 1.3554258, -0.34567964, -0.054338876, 0.5991194, -0.72014505, 1600.1476, 1600.1476, 955.4741, 717.78284, , 
65590.5332675, 000696, -1.0184836, -0.082962714, 1.3618695, -0.3424602, -0.056180496, 0.60112625, -0.7198694, 1599.6957, 1599.6957, 955.4709, 717.7815, , 
65590.54993675, 000697, -1.0244075, -0.08174816, 1.3690394, -0.33933333, -0.059792023, 0.6021013, -0.7202442, 1599.6957, 1599.6957, 955.4704, 717.78296, , 
65590.583275208, 000698, -1.0366751, -0.07923253, 1.3838698, -0.33381432, -0.069283605, 0.60269344, -0.7214766, 1600.1476, 1600.1476, 955.4763, 717.79175, , 
65590.599944458, 000699, -1.0423536, -0.07761176, 1.3909569, -0.3311135, -0.07317717, 0.6036313, -0.72155267, 1600.1476, 1600.1476, 955.4782, 717.79407, , 
65590.616613708, 000700, -1.0476111, -0.07572401, 1.3976337, -0.32822797, -0.07579522, 0.6053294, -0.7211781, 1600.1476, 1600.1476, 955.4776, 717.7941, , 
65590.633282958, 000701, -1.0524304, -0.07392082, 1.4045064, -0.3250383, -0.07730439, 0.60763156, -0.7205262, 1599.6957, 1599.6957, 955.4748, 717.7925, , 
65590.666621333, 000702, -1.0619386, -0.07036839, 1.416819, -0.31825003, -0.078886904, 0.6120157, -0.7196739, 1599.6957, 1599.6957, 955.465, 717.7886, , 
65590.683290625, 000703, -1.0668442, -0.06897952, 1.4229214, -0.31471905, -0.079959065, 0.61352646, -0.71982205, 1599.6957, 1599.6957, 955.4614, 717.78894, , 
65590.699959916, 000704, -1.0718822, -0.06789419, 1.4291337, -0.31119224, -0.08150687, 0.6145586, -0.72030115, 1599.6957, 1599.6957, 955.4587, 717.7906, , 
65590.733298458, 000705, -1.0812134, -0.06633006, 1.441256, -0.3049634, -0.08574334, 0.6157864, -0.7214239, 1600.1476, 1600.1476, 955.4555, 717.7969, , 
65590.749967583, 000706, -1.0860138, -0.06582459, 1.4474965, -0.3025632, -0.088172525, 0.6162192, -0.72177213, 1600.1476, 1600.1476, 955.4554, 717.7992, , 
65590.766636875, 000707, -1.0909216, -0.06547005, 1.4538976, -0.30051884, -0.090620525, 0.6166758, -0.72193307, 1600.1476, 1600.1476, 955.4559, 717.8011, , 
65590.783306083, 000708, -1.0958072, -0.06522914, 1.4603232, -0.29887718, -0.092905104, 0.61716175, -0.721909, 1600.1476, 1600.1476, 955.45667, 717.8026, , 
65590.8166445, 000709, -1.1055329, -0.06515551, 1.4731333, -0.29679394, -0.09663125, 0.61787075, -0.7216727, 1599.6957, 1599.6957, 955.4582, 717.80365, , 
65590.83331375, 000710, -1.1104854, -0.06523749, 1.4804633, -0.2963539, -0.09823816, 0.61794263, -0.721575, 1599.6957, 1599.6957, 955.45996, 717.8043, , 
65590.849983, 000711, -1.1154252, -0.065597564, 1.4872507, -0.29630917, -0.099565655, 0.61775184, -0.7215747, 1599.6957, 1599.6957, 955.46155, 717.80505, , 
65590.883321416, 000712, -1.1254401, -0.06687866, 1.500192, -0.29699367, -0.10047684, 0.6166035, -0.7221491, 1599.6957, 1599.6957, 955.4647, 717.80786, , 
65590.899990708, 000713, -1.1305418, -0.067769825, 1.5065223, -0.29732588, -0.1001588, 0.6157195, -0.72281045, 1599.6957, 1599.6957, 955.4654, 717.80994, , 
65590.916659958, 000714, -1.135682, -0.06883103, 1.5129023, -0.29743105, -0.0997278, 0.61474144, -0.72365874, 1599.6957, 1599.6957, 955.46576, 717.81256, , 
65590.949998458, 000715, -1.1453116, -0.07207624, 1.526251, -0.2969852, -0.09943266, 0.6127803, -0.72554344, 1599.6957, 1599.6957, 955.46655, 717.82, , 
65590.966667625, 000716, -1.1504738, -0.07366541, 1.5331185, -0.29665235, -0.09963049, 0.6118098, -0.7264708, 1599.6957, 1599.6957, 955.46716, 717.8235, , 
65590.983336875, 000717, -1.1557095, -0.07530752, 1.5402378, -0.29639015, -0.10011746, 0.6109002, -0.7272759, 1599.6957, 1599.6957, 955.4681, 717.8268, , 
65591.016675416, 000718, -1.1662838, -0.07856414, 1.5551511, -0.2968097, -0.10126692, 0.6094609, -0.7281527, 1599.6957, 1599.6957, 955.4713, 717.832, , 
65591.033344458, 000719, -1.1708555, -0.08021078, 1.5629501, -0.2974861, -0.10154784, 0.6089495, -0.7282654, 1599.6957, 1599.6957, 955.47296, 717.83295, , 
65591.066683083, 000720, -1.1811732, -0.08321166, 1.5785879, -0.29821217, -0.10134987, 0.6082562, -0.7285754, 1599.6957, 1599.6957, 955.47473, 717.8343, , 
65591.083352375, 000721, -1.186448, -0.0845797, 1.5865548, -0.29814944, -0.10114534, 0.60805815, -0.7287948, 1599.6957, 1599.6957, 955.47473, 717.83484, , 
65591.100021625, 000722, -1.1917137, -0.08582662, 1.5945944, -0.29807296, -0.100797, 0.60788727, -0.7290168, 1599.6957, 1599.6957, 955.47424, 717.8357, , 
65591.13336, 000723, -1.2011131, -0.088528685, 1.6099824, -0.2980883, -0.098529644, 0.60804254, -0.72919106, 1599.6957, 1599.6957, 955.47205, 717.8356, , 
65591.15002925, 000724, -1.2057273, -0.0891079, 1.6177202, -0.2982982, -0.09611867, 0.6086826, -0.7288929, 1599.6957, 1599.6957, 955.4681, 717.833, , 
65591.1666985, 000725, -1.2101805, -0.089255504, 1.6254132, -0.29912812, -0.09292663, 0.60949796, -0.72828513, 1599.6957, 1599.6957, 955.4645, 717.82935, , 
65591.200036916, 000726, -1.2183387, -0.088585354, 1.6405407, -0.303539, -0.08529773, 0.6109013, -0.7262148, 1600.1476, 1600.1476, 955.4587, 717.8193, , 
65591.216706166, 000727, -1.2212985, -0.08780956, 1.6473925, -0.30635622, -0.08011175, 0.61235315, -0.7243973, 1600.1476, 1600.1476, 955.45355, 717.80884, , 
65591.250044666, 000728, -1.2263097, -0.08520884, 1.6614676, -0.31050768, -0.071088664, 0.6169322, -0.7196707, 1599.6957, 1599.6957, 955.4438, 717.78864, , 
65591.26671375, 000729, -1.2289493, -0.08354836, 1.6690043, -0.3121556, -0.06834655, 0.6192545, -0.71722484, 1599.6957, 1599.6957, 955.4393, 717.77563, , 
65591.300052333, 000730, -1.2340571, -0.08010105, 1.6840338, -0.3151025, -0.06531178, 0.6236301, -0.7124116, 1599.6957, 1599.6957, 955.4357, 717.7577, , 
65591.316721541, 000731, -1.2363594, -0.07868164, 1.6913207, -0.31697816, -0.0648654, 0.62571144, -0.7097905, 1599.6957, 1599.6957, 955.43555, 717.74554, , 
65591.333390666, 000732, -1.2387494, -0.077444084, 1.698588, -0.31963116, -0.06527208, 0.62733144, -0.70712847, 1599.6957, 1599.6957, 955.4376, 717.73663, , 
65591.350060041, 000733, -1.2415342, -0.076138735, 1.7059947, -0.32234868, -0.06615212, 0.62847304, -0.70479554, 1599.6957, 1599.6957, 955.44086, 717.72864, , 
65591.3833985, 000734, -1.2482189, -0.074321344, 1.7202109, -0.3262056, -0.06756424, 0.62920463, -0.70222956, 1600.1476, 1600.1476, 955.44794, 717.71747, , 
65591.400067708, 000735, -1.2521558, -0.073981434, 1.7270504, -0.32652968, -0.06878778, 0.6288888, -0.7022432, 1600.1476, 1600.1476, 955.4501, 717.7172, , 
65591.416736916, 000736, -1.2561339, -0.07389187, 1.7333794, -0.32581565, -0.070914194, 0.62857175, -0.70264703, 1600.1476, 1600.1476, 955.4525, 717.7198, , 
65591.433406208, 000737, -1.2601491, -0.073894635, 1.7395232, -0.32496825, -0.073638305, 0.62825084, -0.70304614, 1599.6957, 1599.6957, 955.45496, 717.72235, , 
65591.46674475, 000738, -1.2683742, -0.073730335, 1.7520984, -0.32390898, -0.07867066, 0.6278027, -0.7033901, 1599.6957, 1599.6957, 955.4605, 717.7261, , 
65591.483413791, 000739, -1.272376, -0.073517784, 1.7580392, -0.32305238, -0.08026358, 0.62789804, -0.703519, 1599.6957, 1599.6957, 955.4623, 717.72766, , 
65591.500083083, 000740, -1.2763537, -0.07327611, 1.7637621, -0.32181922, -0.081378415, 0.6281011, -0.7037748, 1599.6957, 1599.6957, 955.4624, 717.7289, , 
65591.516752375, 000741, -1.2801702, -0.07315041, 1.769351, -0.32037762, -0.08207911, 0.6282468, -0.704221, 1599.6957, 1599.6957, 955.4617, 717.73047, , 
65591.550090916, 000742, -1.2880411, -0.07282154, 1.7800552, -0.31758305, -0.08244683, 0.6283356, -0.70536363, 1599.6957, 1599.6957, 955.45886, 717.73505, , 
65591.56676, 000743, -1.292117, -0.07241517, 1.7852482, -0.3158746, -0.082250215, 0.62881666, -0.70572495, 1599.6957, 1599.6957, 955.4568, 717.7362, , 
65591.583429291, 000744, -1.2962587, -0.071920305, 1.7903204, -0.3138984, -0.081759, 0.62955374, -0.7060066, 1600.1476, 1600.1476, 955.4528, 717.73694, , 
65591.616767791, 000745, -1.3049963, -0.07102545, 1.8003571, -0.3089393, -0.080690734, 0.63118124, -0.70686334, 1600.1476, 1600.1476, 955.44543, 717.7385, , 
65591.633436875, 000746, -1.3097768, -0.070784986, 1.8061719, -0.30625793, -0.08056929, 0.63195354, -0.70735383, 1600.1476, 1600.1476, 955.44073, 717.7405, , 
65591.650106166, 000747, -1.3143879, -0.070364565, 1.8115758, -0.3040539, -0.080493286, 0.6328437, -0.70751745, 1599.6957, 1599.6957, 955.43774, 717.74115, , 
65591.683444708, 000748, -1.3231142, -0.06901179, 1.8223193, -0.30097902, -0.08037118, 0.6356906, -0.70629275, 1599.6957, 1599.6957, 955.43225, 717.73645, , 
65591.700114, 000749, -1.3273048, -0.06816714, 1.8277011, -0.29964668, -0.080145985, 0.63756764, -0.7051921, 1599.6957, 1599.6957, 955.42993, 717.7325, , 
65591.733452375, 000750, -1.33618, -0.0669886, 1.8406717, -0.29655024, -0.07941214, 0.64131445, -0.7031837, 1600.1476, 1600.1476, 955.42365, 717.72345, , 
65591.750121583, 000751, -1.340865, -0.06654425, 1.84647, -0.29484823, -0.07909787, 0.64290506, -0.70248216, 1600.1476, 1600.1476, 955.421, 717.72064, , 
65591.766790833, 000752, -1.3457904, -0.06623904, 1.8520962, -0.29266658, -0.07908061, 0.64431936, -0.7021005, 1600.1476, 1600.1476, 955.41833, 717.7187, , 
65591.800129208, 000753, -1.3563502, -0.06611848, 1.8637002, -0.28635952, -0.081382826, 0.6465093, -0.702425, 1599.6957, 1599.6957, 955.4126, 717.71967, , 
65591.8167985, 000754, -1.3618689, -0.06634261, 1.8705437, -0.28281352, -0.08297693, 0.64736575, -0.70288604, 1599.6957, 1599.6957, 955.4105, 717.7217, , 
65591.850137041, 000755, -1.3725475, -0.06669236, 1.8838351, -0.27563995, -0.08578221, 0.6495573, -0.70337707, 1600.1476, 1600.1476, 955.40485, 717.7248, , 
65591.866806125, 000756, -1.3776479, -0.066750534, 1.8899808, -0.27272108, -0.087377734, 0.6508512, -0.7031224, 1600.1476, 1600.1476, 955.40295, 717.7247, , 
65591.883475375, 000757, -1.3826226, -0.06676416, 1.8961751, -0.27049953, -0.0891041, 0.65224344, -0.7024734, 1600.1476, 1600.1476, 955.40204, 717.7236, , 
65591.916813958, 000758, -1.3923459, -0.06654223, 1.9088062, -0.26804844, -0.09192659, 0.6552167, -0.7002789, 1600.1476, 1600.1476, 955.4015, 717.7169, , 
65591.933483083, 000759, -1.3972015, -0.066314936, 1.9154025, -0.26740733, -0.09330095, 0.6567031, -0.6989487, 1600.1476, 1600.1476, 955.4017, 717.71313, , 
65591.950152291, 000760, -1.4021881, -0.06624314, 1.9220045, -0.267018, -0.0951871, 0.657946, -0.69767314, 1600.1476, 1600.1476, 955.4027, 717.7095, , 
65591.983490875, 000761, -1.4123904, -0.06641351, 1.9356573, -0.2659424, -0.10120979, 0.6592364, -0.69601625, 1599.6957, 1599.6957, 955.40796, 717.70544, , 
65592.000159958, 000762, -1.4172904, -0.0663907, 1.9423184, -0.26524693, -0.10422942, 0.6596895, -0.6954064, 1599.6957, 1599.6957, 955.4105, 717.70514, , 
65592.016829166, 000763, -1.4221976, -0.06623684, 1.948832, -0.26467383, -0.10647469, 0.66033554, -0.6946711, 1599.6957, 1599.6957, 955.4131, 717.704, , 
65592.050167708, 000764, -1.4310629, -0.06558547, 1.9606665, -0.2634834, -0.10887389, 0.6617802, -0.69337577, 1600.1476, 1600.1476, 955.41473, 717.70074, , 
65592.066837, 000765, -1.4350284, -0.06529255, 1.9660889, -0.26233593, -0.10938987, 0.6621656, -0.6933616, 1599.6957, 1599.6957, 955.414, 717.7005, , 
65592.083506125, 000766, -1.4387983, -0.06508228, 1.9714472, -0.26083827, -0.10963325, 0.6623899, -0.6936739, 1599.6957, 1599.6957, 955.4127, 717.7014, , 
65592.116844625, 000767, -1.4458195, -0.06491624, 1.982663, -0.25770953, -0.11089613, 0.6624925, -0.6945441, 1599.6957, 1599.6957, 955.41016, 717.7052, , 
65592.133513916, 000768, -1.4496975, -0.06573395, 1.9899281, -0.2562122, -0.11259804, 0.66233534, -0.69497395, 1599.6957, 1599.6957, 955.41016, 717.70746, , 
65592.150183166, 000769, -1.4530222, -0.06607734, 1.9966675, -0.2547059, -0.11477175, 0.662116, -0.695381, 1599.6957, 1599.6957, 955.41077, 717.71, , 
65592.1835215, 000770, -1.458654, -0.06623948, 2.0100129, -0.2520769, -0.11939391, 0.6619701, -0.6956996, 1599.6957, 1599.6957, 955.4132, 717.71497, , 
65592.200190833, 000771, -1.4610342, -0.06615044, 2.0166907, -0.25104147, -0.121142365, 0.6621779, -0.6955739, 1600.1476, 1600.1476, 955.4141, 717.7159, , 
65592.216860083, 000772, -1.4631034, -0.06629434, 2.0232155, -0.2501009, -0.122312054, 0.66246676, -0.695433, 1600.1476, 1600.1476, 955.4146, 717.7161, , 
65592.250198375, 000773, -1.4669812, -0.06676824, 2.0365207, -0.24795802, -0.12354622, 0.66259515, -0.69585973, 1600.1476, 1600.1476, 955.4139, 717.71783, , 
65592.266867666, 000774, -1.4689195, -0.06705076, 2.043517, -0.24652535, -0.123974726, 0.66230863, -0.6965651, 1599.6957, 1599.6957, 955.41296, 717.72, , 
65592.283537, 000775, -1.4708195, -0.067431234, 2.0507505, -0.24498548, -0.12448188, 0.66184455, -0.6974584, 1599.6957, 1599.6957, 955.41156, 717.7241, , 
65592.316875333, 000776, -1.4743445, -0.06838696, 2.065812, -0.24185084, -0.12576292, 0.6606829, -0.69942117, 1599.6957, 1599.6957, 955.40985, 717.7313, , 
65592.333544625, 000777, -1.4760003, -0.06900295, 2.073128, -0.24011561, -0.12608914, 0.66014296, -0.7004694, 1599.6957, 1599.6957, 955.40845, 717.73615, , 
65592.350213875, 000778, -1.4774581, -0.06950244, 2.0806782, -0.23815285, -0.1261154, 0.6597388, -0.7015146, 1599.6957, 1599.6957, 955.4067, 717.7396, , 
65592.383552208, 000779, -1.4800049, -0.07035669, 2.0961761, -0.23417856, -0.12563659, 0.65924037, -0.7034046, 1600.1476, 1600.1476, 955.40155, 717.7465, , 
65592.400221458, 000780, -1.4811555, -0.07077438, 2.1041517, -0.23248914, -0.12540802, 0.6590217, -0.7042102, 1600.1476, 1600.1476, 955.3997, 717.7491, , 
65592.416890666, 000781, -1.4822018, -0.07114619, 2.1121955, -0.23117724, -0.1249551, 0.65889245, -0.7048432, 1600.1476, 1600.1476, 955.39795, 717.75116, , 
65592.450229125, 000782, -1.4856718, -0.07104114, 2.1290753, -0.2296294, -0.122617334, 0.659155, -0.70551395, 1600.1476, 1600.1476, 955.3937, 717.7523, , 
65592.466898375, 000783, -1.486598, -0.071001634, 2.137286, -0.2292472, -0.121096276, 0.65932757, -0.70573974, 1600.1476, 1600.1476, 955.3916, 717.75183, , 
65592.483567583, 000784, -1.4874632, -0.07095627, 2.1455755, -0.22908661, -0.119878, 0.65916455, -0.706152, 1600.1476, 1600.1476, 955.3897, 717.75244, , 
65592.516906166, 000785, -1.4891617, -0.070644215, 2.1620123, -0.23014456, -0.11760915, 0.6583192, -0.70697767, 1599.6957, 1599.6957, 955.38855, 717.75397, , 
65592.533575291, 000786, -1.49067, -0.07075564, 2.1703393, -0.2314276, -0.11670254, 0.6577964, -0.70719564, 1599.6957, 1599.6957, 955.3888, 717.7543, , 
65592.5502445, 000787, -1.4917566, -0.070527114, 2.178529, -0.23295338, -0.11630469, 0.65719485, -0.70731944, 1600.1476, 1600.1476, 955.3901, 717.75464, , 
65592.583583, 000788, -1.4934665, -0.06973264, 2.1945662, -0.23562174, -0.116659366, 0.65613717, -0.70735914, 1600.1476, 1600.1476, 955.3933, 717.75525, , 
65592.600252125, 000789, -1.49409, -0.069239415, 2.2023084, -0.23665933, -0.11693478, 0.6559378, -0.7071522, 1600.1476, 1600.1476, 955.3951, 717.75494, , 
65592.633590708, 000790, -1.4950775, -0.06856322, 2.216471, -0.23851947, -0.116915174, 0.6557968, -0.706661, 1600.1476, 1600.1476, 955.39716, 717.7534, , 
65592.650259958, 000791, -1.4954075, -0.06819877, 2.2232573, -0.23914815, -0.11638653, 0.65592587, -0.7064161, 1600.1476, 1600.1476, 955.3975, 717.75195, , 
65592.666929208, 000792, -1.4957114, -0.06784106, 2.2299385, -0.23970117, -0.11558185, 0.65609324, -0.70620525, 1600.1476, 1600.1476, 955.39716, 717.7507, , 
65592.700267583, 000793, -1.4966819, -0.067578696, 2.2432556, -0.24027589, -0.114880584, 0.65586054, -0.70634055, 1600.1476, 1600.1476, 955.3968, 717.7499, , 
65592.716936833, 000794, -1.4974464, -0.06776861, 2.2499993, -0.2400478, -0.115504205, 0.65516526, -0.70696133, 1600.1476, 1600.1476, 955.3975, 717.75244, , 
65592.733606125, 000795, -1.4978831, -0.06880558, 2.2563012, -0.23943658, -0.11657024, 0.6542265, -0.70786244, 1600.1476, 1600.1476, 955.3983, 717.7559, , 
65592.7669445, 000796, -1.4990275, -0.070058174, 2.2692342, -0.23734036, -0.11915288, 0.65280634, -0.7094476, 1600.1476, 1600.1476, 955.3997, 717.76434, , 
65592.78361375, 000797, -1.4995722, -0.070296556, 2.2757204, -0.23653454, -0.1202936, 0.6525683, -0.7097432, 1600.1476, 1600.1476, 955.4001, 717.7663, , 
65592.81695225, 000798, -1.500566, -0.07066944, 2.2887998, -0.23625246, -0.12296528, 0.6524515, -0.70948654, 1600.1476, 1600.1476, 955.40265, 717.76776, , 
65592.833621333, 000799, -1.5005587, -0.0709266, 2.2947068, -0.2362394, -0.124849774, 0.65268666, -0.7089454, 1600.1476, 1600.1476, 955.4045, 717.76733, , 
65592.850290625, 000800, -1.5006086, -0.071133465, 2.3009858, -0.23611231, -0.12686507, 0.6531805, -0.7081748, 1599.6957, 1599.6957, 955.4064, 717.7663, , 
65592.883629166, 000801, -1.501083, -0.07149853, 2.31439, -0.23542322, -0.13070773, 0.65459496, -0.7063971, 1599.6957, 1599.6957, 955.4097, 717.7624, , 
65592.900298208, 000802, -1.501437, -0.07177103, 2.3212817, -0.23454835, -0.13287161, 0.65537196, -0.7055634, 1599.6957, 1599.6957, 955.4109, 717.7609, , 
65592.9169675, 000803, -1.5015883, -0.0719298, 2.3272016, -0.23298338, -0.13536413, 0.6561828, -0.7048542, 1599.6957, 1599.6957, 955.4122, 717.7597, , 
65592.950306, 000804, -1.5024917, -0.07267284, 2.339658, -0.22831197, -0.14097704, 0.6574226, -0.7041269, 1599.6957, 1599.6957, 955.4131, 717.7607, , 
65592.96697525, 000805, -1.5034198, -0.073359534, 2.346755, -0.22570945, -0.14428289, 0.65776503, -0.7039764, 1599.6957, 1599.6957, 955.4139, 717.76294, , 
65593.000313625, 000806, -1.5055634, -0.07492453, 2.3615587, -0.22045065, -0.1518402, 0.6583917, -0.7034674, 1600.1476, 1600.1476, 955.41644, 717.767, , 
65593.016982916, 000807, -1.5065776, -0.07564716, 2.3690176, -0.21756242, -0.15541783, 0.6590623, -0.7029571, 1600.1476, 1600.1476, 955.4173, 717.7683, , 
65593.033652125, 000808, -1.5071235, -0.07658696, 2.3758552, -0.21458595, -0.1587102, 0.65990984, -0.7023411, 1600.1476, 1600.1476, 955.4176, 717.769, , 
65593.0669905, 000809, -1.5088406, -0.0780502, 2.3905199, -0.2085461, -0.16515218, 0.66171265, -0.7009777, 1600.1476, 1600.1476, 955.4177, 717.76953, , 
65593.083659791, 000810, -1.5096749, -0.0786592, 2.3979678, -0.20549273, -0.16839683, 0.66275245, -0.70012456, 1600.1476, 1600.1476, 955.4177, 717.7693, , 
65593.100329041, 000811, -1.5104135, -0.07916522, 2.4053347, -0.20238842, -0.17149484, 0.66395277, -0.6991389, 1600.1476, 1600.1476, 955.4176, 717.7686, , 
65593.133667416, 000812, -1.5113136, -0.07945462, 2.4190917, -0.19522355, -0.17623964, 0.66704637, -0.6970484, 1599.6957, 1599.6957, 955.4145, 717.76495, , 
65593.150336625, 000813, -1.5118223, -0.07941885, 2.42567, -0.19085576, -0.17795043, 0.6687501, -0.69619036, 1599.6957, 1599.6957, 955.41144, 717.7631, , 
65593.167005916, 000814, -1.5125283, -0.079376884, 2.4322293, -0.18626681, -0.17993157, 0.6702265, -0.69550383, 1599.6957, 1599.6957, 955.4083, 717.762, , 
65593.20034425, 000815, -1.5145181, -0.07923031, 2.445159, -0.1781419, -0.1849589, 0.67251647, -0.6941017, 1600.1476, 1600.1476, 955.4037, 717.76117, , 
65593.217013541, 000816, -1.5155677, -0.07947423, 2.4509804, -0.17481856, -0.18758056, 0.6735224, -0.6932674, 1600.1476, 1600.1476, 955.4027, 717.76074, , 
65593.233682791, 000817, -1.5167378, -0.0797985, 2.4566736, -0.17193832, -0.190413, 0.6743935, -0.69236803, 1600.1476, 1600.1476, 955.4023, 717.76, , 
65593.267021333, 000818, -1.5199215, -0.07996146, 2.469091, -0.1668832, -0.19770706, 0.67518115, -0.6907911, 1600.1476, 1600.1476, 955.40424, 717.76135, , 
65593.283690416, 000819, -1.5216651, -0.07994229, 2.47534, -0.16440608, -0.2018103, 0.67529976, -0.69008225, 1599.6957, 1599.6957, 955.40656, 717.7636, , 
65593.300359666, 000820, -1.5234063, -0.07982073, 2.481347, -0.16196507, -0.20561622, 0.6754246, -0.6894134, 1599.6957, 1599.6957, 955.4081, 717.7653, , 
65593.333698208, 000821, -1.5257849, -0.07943392, 2.4921446, -0.15659054, -0.21194379, 0.67611676, -0.688059, 1599.6957, 1599.6957, 955.4096, 717.7676, , 
65593.350367291, 000822, -1.5270004, -0.079060405, 2.4972305, -0.15365519, -0.21450627, 0.67668104, -0.68737173, 1599.6957, 1599.6957, 955.40924, 717.7682, , 
65593.3670365, 000823, -1.5281576, -0.07869291, 2.5021656, -0.15063271, -0.21696311, 0.6772647, -0.6866945, 1599.6957, 1599.6957, 955.4087, 717.7684, , 
65593.383705791, 000824, -1.5291741, -0.0784028, 2.5069945, -0.14761634, -0.21951829, 0.6778028, -0.6860062, 1599.6957, 1599.6957, 955.4081, 717.76874, , 
65593.417044166, 000825, -1.5304906, -0.07798354, 2.516367, -0.14160407, -0.22511616, 0.67916894, -0.68410563, 1599.6957, 1599.6957, 955.40753, 717.7687, , 
65593.433713375, 000826, -1.5300837, -0.07828547, 2.5207949, -0.13844788, -0.22794817, 0.68018985, -0.68279827, 1599.6957, 1599.6957, 955.40717, 717.76776, , 
65593.450382625, 000827, -1.5298089, -0.07830633, 2.5249755, -0.1352885, -0.2305876, 0.68135774, -0.68137944, 1600.1476, 1600.1476, 955.40656, 717.7661, , 
65593.467051958, 000828, -1.5294228, -0.07829831, 2.528994, 0.1322865, 0.23317663, -0.68254256, 0.6799003, 1600.1476, 1600.1476, 955.4059, 717.76355, , 
65593.500390291, 000829, -1.5281268, -0.07858686, 2.5370324, 0.12730351, 0.23948237, -0.6842785, 0.6769083, 1599.6957, 1599.6957, 955.4067, 717.76056, , 
65593.5170595, 000830, -1.527218, -0.07887596, 2.5410738, 0.12561108, 0.24324422, -0.68475866, 0.6753958, 1599.6957, 1599.6957, 955.40924, 717.7599, , 
65593.533728791, 000831, -1.5263608, -0.07934826, 2.545892, 0.1244996, 0.24721532, -0.68510234, 0.67380947, 1599.6957, 1599.6957, 955.4123, 717.7597, , 
65593.550398041, 000832, -1.5251508, -0.07959787, 2.550016, 0.12375227, 0.2510351, -0.6854844, 0.6721443, 1600.1476, 1600.1476, 955.41565, 717.75934, , 
65593.583736458, 000833, -1.5220697, -0.07958836, 2.5571954, 0.1228446, 0.25771457, -0.6865612, 0.6686748, 1600.1476, 1600.1476, 955.4235, 717.7567, , 
65593.600405666, 000834, -1.5202917, -0.07943925, 2.5604897, 0.1223421, 0.2608582, -0.6871143, 0.6669778, 1600.1476, 1600.1476, 955.4267, 717.7554, , 
65593.617074958, 000835, -1.5184256, -0.07926118, 2.5636692, 0.121859476, 0.2639583, -0.6875711, 0.66537374, 1599.6957, 1599.6957, 955.43097, 717.7539, , 
65593.633744166, 000836, -1.5167407, -0.07935381, 2.567909, 0.12141217, 0.26690078, -0.687915, 0.66392463, 1599.6957, 1599.6957, 955.434, 717.7532, , 
65593.6670825, 000837, -1.5129751, -0.0789199, 2.5743253, 0.11976126, 0.27235594, -0.6883484, 0.6615557, 1599.6957, 1599.6957, 955.4398, 717.7528, , 
65593.683751791, 000838, -1.5109652, -0.07850839, 2.5771651, 0.11821451, 0.27491507, -0.6884739, 0.66064423, 1599.6957, 1599.6957, 955.44135, 717.7534, , 
65593.700421083, 000839, -1.5088506, -0.077973716, 2.5798025, 0.11609789, 0.2771355, -0.68871605, 0.6598388, 1599.6957, 1599.6957, 955.4419, 717.75385, , 
65593.717090125, 000840, -1.5066446, -0.07736932, 2.5822735, 0.113435104, 0.27896735, -0.6890509, 0.6591801, 1599.6957, 1599.6957, 955.441, 717.75415, , 
65593.733759416, 000841, -1.5045495, -0.077189825, 2.58577, 0.110212885, 0.28073424, -0.6892051, 0.6588153, 1599.6957, 1599.6957, 955.43945, 717.755, , 
65593.767097916, 000842, -1.4997762, -0.07658236, 2.5915623, 0.103348985, 0.28500077, -0.68856436, 0.65876603, 1599.6957, 1599.6957, 955.4362, 717.7599, , 
65593.783767208, 000843, -1.4971908, -0.07623859, 2.5942817, 0.10052015, 0.28658256, -0.6881854, 0.65891343, 1599.6957, 1599.6957, 955.4344, 717.7636, , 
65593.800436291, 000844, -1.494386, -0.07580522, 2.5970232, 0.09801781, 0.28790906, -0.6880467, 0.6588571, 1599.6957, 1599.6957, 955.433, 717.7654, , 
65593.817105541, 000845, -1.4912736, -0.075254634, 2.5998857, 0.09535992, 0.28934819, -0.6882312, 0.65842384, 1599.6957, 1599.6957, 955.4317, 717.76624, , 
65593.850444, 000846, -1.4845213, -0.0731256, 2.60606, 0.09031595, 0.29161954, -0.68952405, 0.6567782, 1600.1476, 1600.1476, 955.42834, 717.7647, , 
65593.867113166, 000847, -1.4808816, -0.07226686, 2.608822, 0.0882805, 0.29182866, -0.69052094, 0.6559142, 1600.1476, 1600.1476, 955.4266, 717.7624, , 
65593.883782416, 000848, -1.4771116, -0.07137235, 2.6114612, 0.086456545, 0.29139122, -0.691888, 0.65491015, 1600.1476, 1600.1476, 955.4235, 717.75757, , 
65593.900451625, 000849, -1.4732207, -0.070477836, 2.614153, 0.08498508, 0.29073763, -0.69355726, 0.6536264, 1600.1476, 1600.1476, 955.4212, 717.7526, , 
65593.917120958, 000850, -1.4692669, -0.069650955, 2.617049, 0.084026866, 0.29025126, -0.6953238, 0.6520877, 1600.1476, 1600.1476, 955.41974, 717.747, , 
65593.950459333, 000851, -1.4606686, -0.06931536, 2.6257846, 0.08292061, 0.29050976, -0.6983263, 0.64889795, 1600.1476, 1600.1476, 955.419, 717.73517, , 
65593.967128541, 000852, -1.4566759, -0.0689066, 2.6299052, 0.08212305, 0.29177967, -0.6993013, 0.6473778, 1600.1476, 1600.1476, 955.41974, 717.7318, , 
65593.98379775, 000853, -1.4526623, -0.068557106, 2.6343386, 0.08080549, 0.29416165, -0.69988793, 0.64582986, 1600.1476, 1600.1476, 955.4216, 717.72943, , 
65594.000467041, 000854, -1.4486102, -0.068280965, 2.63901, 0.07890017, 0.29740727, -0.7001216, 0.644324, 1600.1476, 1600.1476, 955.42346, 717.7294, , 
65594.017136125, 000855, -1.4445996, -0.068009295, 2.6436064, 0.076664045, 0.30045906, -0.70025057, 0.6430366, 1600.1476, 1600.1476, 955.4248, 717.72986, , 
65594.050474666, 000856, -1.4362113, -0.06711617, 2.6520908, 0.07237988, 0.30385467, -0.70079577, 0.6413413, 1600.1476, 1600.1476, 955.4247, 717.72986, , 
65594.067143916, 000857, -1.4325101, -0.06677355, 2.6558142, 0.070500195, 0.3042574, -0.70127404, 0.6408369, 1600.1476, 1600.1476, 955.42346, 717.729, , 
65594.083813166, 000858, -1.4289756, -0.06642812, 2.6592913, 0.06868242, 0.30384707, -0.70203495, 0.64039564, 1600.1476, 1600.1476, 955.42145, 717.72723, , 
65594.10048225, 000859, -1.4256372, -0.06606947, 2.6626434, 0.06702754, 0.30275553, -0.7030337, 0.6399922, 1600.1476, 1600.1476, 955.41785, 717.7234, , 
65594.117151541, 000860, -1.4225552, -0.06576897, 2.6661077, 0.065742776, 0.30159307, -0.70392436, 0.6396952, 1600.1476, 1600.1476, 955.4153, 717.72034, , 
65594.13382075, 000861, -1.419351, -0.06695587, 2.6711397, 0.06474313, 0.30140758, -0.7042623, 0.63951266, 1599.6957, 1599.6957, 955.4136, 717.7186, , 
65594.167159083, 000862, -1.4136069, -0.06770333, 2.6805515, 0.061068777, 0.30511644, -0.70372295, 0.63870853, 1599.6957, 1599.6957, 955.4132, 717.7212, , 
65594.183828416, 000863, -1.4106576, -0.06787803, 2.6853883, 0.05814031, 0.308428, -0.7033545, 0.63779646, 1599.6957, 1599.6957, 955.4137, 717.72327, , 
65594.200497625, 000864, -1.4076421, -0.068034776, 2.6903002, 0.055465758, 0.31218302, -0.70306134, 0.6365296, 1600.1476, 1600.1476, 955.41504, 717.7259, , 
65594.217166875, 000865, -1.404605, -0.06823781, 2.6952822, 0.053949792, 0.31613863, -0.7028661, 0.6349213, 1600.1476, 1600.1476, 955.4177, 717.7273, , 
65594.233836166, 000866, -1.4014149, -0.06961851, 2.700606, 0.05377957, 0.31987122, -0.70286745, 0.633062, 1600.1476, 1600.1476, 955.4217, 717.7281, , 
65594.25050525, 000867, -1.3983494, -0.0702513, 2.705551, 0.054394107, 0.3230002, -0.7031101, 0.63114846, 1599.6957, 1599.6957, 955.42645, 717.72784, , 
65594.283843708, 000868, -1.3926153, -0.07088075, 2.7144926, 0.056174543, 0.3260918, -0.7038976, 0.6285195, 1599.6957, 1599.6957, 955.43506, 717.725, , 
65594.300513041, 000869, -1.3899473, -0.07111309, 2.7186885, 0.05657281, 0.32635212, -0.70414495, 0.6280714, 1599.6957, 1599.6957, 955.43646, 717.7239, , 
65594.317182083, 000870, -1.3872981, -0.07135453, 2.7229505, 0.05592395, 0.32656616, -0.70415735, 0.62800425, 1599.6957, 1599.6957, 955.43646, 717.7236, , 
65594.333851333, 000871, -1.3847442, -0.07280207, 2.7276218, 0.053952932, 0.3270762, -0.7039616, 0.62813073, 1599.6957, 1599.6957, 955.43494, 717.7245, , 
65594.350520583, 000872, -1.3820348, -0.0735148, 2.7324212, 0.051034845, 0.32806593, -0.7036164, 0.62824535, 1599.6957, 1599.6957, 955.43286, 717.726, , 
65594.367189875, 000873, -1.3792132, -0.07403117, 2.7375102, 0.047646325, 0.32958615, -0.70322394, 0.6281552, 1599.6957, 1599.6957, 955.4297, 717.7286, , 
65594.383859125, 000874, -1.376267, -0.07448855, 2.7429085, 0.04408154, 0.3315274, -0.702945, 0.62770593, 1600.1476, 1600.1476, 955.42786, 717.7304, , 
65594.417197458, 000875, -1.3698648, -0.07522282, 2.7544994, 0.037047744, 0.3360836, -0.7034973, 0.62511337, 1600.1476, 1600.1476, 955.4252, 717.73035, , 
65594.433866708, 000876, -1.3664194, -0.07598836, 2.7607245, 0.03397766, 0.33840638, -0.7044799, 0.6229243, 1600.1476, 1600.1476, 955.42505, 717.72797, , 
65594.450536, 000877, -1.3628441, -0.07637537, 2.7669775, 0.031190215, 0.34062177, -0.7058019, 0.62036103, 1600.1476, 1600.1476, 955.4254, 717.7243, , 
65594.467205041, 000878, -1.3591633, -0.07661002, 2.773268, 0.028670778, 0.34255362, -0.70744056, 0.6175458, 1600.1476, 1600.1476, 955.4261, 717.7178, , 
65594.48387425, 000879, -1.3553665, -0.076797575, 2.7796376, 0.026404694, 0.34429288, -0.7093097, 0.61452824, 1600.1476, 1600.1476, 955.42694, 717.71185, , 
65594.500543583, 000880, -1.3514413, -0.07698004, 2.786173, 0.024210166, 0.34606484, -0.7112858, 0.6113309, 1599.6957, 1599.6957, 955.428, 717.7055, , 
65594.517212833, 000881, -1.3473803, -0.07717719, 2.7929242, 0.021761645, 0.34809145, -0.71323436, 0.60799295, 1599.6957, 1599.6957, 955.4298, 717.69696, , 
65594.550551166, 000882, -1.3391774, -0.078547314, 2.806513, 0.015278473, 0.35241094, -0.7166161, 0.60169303, 1599.6957, 1599.6957, 955.43146, 717.6858, , 
65594.567220458, 000883, -1.3351569, -0.0789493, 2.8134363, 0.011290611, 0.35424516, -0.71784604, 0.59923273, 1599.6957, 1599.6957, 955.4311, 717.6813, , 
65594.583889666, 000884, -1.3312777, -0.079379365, 2.8203988, 0.006810626, 0.35576078, -0.7186426, 0.5974452, 1600.1476, 1600.1476, 955.4285, 717.67706, , 
65594.600558958, 000885, -1.3275415, -0.079846576, 2.8274915, 0.0020097368, 0.35704225, -0.7190047, 0.59627926, 1600.1476, 1600.1476, 955.42554, 717.6754, , 
65594.617228041, 000886, -1.323895, -0.08034223, 2.834848, -0.002866287, 0.35839352, -0.7190156, 0.5954513, 1600.1476, 1600.1476, 955.42206, 717.6746, , 
65594.6505665, 000887, -1.3162296, -0.08227073, 2.8504357, -0.012364379, 0.3645122, -0.7179557, 0.59288913, 1600.1476, 1600.1476, 955.4175, 717.6776, , 
65594.66723575, 000888, -1.3121657, -0.08305803, 2.8589287, -0.016754003, 0.36935404, -0.7171621, 0.5907415, 1600.1476, 1600.1476, 955.4181, 717.6802, , 
65594.683905083, 000889, -1.3081288, -0.083781235, 2.8673944, -0.02060987, 0.37401414, -0.7164818, 0.58850867, 1600.1476, 1600.1476, 955.4198, 717.6832, , 
65594.700574125, 000890, -1.3042222, -0.08437481, 2.8755772, -0.024048483, 0.3777458, -0.7161197, 0.5864319, 1600.1476, 1600.1476, 955.421, 717.6846, , 
65594.717243375, 000891, -1.3004782, -0.08476965, 2.8833928, -0.027223943, 0.38018277, -0.7162896, 0.5845076, 1600.1476, 1600.1476, 955.4213, 717.6842, , 
65594.733912625, 000892, -1.2965072, -0.08469862, 2.8911695, -0.030085495, 0.38164988, -0.7169579, 0.5825887, 1600.1476, 1600.1476, 955.421, 717.68115, , 
65594.767250958, 000893, -1.2893169, -0.08479676, 2.9067285, -0.033985797, 0.3845526, -0.718585, 0.57844603, 1600.1476, 1600.1476, 955.42224, 717.6749, , 
65594.783920166, 000894, -1.2857757, -0.08484361, 2.914983, -0.035283744, 0.38701734, -0.7190479, 0.57614475, 1600.1476, 1600.1476, 955.4252, 717.6723, , 
65594.8005895, 000895, -1.2821616, -0.08485299, 2.9236443, -0.03664257, 0.39059857, -0.71901375, 0.5736804, 1600.1476, 1600.1476, 955.4285, 717.6722, , 
65594.81725875, 000896, -1.2784193, -0.08476917, 2.9325702, -0.038718525, 0.39522344, -0.71845865, 0.57106614, 1599.6957, 1599.6957, 955.4321, 717.6737, , 
65594.833927833, 000897, -1.2747053, -0.08450108, 2.9411316, -0.042092033, 0.4004922, -0.7174758, 0.5683862, 1599.6957, 1599.6957, 955.4354, 717.67645, , 
65594.86726625, 000898, -1.266885, -0.08350544, 2.9581757, -0.051525563, 0.4109748, -0.7148833, 0.5633708, 1599.6957, 1599.6957, 955.4388, 717.68463, , 
65594.883935625, 000899, -1.2630756, -0.08283314, 2.9661682, -0.056386624, 0.41522717, -0.713658, 0.561337, 1599.6957, 1599.6957, 955.43866, 717.68787, , 
65594.900604833, 000900, -1.2594267, -0.08203162, 2.9736385, -0.06079873, 0.41822073, -0.7128791, 0.55964124, 1599.6957, 1599.6957, 955.4374, 717.6903, , 
65594.917273875, 000901, -1.2559444, -0.08109603, 2.980584, -0.064791165, 0.41988552, -0.71262616, 0.5582671, 1599.6957, 1599.6957, 955.43567, 717.69025, , 
65594.933943208, 000902, -1.2526728, -0.08009602, 2.986356, -0.068267934, 0.42040575, -0.7128259, 0.55720526, 1599.6957, 1599.6957, 955.4332, 717.6887, , 
65594.967281666, 000903, -1.246119, -0.078084335, 2.9986725, -0.07414523, 0.42094442, -0.71333617, 0.55539155, 1600.1476, 1600.1476, 955.428, 717.68384, , 
65594.983950916, 000904, -1.2427068, -0.077069595, 3.0049715, -0.07733607, 0.42165843, -0.7134143, 0.55431336, 1600.1476, 1600.1476, 955.4259, 717.6821, , 
65595.000620041, 000905, -1.2392179, -0.0760778, 3.0113575, -0.08069272, 0.42283124, -0.71323794, 0.5531672, 1600.1476, 1600.1476, 955.424, 717.68097, , 
65595.017289291, 000906, -1.2356923, -0.07515539, 3.0178237, -0.083915874, 0.42449042, -0.7127548, 0.55203855, 1600.1476, 1600.1476, 955.4222, 717.6809, , 
65595.033958541, 000907, -1.232245, -0.07394406, 3.0239766, -0.086954646, 0.42638057, -0.71215224, 0.550888, 1600.1476, 1600.1476, 955.4212, 717.68164, , 
65595.067296916, 000908, -1.2252638, -0.0719877, 3.0364153, -0.091917515, 0.4298002, -0.71125567, 0.5485784, 1600.1476, 1600.1476, 955.42004, 717.683, , 
65595.083966125, 000909, -1.2218912, -0.07102173, 3.0424001, -0.0936591, 0.43077725, -0.7112053, 0.5475819, 1600.1476, 1600.1476, 955.4198, 717.68256, , 
65595.100635375, 000910, -1.2186618, -0.07003701, 3.0481498, -0.0948716, 0.43107286, -0.7114604, 0.5468087, 1600.1476, 1600.1476, 955.4195, 717.6814, , 
65595.117304666, 000911, -1.2156013, -0.069045514, 3.0536678, -0.095508575, 0.4306547, -0.7119748, 0.54635745, 1600.1476, 1600.1476, 955.41876, 717.67883, , 
65595.133973708, 000912, -1.2126749, -0.06768653, 3.0586388, -0.09559159, 0.42962816, -0.71262366, 0.54630524, 1600.1476, 1600.1476, 955.4182, 717.6766, , 
65595.150642916, 000913, -1.2098315, -0.06664418, 3.063823, -0.09535127, 0.4284654, -0.71315455, 0.5465675, 1600.1476, 1600.1476, 955.4175, 717.6745, , 
65595.1839815, 000914, -1.2040626, -0.06496474, 3.0744174, -0.095648766, 0.42656565, -0.7133069, 0.54780126, 1599.6957, 1599.6957, 955.41486, 717.67285, , 
65595.200650708, 000915, -1.2010897, -0.064226605, 3.0797267, -0.096309654, 0.42568436, -0.7130733, 0.54867446, 1599.6957, 1599.6957, 955.41284, 717.67316, , 
65595.217319708, 000916, -1.1980572, -0.063542046, 3.0850527, -0.09682905, 0.4247149, -0.71286273, 0.5496073, 1599.6957, 1599.6957, 955.41003, 717.6736, , 
65595.233989041, 000917, -1.1947978, -0.06253933, 3.0897381, -0.09700265, 0.42356735, -0.7127595, 0.55059516, 1599.6957, 1599.6957, 955.4083, 717.6738, , 
65595.250658291, 000918, -1.1915858, -0.061877254, 3.0949159, -0.09709874, 0.42243493, -0.71258545, 0.55167246, 1600.1476, 1600.1476, 955.40656, 717.6742, , 
65595.283996666, 000919, -1.1850721, -0.061073203, 3.1056654, -0.09770593, 0.42021775, -0.7116524, 0.5544559, 1600.1476, 1600.1476, 955.4015, 717.6769, , 
65595.300665916, 000920, -1.1817093, -0.06076617, 3.1110516, -0.097816765, 0.41870734, -0.71133244, 0.5559876, 1600.1476, 1600.1476, 955.3991, 717.678, , 
65595.317335166, 000921, -1.178191, -0.060451142, 3.1164725, -0.09761221, 0.41698322, -0.7113138, 0.5573415, 1600.1476, 1600.1476, 955.3969, 717.67816, , 
65595.334004416, 000922, -1.17496, -0.060069695, 3.121099, -0.097005166, 0.41510516, -0.7114753, 0.5586416, 1600.1476, 1600.1476, 955.3946, 717.67786, , 
65595.350673708, 000923, -1.1713345, -0.05974229, 3.1263974, -0.09594767, 0.4130766, -0.7116151, 0.560148, 1600.1476, 1600.1476, 955.3932, 717.6777, , 
65595.384012, 000924, -1.1633732, -0.058965728, 3.1375496, -0.09363299, 0.40846446, -0.71203953, 0.56337327, 1599.6957, 1599.6957, 955.38934, 717.67706, , 
65595.40068125, 000925, -1.1589975, -0.058501378, 3.1431773, -0.09274894, 0.40610388, -0.71242756, 0.56473386, 1599.6957, 1599.6957, 955.38776, 717.6761, , 
65595.417350541, 000926, -1.1544341, -0.058035113, 3.1486995, -0.09217175, 0.40350458, -0.7128742, 0.56612617, 1600.1476, 1600.1476, 955.38586, 717.6747, , 
65595.434019583, 000927, -1.1502836, -0.058080517, 3.153322, -0.09189951, 0.40028954, -0.71341443, 0.56776977, 1600.1476, 1600.1476, 955.38226, 717.67224, , 
65595.450688833, 000928, -1.1457483, -0.05780944, 3.158201, -0.09140498, 0.3963013, -0.71418417, 0.5696766, 1600.1476, 1600.1476, 955.379, 717.6696, , 
65595.484027375, 000929, -1.1358486, -0.05720962, 3.168187, -0.08844081, 0.38796782, -0.7164332, 0.57304674, 1600.1476, 1600.1476, 955.3732, 717.6617, , 
65595.500696583, 000930, -1.1304808, -0.057022873, 3.173307, -0.08612064, 0.3842978, -0.7175802, 0.57443637, 1600.1476, 1600.1476, 955.3721, 717.65845, , 
65595.517365666, 000931, -1.124915, -0.056902543, 3.1784203, -0.08371835, 0.3807865, -0.7185332, 0.57593656, 1600.1476, 1600.1476, 955.3711, 717.6559, , 
65595.534034958, 000932, -1.1197555, -0.056671288, 3.183014, -0.08156538, 0.37702745, -0.7193801, 0.57765883, 1600.1476, 1600.1476, 955.3694, 717.65283, , 
65595.567373416, 000933, -1.1084802, -0.056346714, 3.1922662, -0.07615794, 0.3685172, -0.721318, 0.58145976, 1600.1476, 1600.1476, 955.3662, 717.6479, , 
65595.584042541, 000934, -1.1026524, -0.056262627, 3.1968517, -0.07209608, 0.36439082, -0.72246456, 0.5831522, 1600.1476, 1600.1476, 955.3658, 717.6445, , 
65595.600711708, 000935, -1.0967151, -0.05624204, 3.2014363, -0.06761304, 0.36086938, -0.72351384, 0.58457637, 1600.1476, 1600.1476, 955.36633, 717.6423, , 
65595.617381041, 000936, -1.0907471, -0.05621957, 3.2059336, -0.063659854, 0.35786298, -0.72427595, 0.5859232, 1600.1476, 1600.1476, 955.3672, 717.6407, , 
65595.650719541, 000937, -1.079969, -0.05565142, 3.214427, -0.060118996, 0.35271025, -0.72426337, 0.5894265, 1600.1476, 1600.1476, 955.36487, 717.64075, , 
65595.667388625, 000938, -1.0746595, -0.05560193, 3.2183383, -0.05967644, 0.35088742, -0.72333974, 0.5916894, 1600.1476, 1600.1476, 955.3625, 717.64343, , 
65595.684057791, 000939, -1.0693989, -0.055649135, 3.2222142, -0.059488356, 0.350037, -0.72195864, 0.5938947, 1600.1476, 1600.1476, 955.3603, 717.64777, , 
65595.700727083, 000940, -1.0641683, -0.05564609, 3.2260718, -0.05944028, 0.35006484, -0.72058094, 0.59555405, 1600.1476, 1600.1476, 955.35846, 717.6542, , 
65595.734065375, 000941, -1.054124, -0.0567637, 3.2322364, -0.058270223, 0.35078093, -0.7188547, 0.5973317, 1600.1476, 1600.1476, 955.358, 717.66113, , 
65595.750734625, 000942, -1.0495757, -0.057129893, 3.235178, -0.056377087, 0.3511106, -0.71838015, 0.59789044, 1600.1476, 1600.1476, 955.3589, 717.66364, , 
65595.767403958, 000943, -1.045392, -0.057228632, 3.2380636, -0.05341487, 0.35115016, -0.71826315, 0.5982796, 1600.1476, 1600.1476, 955.3613, 717.666, , 
65595.784073208, 000944, -1.0416083, -0.05722283, 3.240625, -0.049394075, 0.35042474, -0.7186134, 0.5986297, 1600.1476, 1600.1476, 955.3639, 717.6664, , 
65595.8174115, 000945, -1.0353265, -0.057023417, 3.2444613, -0.040180396, 0.34602022, -0.72017103, 0.60000765, 1599.6957, 1599.6957, 955.36914, 717.6633, , 
65595.83408075, 000946, -1.032459, -0.057228897, 3.246122, -0.036273897, 0.34280223, -0.7208087, 0.60133666, 1599.6957, 1599.6957, 955.3698, 717.6616, , 
65595.850750041, 000947, -1.0298271, -0.05749199, 3.2477798, -0.033366278, 0.33970803, -0.72102004, 0.6030052, 1599.6957, 1599.6957, 955.3695, 717.6608, , 
65595.867419333, 000948, -1.0275878, -0.05743344, 3.2494204, -0.031637743, 0.33740687, -0.7208075, 0.6046423, 1600.1476, 1600.1476, 955.3682, 717.6615, , 
65595.900757583, 000949, -1.0234225, -0.057027034, 3.253325, -0.03073425, 0.3360753, -0.71950465, 0.60697764, 1600.1476, 1600.1476, 955.3662, 717.6656, , 
65595.917426875, 000950, -1.0215542, -0.05684177, 3.2554927, -0.030315861, 0.33641598, -0.71859694, 0.6078846, 1600.1476, 1600.1476, 955.366, 717.6697, , 
65595.934096083, 000951, -1.0199289, -0.056850787, 3.2578776, -0.029793398, 0.33696577, -0.7177156, 0.6086466, 1600.1476, 1600.1476, 955.3662, 717.673, , 
65595.950765333, 000952, -1.0183522, -0.05666213, 3.2599854, -0.02945, 0.3374171, -0.71697026, 0.6092915, 1600.1476, 1600.1476, 955.36646, 717.6758, , 
65595.967434458, 000953, -0.9985755, -0.06021627, 3.2456098, -0.030703174, 0.33854046, -0.71691924, 0.6086661, 1600.1476, 1600.1476, 955.36633, 717.6787, , 
65596.000772958, 000954, -0.9951748, -0.059578393, 3.2494893, -0.031701677, 0.3393855, -0.7159646, 0.6092677, 1600.1476, 1600.1476, 955.36566, 717.6819, , 
65596.017442208, 000955, -0.9938132, -0.05910018, 3.2510724, -0.03195127, 0.33967003, -0.7156533, 0.60946184, 1600.1476, 1600.1476, 955.3654, 717.6834, , 
65596.034111208, 000956, -0.99259776, -0.058538154, 3.2524896, -0.031769987, 0.3395546, -0.71552855, 0.609682, 1600.1476, 1600.1476, 955.3653, 717.684, , 
65596.050780541, 000957, -0.9915357, -0.05791703, 3.2538123, -0.031006418, 0.33915958, -0.7155032, 0.6099709, 1600.1476, 1600.1476, 955.3654, 717.6842, , 
65596.06744975, 000958, -0.99058086, -0.057227034, 3.2551103, -0.029938497, 0.33885407, -0.7154905, 0.610209, 1600.1476, 1600.1476, 955.3659, 717.68445, , 
65596.10078825, 000959, -0.9882105, -0.055912286, 3.2580323, -0.028662132, 0.33874497, -0.7158724, 0.60988283, 1599.6957, 1599.6957, 955.3674, 717.6838, , 
65596.117457333, 000960, -0.9873367, -0.05483376, 3.2590985, -0.028740657, 0.338586, -0.7162724, 0.60949755, 1599.6957, 1599.6957, 955.3676, 717.6825, , 
65596.134126541, 000961, -0.98660725, -0.053645954, 3.2600136, -0.029078709, 0.33833483, -0.7166293, 0.6092014, 1599.6957, 1599.6957, 955.3673, 717.68066, , 
65596.150795833, 000962, -0.98606163, -0.052416153, 3.2607875, -0.029369984, 0.33786002, -0.7168962, 0.609137, 1600.1476, 1600.1476, 955.36694, 717.67957, , 
65596.184134208, 000963, -0.9831143, -0.051402472, 3.263366, -0.02932233, 0.33560523, -0.7172568, 0.6099607, 1600.1476, 1600.1476, 955.36475, 717.67786, , 
65596.200803458, 000964, -0.98262495, -0.050470695, 3.2639704, -0.029474009, 0.33398855, -0.717497, 0.610558, 1600.1476, 1600.1476, 955.3632, 717.67694, , 
65596.217472666, 000965, -0.9823689, -0.04946794, 3.2644928, -0.02991497, 0.33263126, -0.7177588, 0.61096966, 1600.1476, 1600.1476, 955.3617, 717.6758, , 
65596.234141958, 000966, -0.98213154, -0.0485174, 3.2651486, -0.030925302, 0.3320053, -0.7179256, 0.6110637, 1600.1476, 1600.1476, 955.36005, 717.67456, , 
65596.250811041, 000967, -0.98186, -0.047653615, 3.2659595, -0.032772727, 0.33208674, -0.7179659, 0.61087584, 1600.1476, 1600.1476, 955.35876, 717.674, , 
65596.2841495, 000968, -0.9804937, -0.046777338, 3.2674308, -0.037287194, 0.33335832, -0.71723175, 0.61078674, 1600.1476, 1600.1476, 955.3558, 717.67523, , 
65596.300818791, 000969, -0.9800487, -0.046494268, 3.2685852, -0.04020627, 0.33549052, -0.7164292, 0.610376, 1600.1476, 1600.1476, 955.355, 717.67725, , 
65596.317488, 000970, -0.9796191, -0.046319257, 3.2698364, -0.043429665, 0.33817473, -0.71538025, 0.60990393, 1600.1476, 1600.1476, 955.35425, 717.68005, , 
65596.334157125, 000971, -0.9792132, -0.04624667, 3.2710223, -0.046833564, 0.3409391, -0.71414757, 0.6095576, 1600.1476, 1600.1476, 955.3532, 717.6845, , 
65596.367495583, 000972, -0.9782714, -0.04664184, 3.2731504, -0.051847115, 0.3455351, -0.71156126, 0.6095883, 1600.1476, 1600.1476, 955.3517, 717.692, , 
65596.384164833, 000973, -0.977637, -0.0469674, 3.2741668, -0.05437736, 0.34806728, -0.7102589, 0.60944617, 1600.1476, 1600.1476, 955.35126, 717.6959, , 
65596.400834041, 000974, -0.9770184, -0.047103867, 3.2751448, -0.056963764, 0.35088444, -0.70897216, 0.6090926, 1600.1476, 1600.1476, 955.351, 717.70087, , 
65596.417503166, 000975, -0.9763703, -0.04719477, 3.2760887, -0.059299324, 0.35387424, -0.7076755, 0.60864764, 1600.1476, 1600.1476, 955.35114, 717.70465, , 
65596.434172375, 000976, -0.9757343, -0.047309406, 3.2769608, -0.061038308, 0.35677466, -0.7063845, 0.608282, 1600.1476, 1600.1476, 955.3517, 717.7086, , 
65596.467510916, 000977, -0.9741886, -0.048417993, 3.278632, -0.06291827, 0.3610879, -0.70569116, 0.6063472, 1600.1476, 1600.1476, 955.3531, 717.71643, , 
65596.484179958, 000978, -0.9732829, -0.049245417, 3.2794578, -0.063814186, 0.36283866, -0.7049135, 0.60611284, 1600.1476, 1600.1476, 955.3537, 717.7189, , 
65596.500849208, 000979, -0.9724749, -0.049513027, 3.280059, -0.064780615, 0.36455858, -0.7042006, 0.60580695, 1600.1476, 1600.1476, 955.35425, 717.7219, , 
65596.517518458, 000980, -0.9716273, -0.04956703, 3.2805943, -0.06585287, 0.3663166, -0.7035532, 0.6053829, 1600.1476, 1600.1476, 955.35474, 717.7238, , 
65596.534187708, 000981, -0.9707007, -0.049526766, 3.28114, -0.06686163, 0.3681244, -0.70296425, 0.60485977, 1600.1476, 1600.1476, 955.3553, 717.72565, , 
65596.567526041, 000982, -0.96796054, -0.05045618, 3.2825108, -0.068123594, 0.37110743, -0.70272154, 0.60317564, 1600.1476, 1600.1476, 955.3577, 717.7297, , 
65596.584195208, 000983, -0.9662506, -0.051327605, 3.2833123, -0.068504065, 0.3734846, -0.7020113, 0.6024919, 1600.1476, 1600.1476, 955.3594, 717.73206, , 
65596.600864541, 000984, -0.96487135, -0.051553853, 3.2839592, -0.06931914, 0.37559173, -0.7012733, 0.60194796, 1600.1476, 1600.1476, 955.36066, 717.73456, , 
65596.617533791, 000985, -0.9636062, -0.051512137, 3.284387, -0.07075969, 0.37720722, -0.7005815, 0.6015756, 1600.1476, 1600.1476, 955.36115, 717.7372, , 
65596.634202916, 000986, -0.9623795, -0.051337563, 3.2846558, -0.07263104, 0.3784881, -0.6998882, 0.601355, 1600.1476, 1600.1476, 955.36066, 717.73883, , 
65596.667541375, 000987, -0.9596265, -0.051749617, 3.285825, -0.07646543, 0.38013902, -0.6987431, 0.60116994, 1600.1476, 1600.1476, 955.35876, 717.74365, , 
65596.684210625, 000988, -0.958147, -0.05218319, 3.286604, -0.07841262, 0.38098526, -0.6978196, 0.60145605, 1600.1476, 1600.1476, 955.3576, 717.7459, , 
65596.700879708, 000989, -0.95688564, -0.052022174, 3.2868023, -0.0804975, 0.38164106, -0.6970641, 0.601641, 1600.1476, 1600.1476, 955.3563, 717.74774, , 
65596.717548916, 000990, -0.9556436, -0.05164344, 3.2868083, -0.08240177, 0.38229784, -0.69653714, 0.60157657, 1600.1476, 1600.1476, 955.35486, 717.74915, , 
65596.734218125, 000991, -0.9543571, -0.051165275, 3.2867534, -0.0840071, 0.3830321, -0.6962673, 0.6011997, 1600.1476, 1600.1476, 955.3541, 717.7495, , 
65596.767556708, 000992, -0.95169014, -0.050076813, 3.2864535, -0.08606412, 0.38418967, -0.69662017, 0.5997596, 1600.1476, 1600.1476, 955.3537, 717.7475, , 
65596.78422575, 000993, -0.94815296, -0.05010784, 3.2905927, -0.086357675, 0.38408247, -0.6975383, 0.59871805, 1600.1476, 1600.1476, 955.3539, 717.7452, , 
65596.800895, 000994, -0.94608575, -0.049754165, 3.2917857, -0.08627668, 0.3841836, -0.69841963, 0.5976364, 1600.1476, 1600.1476, 955.3544, 717.74225, , 
65596.81756425, 000995, -0.9444857, -0.04934664, 3.292007, -0.08612162, 0.38422698, -0.6992883, 0.59661424, 1600.1476, 1600.1476, 955.355, 717.73926, , 
65596.8342335, 000996, -0.943039, -0.049003072, 3.2918875, -0.08620406, 0.38434753, -0.69991785, 0.5957859, 1600.1476, 1600.1476, 955.35565, 717.7361, , 
65596.850902541, 000997, -0.9416501, -0.048758462, 3.2916145, -0.08665717, 0.38451785, -0.70022035, 0.59525466, 1600.1476, 1600.1476, 955.35565, 717.7346, , 
65596.884241083, 000998, -0.937529, -0.04977426, 3.2927985, -0.08796358, 0.38576958, -0.700074, 0.5944246, 1600.1476, 1600.1476, 955.35474, 717.7341, , 
65596.900910291, 000999, -0.9349243, -0.050866414, 3.2940884, -0.08923776, 0.3864695, -0.6995669, 0.5943771, 1600.1476, 1600.1476, 955.354, 717.7349, , 
65596.9175795, 001000, -0.93293303, -0.05134465, 3.2943041, -0.09058979, 0.38729277, -0.6989744, 0.5943337, 1600.1476, 1600.1476, 955.35345, 717.7362, , 
65596.934248625, 001001, -0.931059, -0.0516399, 3.2941687, -0.0920082, 0.38820773, -0.6984008, 0.59419316, 1600.1476, 1600.1476, 955.35284, 717.7379, , 
65596.950917875, 001002, -0.9291288, -0.051889885, 3.2939446, -0.093285084, 0.3892594, -0.6979365, 0.59385157, 1600.1476, 1600.1476, 955.35254, 717.73895, , 
65596.984256416, 001003, -0.92547107, -0.05276518, 3.29367, -0.095160335, 0.392159, -0.69691926, 0.5928401, 1600.1476, 1600.1476, 955.35345, 717.74, , 
65597.000925458, 001004, -0.92351323, -0.053156007, 3.2935557, -0.09464315, 0.39316395, -0.6969975, 0.5921649, 1600.1476, 1600.1476, 955.35516, 717.7402, , 
65597.017594666, 001005, -0.9214645, -0.05344721, 3.2934384, -0.09404809, 0.3941297, -0.69700336, 0.5916106, 1600.1476, 1600.1476, 955.35657, 717.7404, , 
65597.034263958, 001006, -0.919478, -0.053684898, 3.293308, -0.09346652, 0.39484367, -0.6968305, 0.59143025, 1600.1476, 1600.1476, 955.3577, 717.74115, , 
65597.050933166, 001007, -0.917551, -0.05388668, 3.2931726, -0.09326883, 0.39549875, -0.696299, 0.59164965, 1600.1476, 1600.1476, 955.3587, 717.74335, , 
65597.067602333, 001008, -0.9155953, -0.054000665, 3.2930038, -0.0941448, 0.39621598, -0.695408, 0.59207886, 1600.1476, 1600.1476, 955.3586, 717.7457, , 
65597.10094075, 001009, -0.91156083, -0.054319233, 3.291675, -0.09936302, 0.39853498, -0.692596, 0.5929651, 1600.1476, 1600.1476, 955.355, 717.75214, , 
65597.117609958, 001010, -0.90925366, -0.054238353, 3.2913275, -0.102152176, 0.39930555, -0.6914217, 0.5933432, 1600.1476, 1600.1476, 955.35297, 717.7545, , 
65597.134279166, 001011, -0.90677744, -0.054127023, 3.2911863, -0.10406968, 0.40010127, -0.690468, 0.5935844, 1600.1476, 1600.1476, 955.35156, 717.7567, , 
65597.150948291, 001012, -0.9041387, -0.054011025, 3.2912288, -0.10502456, 0.4008764, -0.689837, 0.5936269, 1600.1476, 1600.1476, 955.351, 717.7591, , 
65597.167617583, 001013, -0.9041142, -0.054575626, 3.2924008, -0.105392784, 0.4025046, -0.68937564, 0.59299546, 1600.1476, 1600.1476, 955.35114, 717.75995, , 
65597.184286791, 001014, -0.9031237, -0.054902554, 3.2933764, -0.106332526, 0.4033332, -0.68922406, 0.59244066, 1600.1476, 1600.1476, 955.35114, 717.76, , 
65597.217625208, 001015, -0.8976481, -0.054877616, 3.2948744, -0.10853536, 0.40643412, -0.6887339, 0.59048885, 1600.1476, 1600.1476, 955.3522, 717.7603, , 
65597.234294333, 001016, -0.8944143, -0.054858997, 3.295859, -0.1096108, 0.40874735, -0.6881885, 0.5893281, 1600.1476, 1600.1476, 955.3532, 717.7614, , 
65597.250963583, 001017, -0.89110875, -0.054853033, 3.2969658, -0.11094893, 0.4112246, -0.687427, 0.5882422, 1600.1476, 1600.1476, 955.3546, 717.76385, , 
65597.267632875, 001018, -0.88781506, -0.05482564, 3.2980905, -0.11294212, 0.41353515, -0.68652064, 0.5873007, 1600.1476, 1600.1476, 955.35516, 717.76587, , 
65597.284302083, 001019, -0.8850626, -0.055053383, 3.3000367, -0.116106324, 0.41518474, -0.6850002, 0.58729523, 1600.1476, 1600.1476, 955.35486, 717.76776, , 
65597.300971166, 001020, -0.8821144, -0.055153348, 3.3015552, -0.11880821, 0.4169332, -0.68379265, 0.58692324, 1600.1476, 1600.1476, 955.354, 717.7699, , 
65597.317640458, 001021, -0.8791074, -0.055249773, 3.3031042, -0.121371955, 0.41877228, -0.68250924, 0.5865831, 1600.1476, 1600.1476, 955.3531, 717.77344, , 
65597.350978916, 001022, -0.8730812, -0.05547032, 3.3066962, -0.1251542, 0.42229414, -0.6804023, 0.58571047, 1600.1476, 1600.1476, 955.35254, 717.7782, , 
65597.367648166, 001023, -0.870088, -0.055596028, 3.308741, -0.12661153, 0.42402115, -0.67948353, 0.585216, 1600.1476, 1600.1476, 955.35284, 717.78107, , 
65597.384317166, 001024, -0.86679685, -0.05612641, 3.310792, -0.1292516, 0.42597196, -0.67793787, 0.5850146, 1600.1476, 1600.1476, 955.3527, 717.783, , 
65597.4009865, 001025, -0.8636255, -0.056483023, 3.31289, -0.13170627, 0.42735964, -0.6769794, 0.58456486, 1600.5995, 1600.5995, 955.3522, 717.78455, , 
65597.417655708, 001026, -0.8605612, -0.056655783, 3.3151035, -0.13447641, 0.42885143, -0.6758859, 0.5841068, 1600.1476, 1600.1476, 955.3509, 717.7867, , 
65597.434324875, 001027, -0.85747343, -0.056799274, 3.3174522, -0.13729607, 0.4305778, -0.6746701, 0.5835861, 1600.1476, 1600.1476, 955.35, 717.7887, , 
65597.450993958, 001028, -0.8543543, -0.05693495, 3.319887, -0.1400138, 0.4322851, -0.67348045, 0.5830521, 1600.1476, 1600.1476, 955.34924, 717.7907, , 
65597.467663166, 001029, -0.8512437, -0.05703298, 3.3223488, -0.1426089, 0.43360895, -0.6725022, 0.5825692, 1600.1476, 1600.1476, 955.34796, 717.79285, , 
65597.50100175, 001030, -0.84610003, -0.058519516, 3.327922, -0.14796248, 0.4356656, -0.6710194, 0.5814082, 1600.1476, 1600.1476, 955.3459, 717.7934, , 
65597.517671, 001031, -0.8429502, -0.058749255, 3.3307729, -0.1508188, 0.43687716, -0.670401, 0.58047783, 1600.1476, 1600.1476, 955.3445, 717.7932, , 
65597.534340041, 001032, -0.83958495, -0.058816653, 3.3337314, -0.15426663, 0.43822598, -0.66972077, 0.5793392, 1600.1476, 1600.1476, 955.3432, 717.79285, , 
65597.551009333, 001033, -0.836067, -0.05875919, 3.3368144, -0.15828909, 0.4395965, -0.6690702, 0.57796586, 1600.1476, 1600.1476, 955.3416, 717.792, , 
65597.567678583, 001034, -0.83246416, -0.05859102, 3.340036, -0.16244791, 0.44075915, -0.6686593, 0.57639974, 1600.1476, 1600.1476, 955.3392, 717.7896, , 
65597.58434775, 001035, -0.8278511, -0.058540747, 3.3428488, -0.16673118, 0.44178504, -0.66836756, 0.5747273, 1600.5995, 1600.5995, 955.3375, 717.78687, , 
65597.601016875, 001036, -0.8238147, -0.05847521, 3.3463206, -0.16948725, 0.4427461, -0.6684335, 0.57310253, 1600.5995, 1600.5995, 955.33636, 717.7843, , 
65597.634355375, 001037, -0.815899, -0.05847049, 3.3542583, -0.17450607, 0.44538462, -0.66809225, 0.56994116, 1600.5995, 1600.5995, 955.3351, 717.7804, , 
65597.651024583, 001038, -0.81175846, -0.058485992, 3.358511, -0.17786829, 0.44713232, -0.6675608, 0.5681532, 1600.1476, 1600.1476, 955.33435, 717.7792, , 
65597.667693666, 001039, -0.807485, -0.05853499, 3.3629093, -0.18178795, 0.44910723, -0.6668084, 0.56623524, 1600.1476, 1600.1476, 955.33344, 717.7781, , 
65597.684362916, 001040, -0.8023858, -0.05860784, 3.3670077, -0.18620495, 0.45125014, -0.6656446, 0.5644629, 1600.1476, 1600.1476, 955.33203, 717.77686, , 
65597.701032208, 001041, -0.797519, -0.058838725, 3.371425, -0.19012104, 0.45337674, -0.6646787, 0.56258845, 1600.1476, 1600.1476, 955.331, 717.7763, , 
65597.734370583, 001042, -0.7882727, -0.05980719, 3.381361, -0.19541922, 0.45802954, -0.6631065, 0.558847, 1600.1476, 1600.1476, 955.3307, 717.7761, , 
65597.751039708, 001043, -0.7834966, -0.06039788, 3.3866892, -0.19780941, 0.46108356, -0.6622843, 0.5564646, 1600.1476, 1600.1476, 955.3317, 717.77673, , 
65597.767709, 001044, -0.7785904, -0.06098353, 3.392117, -0.2007581, 0.46456426, -0.6612785, 0.55370295, 1600.1476, 1600.1476, 955.3325, 717.7772, , 
65597.78437825, 001045, -0.7734035, -0.06133365, 3.3973103, -0.20430875, 0.46775654, -0.65996647, 0.5512768, 1600.1476, 1600.1476, 955.3332, 717.7778, , 
65597.817716666, 001046, -0.7635572, -0.062209517, 3.4077442, -0.2117291, 0.47422156, -0.65732384, 0.5460861, 1600.1476, 1600.1476, 955.3337, 717.779, , 
65597.834385791, 001047, -0.7589905, -0.06268543, 3.4128714, -0.21538147, 0.47663307, -0.6558801, 0.5442914, 1600.1476, 1600.1476, 955.3332, 717.7797, , 
65597.851055041, 001048, -0.7545297, -0.063121505, 3.4179692, -0.21882802, 0.4787583, -0.6544479, 0.5427731, 1600.1476, 1600.1476, 955.3323, 717.78076, , 
65597.86772425, 001049, -0.7499438, -0.06347587, 3.4231236, -0.22210127, 0.48122174, -0.6531, 0.5408853, 1600.1476, 1600.1476, 955.3317, 717.78156, , 
65597.901062541, 001050, -0.73913443, -0.06407803, 3.4340253, -0.22759414, 0.4890417, -0.6507881, 0.5343351, 1600.1476, 1600.1476, 955.3343, 717.7834, , 
65597.917731833, 001051, -0.73349327, -0.06419546, 3.4395087, -0.23015264, 0.49441785, -0.6497196, 0.5295707, 1600.1476, 1600.1476, 955.33704, 717.7843, , 
65597.934401041, 001052, -0.72782385, -0.06421664, 3.4447925, -0.23307429, 0.4998898, -0.64865535, 0.5244357, 1600.1476, 1600.1476, 955.33997, 717.78485, , 
65597.967739375, 001053, -0.7171207, -0.06409272, 3.4543018, -0.24011977, 0.5088597, -0.64652985, 0.51517314, 1600.1476, 1600.1476, 955.3447, 717.7842, , 
65597.984408666, 001054, -0.71188927, -0.06345985, 3.4581573, -0.24370003, 0.51211005, -0.64556766, 0.51146454, 1600.1476, 1600.1476, 955.34534, 717.78296, , 
65598.001077833, 001055, -0.70695454, -0.06313589, 3.4619055, -0.24724238, 0.51456565, -0.6447928, 0.5082673, 1600.1476, 1600.1476, 955.3454, 717.7807, , 
65598.034416333, 001056, -0.6973368, -0.063317634, 3.4693816, -0.2538301, 0.5193654, -0.6432484, 0.50205714, 1600.1476, 1600.1476, 955.34564, 717.7775, , 
65598.051085416, 001057, -0.6923722, -0.063531905, 3.473024, -0.25748065, 0.5220447, -0.6423917, 0.49850374, 1600.1476, 1600.1476, 955.3459, 717.77606, , 
65598.067754666, 001058, -0.6872048, -0.063580796, 3.4764514, -0.26132903, 0.52459306, -0.6419293, 0.49440467, 1600.1476, 1600.1476, 955.34625, 717.77234, , 
65598.084423916, 001059, -0.6818242, -0.0637548, 3.4796166, -0.2650708, 0.5272493, -0.6417789, 0.4897607, 1600.1476, 1600.1476, 955.3468, 717.76764, , 
65598.11776225, 001060, -0.67013466, -0.063057266, 3.4855883, -0.27246997, 0.532765, -0.6420085, 0.479319, 1600.1476, 1600.1476, 955.34973, 717.7558, , 
65598.1344315, 001061, -0.66420704, -0.06259631, 3.488468, -0.2755256, 0.5355951, -0.64197266, 0.47444147, 1600.1476, 1600.1476, 955.35144, 717.75183, , 
65598.151100666, 001062, -0.6584459, -0.06213144, 3.4912438, -0.27842742, 0.53815985, -0.64174634, 0.47013173, 1600.1476, 1600.1476, 955.3532, 717.7486, , 
65598.184439208, 001063, -0.6472421, -0.06033521, 3.4964347, -0.28404173, 0.5428269, -0.6405216, 0.4630242, 1600.1476, 1600.1476, 955.3554, 717.7431, , 
65598.201108208, 001064, -0.6419958, -0.059808053, 3.499104, -0.28622752, 0.5447741, -0.63991857, 0.46021655, 1600.1476, 1600.1476, 955.35626, 717.7418, , 
65598.217777541, 001065, -0.6368861, -0.059344098, 3.5017743, -0.2881029, 0.54675496, -0.6392035, 0.45768392, 1600.1476, 1600.1476, 955.3574, 717.7413, , 
65598.251115916, 001066, -0.6270478, -0.058264613, 3.5067897, -0.29263297, 0.5500528, -0.6371716, 0.45367402, 1600.1476, 1600.1476, 955.358, 717.7411, , 
65598.267785, 001067, -0.62218654, -0.057636537, 3.509127, -0.29591325, 0.5515053, -0.63548774, 0.45214215, 1600.1476, 1600.1476, 955.35657, 717.7416, , 
65598.301123541, 001068, -0.6142598, -0.055833, 3.5108402, -0.30248022, 0.5552927, -0.63109237, 0.44930845, 1600.1476, 1600.1476, 955.3537, 717.7442, , 
65598.317792791, 001069, -0.6093918, -0.05535164, 3.512976, -0.30549154, 0.5573059, -0.6287376, 0.44807816, 1600.1476, 1600.1476, 955.3523, 717.7477, , 
65598.334462041, 001070, -0.6043569, -0.05496441, 3.5152717, -0.30847818, 0.55924875, -0.62636536, 0.44693235, 1600.1476, 1600.1476, 955.35114, 717.75037, , 
65598.367800333, 001071, -0.5951457, -0.0534067, 3.5177543, -0.3145419, 0.56385773, -0.6211784, 0.4441455, 1600.1476, 1600.1476, 955.34894, 717.75555, , 
65598.3844695, 001072, -0.5900852, -0.052990984, 3.5193639, -0.31780392, 0.56604075, -0.6186401, 0.44258654, 1600.1476, 1600.1476, 955.34753, 717.75916, , 
65598.401138833, 001073, -0.58455056, -0.052890703, 3.5213876, -0.32126036, 0.56825715, -0.615974, 0.44096676, 1600.1476, 1600.1476, 955.3465, 717.76166, , 
65598.434477083, 001074, -0.57257414, -0.053169765, 3.5257273, -0.32744694, 0.57301646, -0.6107049, 0.4375731, 1600.1476, 1600.1476, 955.3445, 717.7684, , 
65598.451146375, 001075, -0.56623226, -0.053498022, 3.52795, -0.32944015, 0.575394, -0.6086797, 0.4357751, 1600.1476, 1600.1476, 955.3446, 717.77124, , 
65598.484484833, 001076, -0.55439097, -0.05447167, 3.5315387, -0.3317225, 0.579628, -0.6055617, 0.4327662, 1600.1476, 1600.1476, 955.34576, 717.7767, , 
65598.501153875, 001077, -0.5483191, -0.055065863, 3.5333982, -0.33331403, 0.5810639, -0.6041701, 0.43156117, 1600.1476, 1600.1476, 955.34576, 717.7782, , 
65598.517823166, 001078, -0.54212624, -0.055712655, 3.535417, -0.33482307, 0.5821279, -0.60293806, 0.4306811, 1600.1476, 1600.1476, 955.3454, 717.7794, , 
65598.551161583, 001079, -0.5295964, -0.057028312, 3.5394804, -0.33768803, 0.58361393, -0.60102546, 0.42910373, 1600.1476, 1600.1476, 955.34436, 717.78076, , 
65598.567830708, 001080, -0.52311635, -0.057651173, 3.5414288, -0.33936843, 0.5843467, -0.60015243, 0.42800128, 1600.1476, 1600.1476, 955.34393, 717.78064, , 
65598.601169166, 001081, -0.51089376, -0.059409495, 3.5438092, -0.34279433, 0.5864713, -0.59805036, 0.42529878, 1600.1476, 1600.1476, 955.34296, 717.7801, , 
65598.617838333, 001082, -0.5037757, -0.059994586, 3.545534, -0.34500366, 0.5877672, -0.5966379, 0.42370442, 1600.1476, 1600.1476, 955.3425, 717.78046, , 
65598.634507625, 001083, -0.4962784, -0.06037689, 3.5472088, -0.34780064, 0.5892327, -0.59476537, 0.42201132, 1600.1476, 1600.1476, 955.3419, 717.7809, , 
65598.667845916, 001084, -0.48041964, -0.060418397, 3.5502634, -0.3543896, 0.59240633, -0.58997583, 0.4187974, 1600.1476, 1600.1476, 955.33905, 717.7833, , 
65598.684515166, 001085, -0.47354585, -0.0600376, 3.5503306, -0.35745445, 0.5943852, -0.58706844, 0.41747245, 1600.5995, 1600.5995, 955.3379, 717.7854, , 
65598.7178535, 001086, -0.4572248, -0.058787208, 3.552243, -0.36546963, 0.5988852, -0.57970965, 0.41437325, 1600.1476, 1600.1476, 955.3343, 717.7926, , 
65598.734522666, 001087, -0.4487028, -0.057850536, 3.5532017, -0.37058064, 0.60142857, -0.57507724, 0.41260132, 1600.1476, 1600.1476, 955.33215, 717.7962, , 
65598.751191958, 001088, -0.44018874, -0.056730427, 3.554073, -0.37584427, 0.6039927, -0.57025015, 0.4107903, 1600.1476, 1600.1476, 955.32916, 717.8011, , 
65598.784530458, 001089, -0.423542, -0.053865746, 3.5557873, -0.38519016, 0.6086492, -0.56124014, 0.40765706, 1600.5995, 1600.5995, 955.3251, 717.8078, , 
65598.801199541, 001090, -0.41524825, -0.052301645, 3.5563095, -0.39021388, 0.61067855, -0.5569248, 0.4057581, 1600.1476, 1600.1476, 955.3224, 717.81085, , 
65598.817868708, 001091, -0.4069018, -0.05065521, 3.55662, -0.3954859, 0.61273444, -0.5525357, 0.40354884, 1600.1476, 1600.1476, 955.3203, 717.8124, , 
65598.85120725, 001092, -0.39018485, -0.047519755, 3.556851, -0.40580863, 0.6172005, -0.54336435, 0.39892107, 1600.5995, 1600.5995, 955.3167, 717.8161, , 
65598.867876291, 001093, -0.38190168, -0.046129376, 3.5567546, -0.41021037, 0.6193768, -0.5391221, 0.39679617, 1600.5995, 1600.5995, 955.31476, 717.81885, , 
65598.884545541, 001094, -0.37179083, -0.045247518, 3.5573866, -0.41427347, 0.62110925, -0.5357049, 0.3944883, 1600.1476, 1600.1476, 955.3136, 717.82, , 
65598.917884, 001095, -0.3546231, -0.042953335, 3.5565147, -0.42201954, 0.62300074, -0.53167796, 0.3887005, 1600.1476, 1600.1476, 955.3109, 717.8148, , 
65598.934553291, 001096, -0.3465974, -0.041856684, 3.5557086, -0.42535317, 0.6236158, -0.5308184, 0.3852402, 1600.1476, 1600.1476, 955.31006, 717.81024, , 
65598.967891541, 001097, -0.32816562, -0.040975034, 3.555856, -0.43120417, 0.62548006, -0.5294907, 0.37746164, 1600.1476, 1600.1476, 955.3094, 717.7993, , 
65598.984560833, 001098, -0.31955516, -0.04066351, 3.555863, -0.43405828, 0.6265978, -0.52871424, 0.37340313, 1600.1476, 1600.1476, 955.3094, 717.7953, , 
65599.001230125, 001099, -0.31166437, -0.040317602, 3.5556684, -0.43651503, 0.62770015, -0.5280302, 0.3696365, 1600.1476, 1600.1476, 955.3095, 717.7916, , 
65599.034568291, 001100, -0.2963359, -0.039904766, 3.5553553, -0.43979993, 0.6310709, -0.52648413, 0.36213234, 1600.5995, 1600.5995, 955.31116, 717.78735, , 
65599.051237625, 001101, -0.28868568, -0.039816584, 3.5552578, -0.44113615, 0.63347393, -0.5251652, 0.35820547, 1600.5995, 1600.5995, 955.3124, 717.7878, , 
65599.084575916, 001102, -0.27199084, -0.041057233, 3.5555844, -0.44395432, 0.6390369, -0.52096355, 0.35090375, 1600.1476, 1600.1476, 955.3153, 717.7926, , 
65599.101245125, 001103, -0.2641499, -0.041615605, 3.5559232, -0.44534203, 0.64186263, -0.5183658, 0.34782133, 1600.1476, 1600.1476, 955.31635, 717.7962, , 
65599.117914333, 001104, -0.25702527, -0.041753788, 3.5561974, -0.44674334, 0.6443787, -0.515881, 0.3450555, 1600.1476, 1600.1476, 955.31726, 717.79974, , 
65599.151252791, 001105, -0.24357843, -0.041485082, 3.5564892, -0.44951466, 0.6480717, -0.5121895, 0.34000212, 1600.1476, 1600.1476, 955.31854, 717.8043, , 
65599.167921916, 001106, -0.23474765, -0.042021498, 3.556176, -0.45063242, 0.6496168, -0.5110009, 0.33735222, 1600.1476, 1600.1476, 955.3193, 717.80536, , 
65599.184591125, 001107, -0.22723618, -0.042197354, 3.5562642, -0.45154735, 0.65153503, -0.50970995, 0.33436942, 1600.1476, 1600.1476, 955.3207, 717.8072, , 
65599.217929541, 001108, -0.2132599, -0.04238844, 3.5569358, -0.45361298, 0.6553124, -0.50715107, 0.32802242, 1600.1476, 1600.1476, 955.323, 717.80963, , 
65599.234598708, 001109, -0.20651504, -0.042406175, 3.557389, -0.45464674, 0.6567013, -0.5064073, 0.3249481, 1600.1476, 1600.1476, 955.3244, 717.8096, , 
65599.251267916, 001110, -0.19982845, -0.042380847, 3.5578954, -0.45559296, 0.65785867, -0.50596607, 0.32195547, 1600.5995, 1600.5995, 955.32544, 717.8087, , 
65599.284606416, 001111, -0.18478197, -0.042609267, 3.5587857, -0.4584596, 0.66026354, -0.5043822, 0.31538138, 1600.5995, 1600.5995, 955.3273, 717.8069, , 
65599.301275583, 001112, -0.17758784, -0.042756125, 3.559333, -0.460258, 0.6616973, -0.50287336, 0.3121499, 1600.1476, 1600.1476, 955.32825, 717.80646, , 
65599.31794475, 001113, -0.17080802, -0.0428887, 3.5600278, -0.46242067, 0.6632169, -0.5007611, 0.30910975, 1600.1476, 1600.1476, 955.3284, 717.80676, , 
65599.351283125, 001114, -0.15759611, -0.043043554, 3.5616157, -0.46786964, 0.6659217, -0.49547517, 0.30356306, 1600.5995, 1600.5995, 955.3274, 717.80743, , 
65599.367952416, 001115, -0.15095568, -0.043072086, 3.5624225, -0.47086105, 0.6671506, -0.49263525, 0.30084938, 1600.5995, 1600.5995, 955.3266, 717.8074, , 
65599.3846215, 001116, -0.14096671, -0.04298781, 3.5626047, -0.47377938, 0.6685096, -0.48981383, 0.2978427, 1600.5995, 1600.5995, 955.32587, 717.8075, , 
65599.417959958, 001117, -0.12566316, -0.04322842, 3.5642312, -0.47857684, 0.67189676, -0.48401314, 0.2919765, 1600.5995, 1600.5995, 955.32544, 717.8103, , 
65599.434629208, 001118, -0.11866858, -0.04334408, 3.5652301, -0.48148403, 0.6733884, -0.48065844, 0.28929013, 1600.5995, 1600.5995, 955.3248, 717.8115, , 
65599.451298458, 001119, -0.11193969, -0.043406907, 3.5663197, -0.48480037, 0.6744844, -0.4770647, 0.28713888, 1600.1476, 1600.1476, 955.3231, 717.8124, , 
65599.467967541, 001120, -0.10537259, -0.043417484, 3.5675511, -0.48831195, 0.67518485, -0.47354808, 0.28535762, 1600.1476, 1600.1476, 955.32135, 717.8124, , 
65599.501305958, 001121, -0.08855889, -0.04317921, 3.570302, -0.49386868, 0.67662495, -0.46781406, 0.28181973, 1600.1476, 1600.1476, 955.31824, 717.8121, , 
65599.51797525, 001122, -0.08118565, -0.04313755, 3.5718265, -0.49566853, 0.6778251, -0.46563628, 0.27937192, 1600.1476, 1600.1476, 955.318, 717.8126, , 
65599.534644208, 001123, -0.07404255, -0.04305376, 3.5735133, -0.49698454, 0.6787963, -0.4642017, 0.27705377, 1600.1476, 1600.1476, 955.31824, 717.81305, , 
65599.567982708, 001124, -0.06052299, -0.042525418, 3.5772624, -0.49982584, 0.6786421, -0.4632648, 0.27386993, 1600.1476, 1600.1476, 955.31775, 717.8087, , 
65599.584652, 001125, -0.051660962, -0.04332839, 3.5789523, 0.5012454, -0.67757195, 0.46405798, -0.272579, 1600.1476, 1600.1476, 955.3172, 717.80426, , 
65599.60132125, 001126, -0.044252567, -0.043255977, 3.5811472, 0.50189626, -0.6762943, 0.46581873, -0.2715494, 1600.1476, 1600.1476, 955.31696, 717.79895, , 
65599.634659541, 001127, -0.030171752, -0.04244946, 3.5867746, 0.5004419, -0.67337954, 0.4722994, -0.27027982, 1600.1476, 1600.1476, 955.31866, 717.7861, , 
65599.651328791, 001128, -0.023067892, -0.04199952, 3.590235, -0.49845767, 0.6722525, -0.4761481, 0.26999936, 1600.1476, 1600.1476, 955.32043, 717.78174, , 
65599.667997916, 001129, -0.015957288, -0.04153324, 3.5941434, -0.49625286, 0.671551, -0.47950023, 0.26987392, 1600.5995, 1600.5995, 955.3231, 717.77814, , 
65599.701336291, 001130, -1.4853309e-05, -0.04294968, 3.6023417, -0.49230736, 0.6702463, -0.48448664, 0.27143326, 1600.1476, 1600.1476, 955.3261, 717.7764, , 
65599.718005541, 001131, 0.0063076913, -0.042637136, 3.6078975, -0.49054855, 0.66943043, -0.48626864, 0.27343708, 1600.1476, 1600.1476, 955.3267, 717.7764, , 
65599.734674708, 001132, 0.012107454, -0.04222279, 3.6141415, -0.48893514, 0.66839767, -0.48776224, 0.27617928, 1600.1476, 1600.1476, 955.3266, 717.7766, , 
65599.768013083, 001133, 0.022656694, -0.041329477, 3.628187, -0.4869399, 0.6655111, -0.48951235, 0.28348204, 1600.5995, 1600.5995, 955.3234, 717.77734, , 
65599.784682291, 001134, 0.027738484, -0.042629573, 3.6354601, -0.48619825, 0.6635923, -0.49012345, 0.2881591, 1600.5995, 1600.5995, 955.32135, 717.7776, , 
65599.8013515, 001135, 0.03268417, -0.043002877, 3.643422, -0.48488596, 0.6616938, -0.49104765, 0.29311967, 1600.1476, 1600.1476, 955.3194, 717.7782, , 
65599.834689833, 001136, 0.042677082, -0.04345625, 3.6608014, -0.4801203, 0.65795815, -0.49457067, 0.3032744, 1600.1476, 1600.1476, 955.3166, 717.781, , 
65599.851359125, 001137, 0.04767502, -0.043798815, 3.6700149, -0.4769635, 0.65586287, -0.4972344, 0.30839527, 1600.1476, 1600.1476, 955.31604, 717.782, , 
65599.868028291, 001138, 0.052543383, -0.044224292, 3.679535, -0.4735548, 0.6532247, -0.5006459, 0.31368294, 1600.1476, 1600.1476, 955.3154, 717.78235, , 
65599.90136675, 001139, 0.05857878, -0.04762417, 3.6979108, -0.4647033, 0.64717114, -0.5091099, 0.32561848, 1600.1476, 1600.1476, 955.31506, 717.7818, , 
65599.918035833, 001140, 0.06298054, -0.048665013, 3.708169, -0.45893517, 0.64420116, -0.5142111, 0.33161774, 1600.1476, 1600.1476, 955.31555, 717.78186, , 
65599.934705041, 001141, 0.067505255, -0.049727686, 3.7187815, -0.45227602, 0.64124984, -0.5197425, 0.33780578, 1600.1476, 1600.1476, 955.3172, 717.78284, , 
65599.968043541, 001142, 0.07602248, -0.05203399, 3.7407477, -0.43744886, 0.6347786, -0.5312694, 0.35135093, 1600.1476, 1600.1476, 955.31995, 717.7858, , 
65599.984712541, 001143, 0.07595646, -0.05488246, 3.7503252, -0.4297436, 0.6310803, -0.5367263, 0.35914195, 1600.1476, 1600.1476, 955.3215, 717.7887, , 
65600.018051, 001144, 0.08063491, -0.05816409, 3.7723618, -0.4135785, 0.6229065, -0.54736286, 0.37594438, 1600.5995, 1600.5995, 955.32324, 717.7936, , 
65600.034720291, 001145, 0.08331515, -0.05961724, 3.783821, -0.40502, 0.61861795, -0.5525415, 0.3846666, 1600.5995, 1600.5995, 955.32404, 717.79645, , 
65600.051389541, 001146, 0.085958876, -0.061141625, 3.795387, -0.3961989, 0.6144486, -0.5574564, 0.3933468, 1600.5995, 1600.5995, 955.32544, 717.8012, , 
65600.08472775, 001147, 0.087719254, -0.06550527, 3.8172457, -0.37907833, 0.6057597, -0.5664066, 0.41053444, 1600.5995, 1600.5995, 955.3275, 717.80963, , 
65600.101397041, 001148, 0.0887688, -0.06747974, 3.8282316, -0.37072724, 0.60106415, -0.5705338, 0.41925463, 1600.5995, 1600.5995, 955.3284, 717.8148, , 
65600.134735375, 001149, 0.091629766, -0.070635736, 3.8501964, -0.35403666, 0.59020215, -0.57949287, 0.4364716, 1600.5995, 1600.5995, 955.3293, 717.81964, , 
65600.151404583, 001150, 0.09288095, -0.07201646, 3.8609123, -0.34540427, 0.5839442, -0.5845501, 0.44497874, 1600.5995, 1600.5995, 955.32947, 717.8202, , 
65600.184743, 001151, 0.091891654, -0.07542554, 3.8805866, -0.32592747, 0.57049596, -0.59601974, 0.46159086, 1600.1476, 1600.1476, 955.3309, 717.8197, , 
65600.20141225, 001152, 0.0916356, -0.07701302, 3.8904762, -0.3148889, 0.5634761, -0.6021278, 0.46987432, 1600.1476, 1600.1476, 955.3329, 717.819, , 
65600.218081333, 001153, 0.09178573, -0.078418486, 3.9005048, -0.30346793, 0.5560384, -0.60834026, 0.4781743, 1600.1476, 1600.1476, 955.3345, 717.81793, , 
65600.251419833, 001154, 0.09153859, -0.08095939, 3.9202943, -0.2807377, 0.5396765, -0.6203626, 0.49506164, 1600.1476, 1600.1476, 955.33704, 717.81366, , 
65600.268089041, 001155, 0.090694934, -0.08220071, 3.9298549, -0.26938912, 0.5307105, -0.62622964, 0.50359917, 1600.1476, 1600.1476, 955.3375, 717.81134, , 
65600.301427333, 001156, 0.085609026, -0.08542261, 3.9468825, -0.24605161, 0.51239204, -0.6362257, 0.5216605, 1600.5995, 1600.5995, 955.33856, 717.8087, , 
65600.318096583, 001157, 0.08360222, -0.08649913, 3.9560711, -0.23394956, 0.5029573, -0.6406133, 0.53095776, 1600.5995, 1600.5995, 955.33905, 717.80884, , 
65600.334765833, 001158, 0.08121014, -0.08734276, 3.9650447, -0.22160055, 0.49290067, -0.64481235, 0.54051757, 1600.5995, 1600.5995, 955.33923, 717.80927, , 
65600.368104083, 001159, 0.07475939, -0.08817243, 3.9815888, -0.1968714, 0.46997812, -0.65324205, 0.56003296, 1600.5995, 1600.5995, 955.33777, 717.8076, , 
65600.384773333, 001160, 0.06975123, -0.08843811, 3.9890492, -0.18444927, 0.4576524, -0.65705013, 0.56992805, 1600.1476, 1600.1476, 955.3365, 717.8063, , 
65600.401442583, 001161, 0.06531259, -0.08843091, 3.9964383, -0.1716314, 0.44578105, -0.6602684, 0.5795407, 1600.1476, 1600.1476, 955.3356, 717.8061, , 
65600.434780791, 001162, 0.055968735, -0.08794131, 4.010352, -0.14466314, 0.4230605, -0.6650661, 0.5981467, 1600.1476, 1600.1476, 955.3359, 717.8109, , 
65600.451450125, 001163, 0.050815962, -0.08734241, 4.01648, -0.13106428, 0.4114738, -0.6671892, 0.6069349, 1600.1476, 1600.1476, 955.33636, 717.81305, , 
65600.468119333, 001164, 0.044966936, -0.08647268, 4.0218964, -0.117304444, 0.3997547, -0.66926515, 0.6152398, 1600.1476, 1600.1476, 955.33704, 717.8152, , 
65600.4847885, 001165, 0.037265733, -0.0852163, 4.0263495, -0.103560396, 0.3881123, -0.6708744, 0.6233551, 1600.1476, 1600.1476, 955.33777, 717.81683, , 
65600.518126875, 001166, 0.023457006, -0.08321853, 4.034041, -0.07687885, 0.3645904, -0.6726809, 0.6392682, 1600.1476, 1600.1476, 955.33905, 717.8227, , 
65600.534796125, 001167, 0.016427353, -0.082282744, 4.03704, -0.06376809, 0.3527853, -0.67304343, 0.646907, 1600.1476, 1600.1476, 955.3395, 717.82574, , 
65600.551465333, 001168, 0.009303622, -0.081348166, 4.0394874, -0.05073709, 0.34117427, -0.67314655, 0.6541403, 1600.1476, 1600.1476, 955.3402, 717.8288, , 
65600.584803583, 001169, -0.0063971016, -0.07941707, 4.0420103, -0.026074179, 0.3177201, -0.6729596, 0.6674574, 1600.1476, 1600.1476, 955.3414, 717.8347, , 
65600.601472791, 001170, -0.0142063275, -0.078467414, 4.042382, 0.014725006, -0.305613, 0.67278785, -0.6736025, 1600.1476, 1600.1476, 955.341, 717.83624, , 
65600.618142041, 001171, -0.021827556, -0.07759222, 4.0423183, 0.0038914236, -0.29344195, 0.67262983, -0.6792979, 1600.1476, 1600.1476, 955.33984, 717.83734, , 
65600.651480541, 001172, -0.03707356, -0.07620472, 4.041174, -0.017875697, -0.26970756, 0.67224175, -0.6892237, 1600.1476, 1600.1476, 955.33856, 717.8375, , 
65600.668149625, 001173, -0.04482671, -0.07574214, 4.0401635, -0.029525759, -0.25839445, 0.6719398, -0.6934388, 1600.1476, 1600.1476, 955.33856, 717.8371, , 
65600.701488041, 001174, -0.06082519, -0.07528682, 4.037057, -0.053980745, -0.23617041, 0.6709449, -0.70081556, 1600.1476, 1600.1476, 955.34033, 717.83514, , 
65600.71815725, 001175, -0.06907467, -0.07520022, 4.035006, -0.06624438, -0.2248982, 0.6702411, -0.70413727, 1600.1476, 1600.1476, 955.3411, 717.8338, , 
65600.751495541, 001176, -0.086201765, -0.07547657, 4.0297923, -0.090231895, -0.20232704, 0.6681777, -0.71025383, 1600.5995, 1600.5995, 955.34265, 717.8306, , 
65600.768164791, 001177, -0.095071636, -0.07584655, 4.0267305, -0.10173004, -0.19139417, 0.666734, -0.7130814, 1600.5995, 1600.5995, 955.3433, 717.8298, , 
65600.801503, 001178, -0.11233819, -0.07797236, 4.019626, -0.12386254, -0.17049143, 0.66311944, -0.71823627, 1600.1476, 1600.1476, 955.3452, 717.82904, , 
65600.818172333, 001179, -0.12145052, -0.078739956, 4.015813, -0.13493766, -0.16054018, 0.6609165, -0.72056097, 1600.1476, 1600.1476, 955.3464, 717.82916, , 
65600.851510833, 001180, -0.13997018, -0.080206364, 4.007425, -0.15732679, -0.14115067, 0.65595096, -0.72460544, 1600.1476, 1600.1476, 955.3502, 717.82935, , 
65600.86818, 001181, -0.14931738, -0.08084334, 4.0027947, -0.16859499, -0.13149929, 0.65334797, -0.7262369, 1600.1476, 1600.1476, 955.35205, 717.82886, , 
65600.901518333, 001182, -0.16457826, -0.082417436, 3.9924257, -0.19124408, -0.112592824, 0.6482256, -0.72839004, 1600.1476, 1600.1476, 955.3563, 717.8257, , 
65600.918187583, 001183, -0.17358105, -0.0828175, 3.9871268, -0.2026811, -0.10352644, 0.6453291, -0.7292139, 1600.1476, 1600.1476, 955.3587, 717.8239, , 
65600.951525875, 001184, -0.19195881, -0.08344984, 3.9758265, -0.22461297, -0.08583668, 0.63874847, -0.7308772, 1600.1476, 1600.1476, 955.3644, 717.8213, , 
65600.968195083, 001185, -0.1998538, -0.083905354, 3.9697444, -0.23409958, -0.07679189, 0.6354272, -0.731801, 1600.1476, 1600.1476, 955.366, 717.82117, , 
65601.001533541, 001186, -0.21376887, -0.08500615, 3.9567797, -0.25051293, -0.057220623, 0.6286341, -0.73402196, 1600.1476, 1600.1476, 955.3661, 717.8229, , 
65601.018202666, 001187, -0.22195916, -0.08539308, 3.9500382, -0.25841266, -0.0473012, 0.62487787, -0.735196, 1600.1476, 1600.1476, 955.3658, 717.8244, , 
65601.051541083, 001188, -0.23838615, -0.08634427, 3.9365284, -0.27502057, -0.028053029, 0.61636317, -0.73734194, 1600.1476, 1600.1476, 955.36694, 717.82916, , 
65601.068210291, 001189, -0.24641047, -0.08694676, 3.929785, -0.28359005, -0.018881937, 0.61169326, -0.73827606, 1600.1476, 1600.1476, 955.36835, 717.83154, , 
65601.101548541, 001190, -0.25715432, -0.08858964, 3.9173768, -0.30021018, -0.0015064807, 0.60253, -0.739479, 1600.1476, 1600.1476, 955.37146, 717.8359, , 
65601.11821775, 001191, -0.26407236, -0.08924549, 3.9106987, -0.30801728, 0.0068537877, 0.5980696, -0.7398588, 1600.1476, 1600.1476, 955.3734, 717.8381, , 
65601.134887, 001192, -0.27105406, -0.08989237, 3.9039836, -0.31539872, 0.014837267, 0.593715, -0.7401391, 1600.1476, 1600.1476, 955.3747, 717.83966, , 
65601.151556208, 001193, -0.2779579, -0.090557985, 3.897303, -0.3224165, 0.022488602, 0.5894047, -0.7403674, 1600.1476, 1600.1476, 955.3761, 717.84125, , 
65601.184894541, 001194, -0.28824672, -0.09183509, 3.8843951, -0.3353722, 0.036955465, 0.5811877, -0.7405272, 1599.6957, 1599.6957, 955.37915, 717.84503, , 
65601.201563791, 001195, -0.29378018, -0.09251381, 3.87808, -0.3414937, 0.043798577, 0.5771135, -0.7405429, 1600.1476, 1600.1476, 955.3803, 717.84656, , 
65601.218232916, 001196, -0.29995507, -0.09323324, 3.8718815, -0.34734157, 0.050159946, 0.5730747, -0.740556, 1600.1476, 1600.1476, 955.38226, 717.84875, , 
65601.251571291, 001197, -0.3126611, -0.09467718, 3.859844, -0.35822794, 0.06173447, 0.5653834, -0.7404075, 1600.1476, 1600.1476, 955.3853, 717.8517, , 
65601.268240541, 001198, -0.31897217, -0.09535562, 3.8539438, -0.36324176, 0.067212254, 0.5617993, -0.74021584, 1600.1476, 1600.1476, 955.38715, 717.8533, , 
65601.28490975, 001199, -0.32251668, -0.09600198, 3.8489153, -0.36814827, 0.07248261, 0.55841106, -0.73985827, 1600.1476, 1600.1476, 955.3884, 717.8541, , 
65601.301579, 001200, -0.32783797, -0.09659633, 3.8434138, -0.3731497, 0.077534914, 0.5549283, -0.7394607, 1600.1476, 1600.1476, 955.38995, 717.85486, , 
65601.334917291, 001201, -0.33968717, -0.097647235, 3.8321776, -0.382867, 0.08699987, 0.54811984, -0.7385178, 1600.1476, 1600.1476, 955.3937, 717.8557, , 
65601.3515865, 001202, -0.34567258, -0.098077714, 3.8265567, -0.38739997, 0.09177081, 0.5450216, -0.7378691, 1600.1476, 1600.1476, 955.39484, 717.85565, , 
65601.368255708, 001203, -0.3516659, -0.09844567, 3.820939, -0.39174765, 0.09659709, 0.5421064, -0.7371047, 1600.1476, 1600.1476, 955.39575, 717.8551, , 
65601.384924958, 001204, -0.35503805, -0.099164814, 3.816671, -0.3961965, 0.10140834, 0.53921735, -0.73619926, 1600.1476, 1600.1476, 955.3965, 717.85455, , 
65601.418263208, 001205, -0.3663321, -0.099961065, 3.806023, -0.40565765, 0.11110008, 0.53269786, -0.734392, 1599.6957, 1599.6957, 955.3987, 717.85333, , 
65601.4349325, 001206, -0.3726596, -0.100286916, 3.8004339, -0.4102998, 0.11585154, 0.5291982, -0.7336087, 1599.6957, 1599.6957, 955.4004, 717.853, , 
65601.451601666, 001207, -0.3791624, -0.100587726, 3.7947488, -0.41471082, 0.120564766, 0.5256724, -0.73290354, 1599.6957, 1599.6957, 955.4018, 717.8533, , 
65601.468270916, 001208, -0.38575998, -0.10085967, 3.7889543, -0.4188956, 0.12529488, 0.52215576, -0.73224384, 1600.1476, 1600.1476, 955.4031, 717.8538, , 
65601.48494, 001209, -0.3912255, -0.101394325, 3.7838295, -0.42295784, 0.13004574, 0.5188577, -0.7314242, 1600.1476, 1600.1476, 955.4045, 717.8544, , 
65601.518278416, 001210, -0.40239352, -0.102173015, 3.7732666, -0.4310677, 0.13975233, 0.51269376, -0.7292427, 1600.1476, 1600.1476, 955.4055, 717.85364, , 
65601.534947708, 001211, -0.40881386, -0.10228127, 3.7674716, -0.43519813, 0.14449239, 0.509761, -0.72792053, 1600.1476, 1600.1476, 955.4059, 717.8519, , 
65601.55161675, 001212, -0.4154863, -0.102397405, 3.761718, -0.43938014, 0.14877488, 0.5068251, -0.7265944, 1600.1476, 1600.1476, 955.40656, 717.8504, , 
65601.568285916, 001213, -0.42241576, -0.102591895, 3.7560782, -0.44353402, 0.15240945, 0.5037339, -0.72546613, 1600.1476, 1600.1476, 955.40784, 717.84906, , 
65601.601624458, 001214, -0.4346228, -0.10357718, 3.7466185, -0.4505438, 0.15873592, 0.49788672, -0.72382456, 1600.1476, 1600.1476, 955.4118, 717.8483, , 
65601.618293708, 001215, -0.44137272, -0.10385354, 3.7414591, -0.45297977, 0.16210972, 0.4954943, -0.7231979, 1600.1476, 1600.1476, 955.4124, 717.8488, , 
65601.634962708, 001216, -0.4483409, -0.104028925, 3.7362094, -0.45504934, 0.16532953, 0.49326068, -0.7226964, 1600.1476, 1600.1476, 955.4125, 717.8495, , 
65601.651632, 001217, -0.45542502, -0.1041994, 3.7310247, -0.45709512, 0.16809753, 0.49086085, -0.7224008, 1600.1476, 1600.1476, 955.4133, 717.851, , 
65601.684970416, 001218, -0.4680544, -0.104603365, 3.7232165, -0.4613272, 0.17292269, 0.4859896, -0.72186494, 1600.1476, 1600.1476, 955.416, 717.8539, , 
65601.7016395, 001219, -0.4745996, -0.10484857, 3.7191656, -0.4629117, 0.17515376, 0.48395744, -0.721678, 1600.1476, 1600.1476, 955.4172, 717.8557, , 
65601.718308666, 001220, -0.48146814, -0.10516715, 3.714782, -0.46416232, 0.17724279, 0.48216823, -0.7215623, 1600.1476, 1600.1476, 955.4177, 717.8572, , 
65601.751647083, 001221, -0.4955575, -0.10608657, 3.7061992, -0.46668354, 0.18074098, 0.4787854, -0.7213208, 1600.1476, 1600.1476, 955.4195, 717.86, , 
65601.768316375, 001222, -0.50267977, -0.10666095, 3.7021651, -0.46794826, 0.18218786, 0.477185, -0.7211979, 1599.6957, 1599.6957, 955.4204, 717.86096, , 
65601.784985416, 001223, -0.5080258, -0.10721533, 3.7015908, -0.46918914, 0.18372414, 0.4758105, -0.7209101, 1599.6957, 1599.6957, 955.4211, 717.8619, , 
65601.818323875, 001224, -0.51987463, -0.108372584, 3.6985092, -0.47103953, 0.18726659, 0.47338077, -0.7203913, 1599.6957, 1599.6957, 955.4212, 717.86414, , 
65601.834993083, 001225, -0.5267474, -0.10901005, 3.6954913, -0.47195756, 0.18868777, 0.47203925, -0.7202999, 1599.6957, 1599.6957, 955.4216, 717.8652, , 
65601.851662125, 001226, -0.5337248, -0.109644175, 3.6924047, -0.4731481, 0.18971278, 0.47061902, -0.7201789, 1599.6957, 1599.6957, 955.423, 717.8662, , 
65601.885000666, 001227, -0.5430955, -0.111515634, 3.6956556, -0.47667137, 0.19160521, 0.46823123, -0.7189098, 1599.6957, 1599.6957, 955.4249, 717.8652, , 
65601.901669833, 001228, -0.54899466, -0.1120797, 3.6942182, -0.47824714, 0.19295076, 0.46736935, -0.7180637, 1599.6957, 1599.6957, 955.4252, 717.8638, , 
65601.918338916, 001229, -0.5551846, -0.11256528, 3.6918957, -0.47967273, 0.194522, 0.46661258, -0.71718055, 1599.6957, 1599.6957, 955.4248, 717.8617, , 
65601.951677333, 001230, -0.56775457, -0.11345561, 3.6868248, -0.4830739, 0.19734867, 0.46497813, -0.7151842, 1599.6957, 1599.6957, 955.4244, 717.8577, , 
65601.968346541, 001231, -0.5741163, -0.11383697, 3.6843777, -0.48517516, 0.19836177, 0.46401986, -0.71410304, 1599.6957, 1599.6957, 955.42505, 717.85425, , 
65601.985015791, 001232, -0.5779586, -0.114468955, 3.6873596, -0.4874085, 0.19904731, 0.4631374, -0.7129634, 1599.6957, 1599.6957, 955.4258, 717.8515, , 
65602.001684875, 001233, -0.5823174, -0.11514351, 3.6896794, -0.48923734, 0.19945112, 0.4620824, -0.7122822, 1600.1476, 1600.1476, 955.42694, 717.8497, , 
65602.035023375, 001234, -0.5947337, -0.11640574, 3.6874256, -0.49132422, 0.1994642, 0.45944896, -0.7125456, 1600.1476, 1600.1476, 955.43134, 717.85046, , 
65602.051692583, 001235, -0.6012615, -0.11694666, 3.6856396, -0.4920542, 0.19938467, 0.45831218, -0.71279615, 1600.1476, 1600.1476, 955.4333, 717.85156, , 
65602.06836175, 001236, -0.6076935, -0.117323235, 3.6839063, -0.49290597, 0.19947176, 0.45741057, -0.7127624, 1600.1476, 1600.1476, 955.4353, 717.8519, , 
65602.101700041, 001237, -0.61480623, -0.118446246, 3.6914368, -0.49467, 0.19976962, 0.45653006, -0.7120211, 1600.1476, 1600.1476, 955.4367, 717.85065, , 
65602.118369291, 001238, -0.62035507, -0.11868163, 3.6918695, -0.49469748, 0.20013279, 0.45639062, -0.71198934, 1600.1476, 1600.1476, 955.4366, 717.85077, , 
65602.135038458, 001239, -0.6264982, -0.11884527, 3.6914723, -0.49363184, 0.20034108, 0.45688054, -0.7123561, 1600.1476, 1600.1476, 955.43567, 717.8521, , 
65602.168376833, 001240, -0.6391744, -0.11908449, 3.690436, -0.4891833, 0.199951, 0.45972735, -0.7137016, 1600.1476, 1600.1476, 955.4308, 717.8566, , 
65602.185046041, 001241, -0.64229935, -0.11914017, 3.6943512, -0.4870899, 0.19918281, 0.46118313, -0.7144087, 1600.1476, 1600.1476, 955.42914, 717.8587, , 
65602.201715291, 001242, -0.6477933, -0.119244754, 3.6956348, -0.48524642, 0.19818899, 0.46231022, -0.7152107, 1599.6957, 1599.6957, 955.4282, 717.8605, , 
65602.2350535, 001243, -0.66099524, -0.11971283, 3.6967566, -0.48136884, 0.19603793, 0.46421027, -0.7171903, 1599.6957, 1599.6957, 955.42706, 717.8658, , 
65602.25172275, 001244, -0.6680529, -0.120150074, 3.6972768, -0.47935563, 0.19520092, 0.46492586, -0.71830267, 1599.6957, 1599.6957, 955.4266, 717.8687, , 
65602.268392, 001245, -0.6752121, -0.12065343, 3.6978428, -0.47782835, 0.19465268, 0.465357, -0.7191893, 1599.6957, 1599.6957, 955.42633, 717.8716, , 
65602.301730208, 001246, -0.6875127, -0.121642, 3.7016864, -0.477598, 0.19388959, 0.4659933, -0.7191364, 1599.6957, 1599.6957, 955.42596, 717.87213, , 
65602.3183995, 001247, -0.69459116, -0.12192491, 3.7030556, -0.47851902, 0.19331878, 0.46621293, -0.7185352, 1599.6957, 1599.6957, 955.42633, 717.86975, , 
65602.335068666, 001248, -0.701905, -0.12222646, 3.704424, -0.47966444, 0.19292837, 0.46624777, -0.71785355, 1599.6957, 1599.6957, 955.4268, 717.867, , 
65602.368406958, 001249, -0.7169995, -0.12296315, 3.7071607, -0.4821073, 0.19323272, 0.46568748, -0.7164976, 1599.6957, 1599.6957, 955.42786, 717.8617, , 
65602.38507625, 001250, -0.7243649, -0.1238888, 3.709391, -0.48355168, 0.1941375, 0.46519136, -0.71560144, 1599.6957, 1599.6957, 955.428, 717.85956, , 
65602.4017455, 001251, -0.7319843, -0.12427321, 3.7111568, -0.48490548, 0.19533123, 0.46510792, -0.7144138, 1599.6957, 1599.6957, 955.42706, 717.8558, , 
65602.435083916, 001252, -0.74752104, -0.12439558, 3.714442, -0.48729637, 0.19792157, 0.46579987, -0.7116177, 1599.6957, 1599.6957, 955.424, 717.84863, , 
65602.451752958, 001253, -0.7553504, -0.12430753, 3.7158895, -0.4886272, 0.19976676, 0.46609178, -0.70999664, 1599.6957, 1599.6957, 955.4212, 717.8434, , 
65602.468422166, 001254, -0.7632677, -0.124185696, 3.7172093, -0.48990154, 0.20199335, 0.46627218, -0.70836806, 1599.6957, 1599.6957, 955.419, 717.8397, , 
65602.501760625, 001255, -0.7804001, -0.12449056, 3.7206564, -0.4920188, 0.20646337, 0.46672752, -0.70530546, 1600.1476, 1600.1476, 955.4133, 717.8321, , 
65602.518429625, 001256, -0.7886465, -0.12427232, 3.721866, -0.49300084, 0.20881777, 0.46708235, -0.7036899, 1600.1476, 1600.1476, 955.41064, 717.82874, , 
65602.535098875, 001257, -0.7970186, -0.1240278, 3.7229218, -0.4935926, 0.211013, 0.46749824, -0.70234275, 1600.1476, 1600.1476, 955.40784, 717.8258, , 
65602.568437375, 001258, -0.8141292, -0.12365324, 3.7246783, -0.4934093, 0.21295542, 0.46733022, -0.701997, 1600.1476, 1600.1476, 955.40485, 717.82544, , 
65602.585106541, 001259, -0.8226329, -0.12342857, 3.725535, -0.49341452, 0.21282727, 0.46683493, -0.7023616, 1600.1476, 1600.1476, 955.4055, 717.8269, , 
65602.601775666, 001260, -0.8311188, -0.12317069, 3.7265909, -0.4934259, 0.21242876, 0.46688256, -0.7024426, 1600.1476, 1600.1476, 955.40625, 717.82715, , 
65602.635114125, 001261, -0.84759665, -0.122457914, 3.7288465, -0.49242395, 0.21196708, 0.46928626, -0.70168304, 1600.1476, 1600.1476, 955.40393, 717.8239, , 
65602.651783333, 001262, -0.85585076, -0.122179374, 3.7298067, -0.4910898, 0.21208586, 0.47075716, -0.7015968, 1600.1476, 1600.1476, 955.4017, 717.823, , 
65602.668452375, 001263, -0.86459476, -0.12211061, 3.7307858, -0.48947206, 0.21205905, 0.4717448, -0.7020719, 1600.1476, 1600.1476, 955.39923, 717.8242, , 
65602.70179075, 001264, -0.88234496, -0.12220869, 3.7325704, -0.48811445, 0.21045071, 0.47072378, -0.7041831, 1600.1476, 1600.1476, 955.4009, 717.8298, , 
65602.718459958, 001265, -0.8910115, -0.12218815, 3.7335024, -0.48894367, 0.20910853, 0.46923032, -0.70500404, 1600.1476, 1600.1476, 955.40497, 717.8326, , 
65602.73512925, 001266, -0.8994136, -0.122088894, 3.734449, -0.49051344, 0.20780633, 0.46759248, -0.7053867, 1600.1476, 1600.1476, 955.4087, 717.8331, , 
65602.7684675, 001267, -0.91530377, -0.12179808, 3.7358665, -0.49496892, 0.20683293, 0.4639977, -0.7049341, 1599.6957, 1599.6957, 955.4163, 717.83105, , 
65602.78513675, 001268, -0.92333454, -0.12153974, 3.7357345, -0.49732068, 0.20705536, 0.4622224, -0.7043796, 1599.6957, 1599.6957, 955.4189, 717.82947, , 
65602.801806, 001269, -0.9310056, -0.12143411, 3.7358396, -0.49946567, 0.207217, 0.46054506, -0.7039129, 1599.6957, 1599.6957, 955.4212, 717.82806, , 
65602.835144291, 001270, -0.94585735, -0.12151433, 3.7356632, 0.5027141, -0.20749502, -0.45693234, 0.7038731, 1600.1476, 1600.1476, 955.42725, 717.8279, , 
65602.8518135, 001271, -0.95305294, -0.12167103, 3.7352629, 0.50361496, -0.20764486, -0.45523894, 0.7042819, 1600.1476, 1600.1476, 955.42957, 717.82947, , 
65602.885152, 001272, -0.96626943, -0.12299666, 3.7336972, 0.5047017, -0.20803706, -0.4520239, 0.70545816, 1600.1476, 1600.1476, 955.43445, 717.8344, , 
65602.901821, 001273, -0.97291523, -0.12348899, 3.7328312, 0.5052816, -0.20807399, -0.45063695, 0.70591927, 1600.1476, 1600.1476, 955.4366, 717.8363, , 
65602.91849025, 001274, -0.97954744, -0.12393456, 3.7319946, 0.50588727, -0.20779303, -0.4495206, 0.70628, 1599.6957, 1599.6957, 955.43854, 717.8376, , 
65602.951828583, 001275, -0.9927146, -0.12491088, 3.730223, 0.5071722, -0.20625132, -0.44755432, 0.7070586, 1599.6957, 1599.6957, 955.4439, 717.8393, , 
65602.968497708, 001276, -0.99922913, -0.12543485, 3.7292943, 0.5077058, -0.20506148, -0.4467448, 0.7075334, 1599.6957, 1599.6957, 955.4465, 717.83997, , 
65602.985166958, 001277, -1.0007427, -0.12626232, 3.7280688, 0.50805104, -0.20362994, -0.44614443, 0.7080777, 1599.6957, 1599.6957, 955.44995, 717.8405, , 
65603.018505375, 001278, -1.0112948, -0.1274166, 3.7260358, 0.5084128, -0.19904694, -0.44572473, 0.7093844, 1600.1476, 1600.1476, 955.456, 717.8408, , 
65603.035174666, 001279, -1.0172781, -0.12789956, 3.724976, 0.508355, -0.19625911, -0.44584742, 0.7101251, 1600.1476, 1600.1476, 955.46014, 717.84094, , 
65603.051843708, 001280, -1.0232047, -0.12830262, 3.7238455, 0.5080978, -0.19347465, -0.4463057, 0.71078503, 1600.1476, 1600.1476, 955.4628, 717.8408, , 
65603.085182125, 001281, -1.0297738, -0.13070825, 3.722562, 0.50662166, -0.18778029, -0.4483419, 0.7120832, 1599.6957, 1599.6957, 955.4673, 717.84, , 
65603.101851333, 001282, -1.0346695, -0.13126524, 3.7214339, 0.5054754, -0.1849126, -0.4495001, 0.7129176, 1599.6957, 1599.6957, 955.46875, 717.8402, , 
65603.118520458, 001283, -1.0400114, -0.13164884, 3.720149, 0.503893, -0.18199101, -0.45075786, 0.71399474, 1599.6957, 1599.6957, 955.47003, 717.8411, , 
65603.135189666, 001284, -1.0454321, -0.13196021, 3.7187808, 0.50185263, -0.17911051, -0.45225534, 0.71521235, 1599.6957, 1599.6957, 955.47107, 717.8428, , 
65603.168528041, 001285, -1.0556453, -0.13261293, 3.7159817, -0.496961, 0.17428066, 0.45647293, -0.717139, 1599.6957, 1599.6957, 955.4699, 717.8459, , 
65603.18519725, 001286, -1.0605313, -0.13295624, 3.7145998, -0.49407342, 0.17225185, 0.45929763, -0.7178207, 1599.6957, 1599.6957, 955.4677, 717.8465, , 
65603.201866375, 001287, -1.0656477, -0.13318476, 3.7132123, -0.4909012, 0.16999754, 0.46237406, -0.718559, 1600.1476, 1600.1476, 955.464, 717.847, , 
65603.235204791, 001288, -1.0762783, -0.13373953, 3.7104394, -0.48419708, 0.16422054, 0.4683442, -0.720582, 1600.1476, 1600.1476, 955.45984, 717.8489, , 
65603.251873958, 001289, -1.0816958, -0.13401183, 3.7090964, -0.48075566, 0.16079189, 0.471402, -0.72166485, 1600.1476, 1600.1476, 955.45795, 717.8502, , 
65603.268543083, 001290, -1.0866846, -0.13444729, 3.7079775, -0.47730187, 0.1572657, 0.47470334, -0.7225698, 1600.1476, 1600.1476, 955.45624, 717.85065, , 
65603.301881541, 001291, -1.0970229, -0.13454522, 3.705588, -0.46942618, 0.15009592, 0.48250365, -0.7240859, 1599.6957, 1599.6957, 955.4501, 717.85004, , 
65603.31855075, 001292, -1.1025203, -0.13425367, 3.704419, -0.46453032, 0.14602414, 0.48669568, -0.72526944, 1599.6957, 1599.6957, 955.44714, 717.8507, , 
65603.335219791, 001293, -1.1080332, -0.13370681, 3.7035046, -0.45894352, 0.14121342, 0.49126646, -0.7266959, 1599.6957, 1599.6957, 955.44434, 717.8522, , 
65603.36855825, 001294, -1.1182796, -0.131344, 3.7023313, -0.44830966, 0.13102788, 0.5017538, -0.728075, 1600.1476, 1600.1476, 955.4366, 717.8506, , 
65603.3852275, 001295, -1.1225835, -0.12975517, 3.7027721, -0.4440183, 0.12597583, 0.5070787, -0.72790724, 1600.1476, 1600.1476, 955.433, 717.8468, , 
65603.401896625, 001296, -1.1271979, -0.12776119, 3.7029223, -0.44036448, 0.120519705, 0.5119591, -0.7276345, 1600.1476, 1600.1476, 955.4304, 717.8424, , 
65603.435235, 001297, -1.1365886, -0.123066515, 3.703254, -0.4350655, 0.10891913, 0.5199646, -0.7269741, 1600.1476, 1600.1476, 955.42957, 717.83203, , 
65603.451904208, 001298, -1.1410725, -0.12039686, 3.7034614, -0.43250945, 0.10339515, 0.5237735, -0.7265716, 1600.1476, 1600.1476, 955.42993, 717.82764, , 
65603.468573375, 001299, -1.145612, -0.11755673, 3.7036939, -0.4295263, 0.09851343, 0.5276401, -0.7262218, 1600.1476, 1600.1476, 955.429, 717.8224, , 
65603.501911666, 001300, -1.1534275, -0.111192495, 3.703919, -0.4219606, 0.09088248, 0.5361013, -0.72545505, 1600.1476, 1600.1476, 955.424, 717.8156, , 
65603.518580916, 001301, -1.1566993, -0.10771827, 3.7039068, -0.41777325, 0.08820713, 0.54057133, -0.7248915, 1599.6957, 1599.6957, 955.4186, 717.811, , 
65603.535250083, 001302, -1.1597008, -0.10415028, 3.7038558, -0.4134015, 0.08600845, 0.5451029, -0.7242683, 1599.6957, 1599.6957, 955.4137, 717.80743, , 
65603.568588375, 001303, -1.1650993, -0.096941404, 3.7035775, -0.4039871, 0.08245029, 0.5542782, -0.72302973, 1600.1476, 1600.1476, 955.40295, 717.8006, , 
65603.585257583, 001304, -1.1675688, -0.093504034, 3.7034054, -0.39924118, 0.081437334, 0.5588189, -0.7222853, 1600.1476, 1600.1476, 955.3952, 717.79626, , 
65603.601926791, 001305, -1.1697227, -0.08991897, 3.7031403, -0.39433533, 0.08045097, 0.5634896, -0.7214616, 1600.1476, 1600.1476, 955.38904, 717.79266, , 
65603.635265041, 001306, -1.1734848, -0.08253412, 3.702669, -0.3850424, 0.078304574, 0.5725563, -0.7195762, 1600.1476, 1600.1476, 955.3761, 717.78314, , 
65603.651934375, 001307, -1.1752117, -0.078699075, 3.7024603, -0.3807706, 0.07757299, 0.5767654, -0.7185665, 1600.1476, 1600.1476, 955.371, 717.7789, , 
65603.68527275, 001308, -1.178493, -0.07051471, 3.7021189, -0.37335193, 0.07712667, 0.5837135, -0.7168949, 1600.1476, 1600.1476, 955.36053, 717.77094, , 
65603.701941958, 001309, -1.180003, -0.066578254, 3.7020245, -0.37002325, 0.076852255, 0.5866274, -0.71627134, 1600.1476, 1600.1476, 955.3568, 717.7683, , 
65603.73528025, 001310, -1.1825776, -0.059213713, 3.7018487, -0.36356735, 0.07648264, 0.5918962, -0.7152818, 1600.5995, 1600.5995, 955.34924, 717.7633, , 
65603.7519495, 001311, -1.1836002, -0.05574765, 3.7016687, -0.36044648, 0.076986454, 0.5942306, -0.7148715, 1600.1476, 1600.1476, 955.34576, 717.7616, , 
65603.78528775, 001312, -1.183055, -0.048944764, 3.699996, -0.35429084, 0.07930817, 0.5980184, -0.71453637, 1600.1476, 1600.1476, 955.3379, 717.76044, , 
65603.801957041, 001313, -1.1833633, -0.045993306, 3.6994767, -0.35128137, 0.080869496, 0.5995589, -0.7145562, 1600.5995, 1600.5995, 955.3346, 717.7608, , 
65603.818626125, 001314, -1.1837815, -0.04320265, 3.6989045, -0.3484853, 0.083130464, 0.60091907, -0.71452343, 1600.1476, 1600.1476, 955.33124, 717.7612, , 
65603.851964666, 001315, -1.1845022, -0.03806788, 3.6975007, -0.3432072, 0.08909836, 0.60306287, -0.71455264, 1600.5995, 1600.5995, 955.3231, 717.7633, , 
65603.868633708, 001316, -1.1837641, -0.036296368, 3.6963682, -0.341018, 0.09246994, 0.60388887, -0.7144748, 1600.5995, 1600.5995, 955.31995, 717.7644, , 
65603.901972166, 001317, -1.1824586, -0.03260354, 3.6944423, -0.33745262, 0.09887289, 0.60560155, -0.7138604, 1600.1476, 1600.1476, 955.3136, 717.76495, , 
65603.918641375, 001318, -1.1821445, -0.030648097, 3.693685, -0.33562535, 0.10212814, 0.60640126, -0.7135846, 1600.5995, 1600.5995, 955.3109, 717.7652, , 
65603.951979666, 001319, -1.1819415, -0.027219579, 3.6921463, -0.33170623, 0.10855982, 0.6069573, -0.7139948, 1600.1476, 1600.1476, 955.3058, 717.7694, , 
65603.968648833, 001320, -1.1808923, -0.025960015, 3.6904655, -0.3303721, 0.11170027, 0.60647476, -0.7145387, 1600.5995, 1600.5995, 955.30426, 717.7728, , 
65603.985318083, 001321, -1.179978, -0.02469043, 3.6889505, -0.32968378, 0.114439584, 0.6057816, -0.71501106, 1600.5995, 1600.5995, 955.30334, 717.7761, , 
65604.018656291, 001322, -1.1793464, -0.021588583, 3.6870835, -0.32953027, 0.120203584, 0.60447556, -0.7152413, 1600.5995, 1600.5995, 955.3016, 717.7812, , 
65604.035325583, 001323, -1.1789812, -0.019764572, 3.6862688, -0.32884395, 0.123477474, 0.60457164, -0.7149182, 1600.5995, 1600.5995, 955.3003, 717.7822, , 
65604.068664, 001324, -1.1778146, -0.015383095, 3.6848698, -0.32579598, 0.13010363, 0.60698724, -0.7130894, 1600.5995, 1600.5995, 955.296, 717.77985, , 
65604.085333041, 001325, -1.1765068, -0.013369575, 3.6836622, -0.32433704, 0.13354269, 0.60858667, -0.71175426, 1600.5995, 1600.5995, 955.29407, 717.7774, , 
65604.118671541, 001326, -1.1750933, -0.008268501, 3.682584, -0.32289317, 0.1387938, 0.6110575, -0.7092848, 1600.5995, 1600.5995, 955.2909, 717.7713, , 
65604.135340708, 001327, -1.1744938, -0.005573906, 3.6822665, -0.32265267, 0.14103173, 0.6122862, -0.7078919, 1600.5995, 1600.5995, 955.28973, 717.7681, , 
65604.168678916, 001328, -1.1728854, -0.0011257455, 3.681591, -0.3227557, 0.1457273, 0.61483604, -0.70467645, 1600.5995, 1600.5995, 955.2874, 717.7589, , 
65604.185348166, 001329, -1.1720047, 0.0005837083, 3.6812646, -0.32301444, 0.14783125, 0.6159574, -0.70313877, 1600.5995, 1600.5995, 955.2866, 717.755, , 
65604.218686583, 001330, -1.1710078, 0.0042040646, 3.6807225, -0.32412773, 0.15147613, 0.61718786, -0.7007677, 1600.5995, 1600.5995, 955.28546, 717.748, , 
65604.235355708, 001331, -1.1707641, 0.005874258, 3.680488, -0.32492924, 0.15336268, 0.61708367, -0.7000776, 1600.1476, 1600.1476, 955.2851, 717.74664, , 
65604.268694125, 001332, -1.1704835, 0.008961655, 3.679989, -0.32567364, 0.15745713, 0.6164505, -0.69938016, 1600.5995, 1600.5995, 955.2846, 717.7474, , 
65604.285363333, 001333, -1.1702256, 0.010570704, 3.6797442, -0.3255101, 0.15963161, 0.61655855, -0.69886804, 1600.5995, 1600.5995, 955.2843, 717.7474, , 
65604.318701625, 001334, -1.1694988, 0.014018953, 3.6793447, -0.32509872, 0.1645373, 0.6171145, -0.69742954, 1600.5995, 1600.5995, 955.28345, 717.7462, , 
65604.335370833, 001335, -1.1691653, 0.015742615, 3.6791766, -0.3249954, 0.16700241, 0.61721146, -0.6968057, 1600.5995, 1600.5995, 955.283, 717.7457, , 
65604.368709208, 001336, -1.1684592, 0.019534547, 3.6785886, -0.32493937, 0.17211276, 0.61694425, -0.6958242, 1601.0514, 1601.0514, 955.28253, 717.7462, , 
65604.4020475, 001337, -1.1673925, 0.023362337, 3.6777608, -0.32432047, 0.17817439, 0.6165872, -0.69490314, 1600.5995, 1600.5995, 955.28204, 717.7484, , 
65604.418716791, 001338, -1.1666367, 0.025091954, 3.6774104, -0.32378593, 0.18161313, 0.6166542, -0.6942023, 1600.5995, 1600.5995, 955.2819, 717.74896, , 
65604.452055125, 001339, -1.1651226, 0.028486416, 3.677048, -0.3222279, 0.18725236, 0.6169919, -0.6931283, 1601.0514, 1601.0514, 955.28186, 717.7504, , 
65604.46872425, 001340, -1.1642404, 0.030233882, 3.6771905, -0.321245, 0.18926665, 0.61762583, -0.69247246, 1601.0514, 1601.0514, 955.28186, 717.7504, , 
65604.502062666, 001341, -1.16255, 0.034599103, 3.6775453, -0.31952184, 0.19333564, 0.6194188, -0.6905414, 1600.5995, 1600.5995, 955.28186, 717.7475, , 
65604.518731875, 001342, -1.1618955, 0.037043393, 3.6777194, -0.3189568, 0.19541653, 0.6199931, -0.689701, 1600.5995, 1600.5995, 955.2819, 717.74634, , 
65604.552070166, 001343, -1.1608992, 0.042032085, 3.6781702, -0.31835043, 0.19914143, 0.6201392, -0.68878376, 1601.0514, 1601.0514, 955.2823, 717.7463, , 
65604.568739416, 001344, -1.1601729, 0.044779845, 3.678095, -0.3180881, 0.20115137, 0.61990935, -0.68852776, 1601.0514, 1601.0514, 955.28253, 717.7472, , 
65604.60207775, 001345, -1.1584646, 0.05002084, 3.6781619, -0.31726477, 0.20569047, 0.61991847, -0.6875577, 1600.5995, 1600.5995, 955.2831, 717.74896, , 
65604.618746875, 001346, -1.1574149, 0.05247984, 3.678332, -0.31654176, 0.20816651, 0.620498, -0.6866224, 1600.5995, 1600.5995, 955.28357, 717.7484, , 
65604.652085291, 001347, -1.1549622, 0.05717475, 3.67862, -0.3148549, 0.21369736, 0.6222083, -0.6841467, 1601.0514, 1601.0514, 955.2847, 717.7453, , 
65604.668754541, 001348, -1.153036, 0.06033904, 3.6782541, -0.31429842, 0.2166734, 0.62309605, -0.6826569, 1601.0514, 1601.0514, 955.28534, 717.74365, , 
65604.70209275, 001349, -1.1494416, 0.0657021, 3.6779912, -0.3141878, 0.22236149, 0.6247719, -0.67933905, 1600.5995, 1600.5995, 955.2868, 717.73804, , 
65604.718762, 001350, -1.1478494, 0.06780726, 3.6780348, -0.31435508, 0.22509542, 0.62556165, -0.6776323, 1601.0514, 1601.0514, 955.28754, 717.73535, , 
65604.752100166, 001351, -1.1447914, 0.07140128, 3.6779351, -0.31462666, 0.23013222, 0.6268824, -0.6745871, 1601.0514, 1601.0514, 955.28906, 717.7299, , 
65604.768769458, 001352, -1.1430413, 0.07315523, 3.6775377, -0.31462297, 0.23240851, 0.6275592, -0.6731776, 1601.0514, 1601.0514, 955.28986, 717.7279, , 
65604.802107875, 001353, -1.1397727, 0.075979374, 3.6768417, -0.31446555, 0.23633927, 0.62893856, -0.6705903, 1600.5995, 1600.5995, 955.2915, 717.72314, , 
65604.835446125, 001354, -1.1370134, 0.0780048, 3.6761777, -0.31387335, 0.2396727, 0.6301156, -0.66857666, 1601.0514, 1601.0514, 955.29297, 717.7202, , 
65604.852115416, 001355, -1.1357614, 0.07885254, 3.6758196, -0.31368583, 0.24107389, 0.6305845, -0.6677183, 1601.0514, 1601.0514, 955.29395, 717.7186, , 
65604.88545375, 001356, -1.1335609, 0.08073904, 3.6754496, -0.31364056, 0.2436657, 0.6317911, -0.665655, 1601.0514, 1601.0514, 955.2951, 717.71533, , 
65604.918792125, 001357, -1.1310887, 0.08282194, 3.6747115, -0.31375742, 0.24719411, 0.63330066, -0.66285866, 1601.0514, 1601.0514, 955.29706, 717.7096, , 
65604.935461291, 001358, -1.1299411, 0.08386451, 3.6742096, -0.3142339, 0.24940209, 0.6335493, -0.661567, 1600.5995, 1600.5995, 955.298, 717.7078, , 
65604.96879975, 001359, -1.1283994, 0.08533204, 3.6731622, -0.3167262, 0.25349423, 0.63258207, -0.6597463, 1601.0514, 1601.0514, 955.299, 717.70654, , 
65604.985468791, 001360, -1.1279087, 0.08587841, 3.6726303, -0.31864378, 0.2552023, 0.6317544, -0.658957, 1601.0514, 1601.0514, 955.29895, 717.7062, , 
65605.01880725, 001361, -1.1266485, 0.087584205, 3.6712365, -0.323336, 0.25906706, 0.6297961, -0.65703493, 1600.5995, 1600.5995, 955.2987, 717.7048, , 
65605.035476416, 001362, -1.1259516, 0.088358335, 3.670307, -0.32577205, 0.2613546, 0.6286854, -0.6559886, 1600.5995, 1600.5995, 955.2986, 717.7043, , 
65605.06881475, 001363, -1.1245409, 0.08930574, 3.668044, -0.3308445, 0.26610163, 0.62638396, -0.6537393, 1600.5995, 1600.5995, 955.29846, 717.7032, , 
65605.102153166, 001364, -1.1238295, 0.0895255, 3.6654458, -0.337419, 0.26962468, 0.62291956, -0.65224385, 1601.0514, 1601.0514, 955.2974, 717.7027, , 
65605.118822375, 001365, -1.1240108, 0.089324825, 3.664057, -0.3415901, 0.27050155, 0.62016755, -0.6523322, 1601.0514, 1601.0514, 955.296, 717.7038, , 
65605.152160666, 001366, -1.1250471, 0.08802148, 3.6610713, -0.3514202, 0.27164707, 0.6131691, -0.6532499, 1600.5995, 1600.5995, 955.2918, 717.709, , 
65605.168829791, 001367, -1.1260444, 0.08626476, 3.6600711, -0.3572578, 0.27251974, 0.609025, -0.6535965, 1601.0514, 1601.0514, 955.29, 717.7113, , 
65605.202168083, 001368, -1.1282749, 0.08218949, 3.6572084, -0.37072456, 0.27469823, 0.5989248, -0.6545176, 1600.5995, 1600.5995, 955.28577, 717.718, , 
65605.218837291, 001369, -1.1296998, 0.07982026, 3.6553087, -0.37836048, 0.27569795, 0.59257674, -0.65550494, 1600.5995, 1600.5995, 955.2842, 717.7223, , 
65605.252175708, 001370, -1.1334504, 0.07379369, 3.6509883, -0.39502868, 0.27691332, 0.57710975, -0.65895045, 1600.5995, 1600.5995, 955.2816, 717.73706, , 
65605.268844916, 001371, -1.1357027, 0.069568485, 3.6490552, -0.40350583, 0.27717873, 0.5686168, -0.6610823, 1600.5995, 1600.5995, 955.2815, 717.7445, , 
65605.30218325, 001372, -1.1398957, 0.060218044, 3.6443443, -0.42024544, 0.27784705, 0.550673, -0.66554797, 1600.5995, 1600.5995, 955.2843, 717.7633, , 
65605.318852416, 001373, -1.1418602, 0.055156104, 3.6414604, -0.4283368, 0.27845836, 0.5412095, -0.6678928, 1600.1476, 1600.1476, 955.2869, 717.7721, , 
65605.352190666, 001374, -1.1455096, 0.04408046, 3.634747, -0.44320637, 0.28115848, 0.52192926, -0.67238975, 1600.5995, 1600.5995, 955.2958, 717.7946, , 
65605.368859916, 001375, -1.1473532, 0.037757803, 3.6314173, -0.44972458, 0.28321216, 0.5127136, -0.6742873, 1600.1476, 1600.1476, 955.3003, 717.8043, , 
65605.402198291, 001376, -1.1502157, 0.024869539, 3.623532, -0.4615075, 0.2892105, 0.49415666, -0.67762625, 1600.1476, 1600.1476, 955.31195, 717.82776, , 
65605.418867541, 001377, -1.1514717, 0.018432446, 3.618981, -0.46687683, 0.2925982, 0.48447707, -0.6794809, 1600.1476, 1600.1476, 955.3179, 717.8391, , 
65605.452205875, 001378, -1.1537273, 0.005676791, 3.609341, -0.4771217, 0.299377, 0.46512878, -0.6829227, 1600.1476, 1600.1476, 955.3333, 717.8653, , 
65605.468875, 001379, -1.1548568, -0.0012300983, 3.6044858, -0.48231587, 0.30276224, 0.4553456, -0.68437326, 1600.1476, 1600.1476, 955.34064, 717.8759, , 
65605.502213291, 001380, -1.156512, -0.014978424, 3.5944486, -0.49296835, 0.3077611, 0.4357848, -0.6872822, 1600.1476, 1600.1476, 955.3604, 717.89813, , 
65605.518882458, 001381, -1.1569725, -0.021809135, 3.5893342, -0.49809802, 0.30978227, 0.42630315, -0.688621, 1600.1476, 1600.1476, 955.36975, 717.90643, , 
65605.552220916, 001382, -1.1570747, -0.03563448, 3.578983, 0.50787926, -0.31506112, -0.40760544, 0.6904004, 1600.1476, 1600.1476, 955.39136, 717.9246, , 
65605.568890166, 001383, -1.1565026, -0.04290265, 3.5740027, 0.5129233, -0.31796008, -0.39768672, 0.6911268, 1599.6957, 1599.6957, 955.4015, 717.9324, , 
65605.585559166, 001384, -1.1559736, -0.05024898, 3.569002, 0.5181057, -0.32058612, -0.38707402, 0.69207263, 1600.1476, 1600.1476, 955.41296, 717.9404, , 
65605.618897583, 001385, -1.155321, -0.06499949, 3.558761, 0.52841717, -0.32503805, -0.36417845, 0.6946218, 1600.1476, 1600.1476, 955.4456, 717.96075, , 
65605.635566833, 001386, -1.1547244, -0.07237762, 3.5535383, 0.5334939, -0.32781363, -0.35208678, 0.69567037, 1599.6957, 1599.6957, 955.46124, 717.96985, , 
65605.652235875, 001387, -1.1539019, -0.079629295, 3.5482311, 0.53854865, -0.33115345, -0.3398077, 0.6962998, 1599.6957, 1599.6957, 955.48236, 717.98145, , 
65605.668905083, 001388, -1.151994, -0.08699552, 3.542926, 0.54363495, -0.33464226, -0.32745466, 0.69659823, 1599.6957, 1599.6957, 955.49866, 717.9895, , 
65605.702243541, 001389, -1.1487321, -0.101087764, 3.5320475, 0.55358136, -0.34086323, -0.30224884, 0.697141, 1599.6957, 1599.6957, 955.534, 718.00433, , 
65605.718912791, 001390, -1.1470741, -0.10766457, 3.526365, 0.5582613, -0.34451845, -0.2898396, 0.6968819, 1599.6957, 1599.6957, 955.55774, 718.0131, , 
65605.735581791, 001391, -1.1449405, -0.113842435, 3.5205126, 0.56260765, -0.34934768, -0.27802417, 0.6957955, 1599.6957, 1599.6957, 955.5734, 718.01874, , 
65605.768920208, 001392, -1.1393818, -0.12506886, 3.5081294, 0.57027304, -0.361982, -0.25602898, 0.6915251, 1599.6957, 1599.6957, 955.6013, 718.0296, , 
65605.785589416, 001393, -1.1361936, -0.13021374, 3.5016663, 0.57373893, -0.3688196, -0.24542186, 0.6888858, 1599.6957, 1599.6957, 955.61145, 718.0335, , 
65605.802258458, 001394, -1.1328721, -0.135082, 3.4952211, 0.5770167, -0.37551308, -0.23488419, 0.6862005, 1599.6957, 1599.6957, 955.62164, 718.03735, , 
65605.835596916, 001395, -1.1256883, -0.1439699, 3.4822147, 0.5838786, -0.38843593, -0.21410085, 0.6799736, 1599.6957, 1599.6957, 955.64453, 718.0435, , 
65605.852266083, 001396, -1.1218768, -0.14799401, 3.475661, 0.58786607, -0.39443648, -0.20357299, 0.67630714, 1599.6957, 1599.6957, 955.6542, 718.04395, , 
65605.868935291, 001397, -1.1177858, -0.15158261, 3.46897, 0.59226906, -0.40014502, -0.1927796, 0.6722628, 1599.2438, 1599.2438, 955.6643, 718.04297, , 
65605.902273583, 001398, -1.1091794, -0.15834716, 3.4554586, 0.60151863, -0.41143942, -0.17051877, 0.66318643, 1599.6957, 1599.6957, 955.6879, 718.0368, , 
65605.918942833, 001399, -1.1046271, -0.16159159, 3.4486146, 0.6060671, -0.41715667, -0.15889798, 0.6583421, 1599.2438, 1599.2438, 955.69836, 718.0334, , 
65605.952281041, 001400, -1.0948204, -0.16763619, 3.434791, 0.6143135, -0.4289847, -0.13508709, 0.6483384, 1601.9552, 1601.9552, 955.7238, 718.02606, , 
65605.96895025, 001401, -1.0894835, -0.17041144, 3.427876, 0.61782956, -0.43526623, -0.123154126, 0.6431664, 1601.5033, 1601.5033, 955.73456, 718.02356, , 
65605.9856195, 001402, -1.0831795, -0.17313777, 3.4208057, 0.62086153, -0.44180143, -0.11143535, 0.6379063, 1601.5033, 1601.5033, 955.7479, 718.0208, , 
65606.002288666, 001403, -1.0770421, -0.1756146, 3.4139555, 0.6234716, -0.44847676, -0.10004147, 0.63256896, 1601.5033, 1601.5033, 955.7571, 718.0192, , 
65606.018957916, 001404, -1.0708052, -0.17787147, 3.4072664, 0.6257889, -0.45522416, -0.089108, 0.62707174, 1604.2147, 1604.2147, 955.76514, 718.0176, , 
65606.052296208, 001405, -1.0579823, -0.18184406, 3.3943038, 0.6297584, -0.46849757, -0.068462096, 0.6158144, 1603.7628, 1603.7628, 955.78033, 718.0135, , 
65606.068965375, 001406, -1.0509526, -0.18373135, 3.3874605, 0.63145924, -0.47476783, -0.058667004, 0.6102565, 1603.7628, 1603.7628, 955.78625, 718.0116, , 
65606.085634625, 001407, -1.0439935, -0.18543634, 3.380827, 0.6329613, -0.48074332, -0.049401525, 0.60481846, 1606.0223, 1606.0223, 955.7933, 718.009, , 
65606.102303666, 001408, -1.0373375, -0.18691134, 3.3746076, 0.63423115, -0.4864434, -0.04070176, 0.5995557, 1606.0223, 1606.0223, 955.7979, 718.0072, , 
65606.135642041, 001409, -1.0244118, -0.18936084, 3.3626695, 0.6361532, -0.49701962, -0.024855029, 0.5896293, 1606.0223, 1606.0223, 955.80664, 718.0036, , 
65606.152311333, 001410, -1.0181602, -0.19039123, 3.3568206, 0.63693064, -0.5017746, -0.017392227, 0.58501196, 1608.2819, 1608.2819, 955.81036, 718.0022, , 
65606.168980291, 001411, -1.0113927, -0.19116192, 3.35096, 0.637684, -0.5061308, -0.010034106, 0.58059454, 1608.2819, 1608.2819, 955.81464, 718.0007, , 
65606.1856495, 001412, -1.0048813, -0.19182539, 3.345173, 0.63848346, -0.51013607, -0.002744405, 0.5762747, 1608.2819, 1608.2819, 955.81915, 717.99884, , 
65606.218987958, 001413, -0.9931417, -0.19287065, 3.333863, 0.6400908, -0.5176399, 0.011210299, 0.5676328, 1610.5414, 1610.5414, 955.8293, 717.9934, , 
65606.235657166, 001414, -0.98754543, -0.19313878, 3.3283026, 0.6409209, -0.5212959, 0.017703392, 0.5631674, 1610.5414, 1610.5414, 955.83234, 717.99066, , 
65606.252326166, 001415, -0.98205, -0.19323483, 3.3227704, 0.64179844, -0.5248736, 0.023981875, 0.55859417, 1610.0895, 1610.0895, 955.83545, 717.98645, , 
65606.285664583, 001416, -0.970866, -0.19283535, 3.3109472, 0.6436787, -0.53194326, 0.03616907, 0.54900444, 1612.349, 1612.349, 955.83856, 717.9791, , 
65606.302333833, 001417, -0.9652392, -0.19237089, 3.3047097, 0.6447179, -0.5353823, 0.04219519, 0.5439893, 1612.349, 1612.349, 955.8397, 717.97345, , 
65606.319003083, 001418, -0.95991915, -0.19186659, 3.298833, 0.6456729, -0.5387349, 0.04820521, 0.5390245, 1612.349, 1612.349, 955.8407, 717.96906, , 
65606.335672125, 001419, -0.954732, -0.19133282, 3.2929847, 0.6463717, -0.5421074, 0.053998068, 0.5342353, 1612.349, 1612.349, 955.8416, 717.9652, , 
65606.369010541, 001420, -0.9443725, -0.18949232, 3.2805567, 0.6467742, -0.54917365, 0.06358274, 0.5254035, 1614.6085, 1614.6085, 955.8411, 717.9596, , 
65606.38567975, 001421, -0.9392533, -0.1882204, 3.2740455, 0.6467011, -0.5527971, 0.06700215, 0.5212521, 1614.6085, 1614.6085, 955.83856, 717.95844, , 
65606.402348791, 001422, -0.93434423, -0.18722266, 3.2677283, 0.64654154, -0.55638933, 0.06961675, 0.5172702, 1614.6085, 1614.6085, 955.8331, 717.9574, , 
65606.43568725, 001423, -0.92506766, -0.18532789, 3.254817, 0.64577216, -0.56325996, 0.07311303, 0.5102657, 1617.7719, 1617.7719, 955.823, 717.9577, , 
65606.452356333, 001424, -0.9207043, -0.18434927, 3.2481349, 0.64514494, -0.566577, 0.07417681, 0.50722414, 1617.7719, 1617.7719, 955.8177, 717.95874, , 
65606.4690255, 001425, -0.9165091, -0.18330444, 3.2413175, 0.6444408, -0.56990856, 0.074852124, 0.50427914, 1617.7719, 1617.7719, 955.81, 717.96075, , 
65606.502363958, 001426, -0.90942377, -0.18012178, 3.2269206, 0.6430324, -0.5767158, 0.07488025, 0.49829835, 1610.0895, 1610.0895, 955.7959, 717.9642, , 
65606.519033083, 001427, -0.906028, -0.1785864, 3.2196922, 0.6425354, -0.57993895, 0.07428405, 0.49527866, 1609.6376, 1609.6376, 955.78485, 717.96606, , 
65606.535702291, 001428, -0.9028542, -0.17697364, 3.2124107, 0.6422637, -0.58290946, 0.0732546, 0.49228808, 1610.0895, 1610.0895, 955.77594, 717.9668, , 
65606.569040541, 001429, -0.8974078, -0.17354625, 3.1975884, 0.64213043, -0.58790517, 0.070295826, 0.48692346, 1610.0895, 1610.0895, 955.7545, 717.96735, , 
65606.58570975, 001430, -0.89692676, -0.1714708, 3.1910691, 0.6422771, -0.58976394, 0.06854433, 0.48472697, 1610.0895, 1610.0895, 955.74615, 717.96716, , 
65606.602379, 001431, -0.89571756, -0.16956839, 3.183801, 0.64278835, -0.5911211, 0.06676024, 0.48264074, 1610.0895, 1610.0895, 955.7379, 717.96606, , 
65606.63571725, 001432, -0.8935573, -0.1658565, 3.1687489, 0.64508194, -0.59232694, 0.06312459, 0.47857425, 1610.0895, 1610.0895, 955.71954, 717.95886, , 
65606.652386458, 001433, -0.8929018, -0.16403326, 3.1611445, 0.64679855, -0.59220177, 0.061435368, 0.47662812, 1610.0895, 1610.0895, 955.712, 717.95386, , 
65606.669055708, 001434, -0.89255273, -0.16229787, 3.1534367, 0.6486695, -0.5915708, 0.060035862, 0.47504482, 1610.0895, 1610.0895, 955.70557, 717.9482, , 
65606.702393916, 001435, -0.89644957, -0.16063476, 3.1399632, 0.6521892, -0.588899, 0.058665905, 0.47371432, 1610.0895, 1610.0895, 955.69794, 717.9354, , 
65606.719063166, 001436, -0.89723706, -0.15938413, 3.132236, 0.65372163, -0.5871374, 0.058433015, 0.47381774, 1610.0895, 1610.0895, 955.6978, 717.93066, , 
65606.735732375, 001437, -0.89803857, -0.15801427, 3.1245134, 0.65530324, -0.58529, 0.058004133, 0.47397116, 1610.0895, 1610.0895, 955.69794, 717.92426, , 
65606.752401625, 001438, -0.89893496, -0.15656112, 3.1169367, 0.65688986, -0.5835293, 0.05711647, 0.47405368, 1610.0895, 1610.0895, 955.69696, 717.9194, , 
65606.785739875, 001439, -0.9066274, -0.1553497, 3.106097, 0.65934914, -0.58031213, 0.054015398, 0.47495145, 1610.0895, 1610.0895, 955.69324, 717.9109, , 
65606.802409083, 001440, -0.9088195, -0.15424532, 3.0993733, 0.65992206, -0.57871544, 0.05198838, 0.47632805, 1610.0895, 1610.0895, 955.6922, 717.9093, , 
65606.819078291, 001441, -0.9107515, -0.1530529, 3.0924687, 0.66014963, -0.5769873, 0.049845573, 0.4783342, 1610.0895, 1610.0895, 955.6923, 717.9089, , 
65606.8524165, 001442, -0.9148097, -0.15035583, 3.0793703, 0.66078496, -0.57304305, 0.04469175, 0.48268783, 1608.7338, 1608.7338, 955.69257, 717.90845, , 
65606.86908575, 001443, -0.9170428, -0.14876261, 3.073442, 0.66165936, -0.57091916, 0.041354313, 0.48430163, 1608.7338, 1608.7338, 955.6906, 717.90656, , 
65606.885754916, 001444, -0.92481, -0.14949578, 3.0705523, 0.6628822, -0.56870216, 0.037574794, 0.48554423, 1608.7338, 1608.7338, 955.6856, 717.9026, , 
65606.91909325, 001445, -0.9326265, -0.14756483, 3.0612671, 0.6649557, -0.56456214, 0.029639376, 0.48808303, 1606.4742, 1606.4742, 955.67676, 717.89667, , 
65606.935762375, 001446, -0.9359537, -0.14647412, 3.0562966, 0.6656167, -0.56243175, 0.025934737, 0.4898494, 1606.4742, 1606.4742, 955.67365, 717.8947, , 
65606.952431625, 001447, -0.93941885, -0.14551736, 3.051331, 0.66609657, -0.5602022, 0.02229508, 0.49192664, 1606.4742, 1606.4742, 955.6707, 717.8929, , 
65606.985770083, 001448, -0.9516204, -0.14585885, 3.0436635, 0.6667437, -0.5554529, 0.014553236, 0.4967022, 1604.6666, 1604.6666, 955.6671, 717.8911, , 
65607.002439083, 001449, -0.956405, -0.14550951, 3.0391858, 0.66697574, -0.55296993, 0.010338363, 0.49926022, 1604.6666, 1604.6666, 955.6643, 717.89026, , 
65607.019108208, 001450, -0.9610631, -0.14514944, 3.034572, 0.6669939, -0.5503942, 0.0060134665, 0.50214446, 1604.6666, 1604.6666, 955.6626, 717.8901, , 
65607.052446666, 001451, -0.97078997, -0.14469366, 3.0252306, 0.66621923, -0.54520786, -0.002479444, 0.5088164, 1602.4071, 1602.4071, 955.6607, 717.8927, , 
65607.06911575, 001452, -0.9760434, -0.14448832, 3.020623, 0.6656993, -0.54248416, -0.006508884, 0.5123603, 1602.4071, 1602.4071, 955.6608, 717.89435, , 
65607.085784916, 001453, -0.9833314, -0.1452968, 3.0140667, 0.6652099, -0.53953016, -0.010423871, 0.5160371, 1602.4071, 1602.4071, 955.6612, 717.8955, , 
65607.119123291, 001454, -0.9962011, -0.14457342, 3.004737, 0.6654611, -0.5332742, -0.018626845, 0.5219513, 1600.1476, 1600.1476, 955.66003, 717.8946, , 
65607.135792666, 001455, -1.0026801, -0.1437078, 3.000792, 0.66599596, -0.5302729, -0.022986075, 0.5241485, 1600.1476, 1600.1476, 955.6579, 717.89246, , 
65607.152461625, 001456, -1.0093229, -0.14266062, 2.9970818, 0.66658163, -0.5275202, -0.027596053, 0.5259561, 1600.1476, 1600.1476, 955.6535, 717.889, , 
65607.185800041, 001457, -1.0233147, -0.14046612, 2.9891698, 0.6672269, -0.5230154, -0.03780622, 0.5289932, 1597.4362, 1597.4362, 955.6435, 717.8842, , 
65607.202469291, 001458, -1.0305272, -0.13930377, 2.9852197, 0.66711795, -0.5215604, -0.043411706, 0.5301357, 1597.4362, 1597.4362, 955.6368, 717.8827, , 
65607.219138291, 001459, -1.0378126, -0.1379964, 2.9816744, 0.6667588, -0.52065283, -0.049462255, 0.530949, 1597.4362, 1597.4362, 955.62573, 717.8815, , 
65607.235807541, 001460, -1.0452734, -0.1366364, 2.9782512, 0.6660735, -0.5201203, -0.056062102, 0.5316746, 1597.8881, 1597.8881, 955.6161, 717.8812, , 
65607.269145958, 001461, -1.0608631, -0.13389857, 2.9714453, 0.6641087, -0.51950794, -0.069745034, 0.5331104, 1595.1766, 1595.1766, 955.5922, 717.8821, , 
65607.285815125, 001462, -1.0697435, -0.1337609, 2.9667366, 0.6630902, -0.51907206, -0.07669696, 0.5338474, 1595.6285, 1595.6285, 955.5819, 717.8822, , 
65607.302484208, 001463, -1.0786439, -0.13306306, 2.962551, 0.66219664, -0.51856124, -0.083816215, 0.53438246, 1595.6285, 1595.6285, 955.5714, 717.8818, , 
65607.335822583, 001464, -1.0965658, -0.13054523, 2.9552321, 0.6606632, -0.5174681, -0.098301545, 0.53487176, 1592.9171, 1592.9171, 955.5466, 717.8788, , 
65607.35249175, 001465, -1.1058154, -0.12917742, 2.9516072, 0.6602013, -0.5166562, -0.10534593, 0.5348857, 1593.369, 1593.369, 955.5363, 717.87646, , 
65607.369160916, 001466, -1.1153061, -0.12777717, 2.947922, 0.6601204, -0.5154958, -0.11196687, 0.53476024, 1593.369, 1593.369, 955.5267, 717.87317, , 
65607.385830083, 001467, -1.1255251, -0.1272797, 2.9435804, 0.6605115, -0.51391643, -0.11808503, 0.5344814, 1590.6576, 1590.6576, 955.51514, 717.86676, , 
65607.419168458, 001468, -1.1458492, -0.12512693, 2.9352572, 0.6623206, -0.51032764, -0.12854476, 0.5332666, 1591.1095, 1591.1095, 955.50085, 717.854, , 
65607.435837708, 001469, -1.1560293, -0.1237713, 2.9310718, 0.6634015, -0.5085669, -0.13332222, 0.53243154, 1591.1095, 1591.1095, 955.4924, 717.8449, , 
65607.452506791, 001470, -1.1662536, -0.122388124, 2.926795, 0.6644771, -0.50671494, -0.1379911, 0.5316658, 1587.4941, 1587.4941, 955.48645, 717.838, , 
65607.485845166, 001471, -1.1874504, -0.121499225, 2.917252, 0.66646147, -0.50288093, -0.14702864, 0.5303985, 1587.0424, 1587.0424, 955.474, 717.82214, , 
65607.502514375, 001472, -1.1976136, -0.12068948, 2.912521, 0.6673344, -0.5012614, -0.15170342, 0.52951664, 1587.0424, 1587.0424, 955.46844, 717.81555, , 
65607.519183458, 001473, -1.2073876, -0.11941072, 2.907823, 0.6680635, -0.49993917, -0.1565263, 0.5284425, 1607.378, 1607.378, 955.4624, 717.809, , 
65607.535852666, 001474, -1.2169762, -0.11801189, 2.902944, 0.6684738, -0.4987866, -0.16109408, 0.5276395, 1607.378, 1607.378, 955.4546, 717.8015, , 
65607.569191, 001475, -1.2364216, -0.11696969, 2.8917406, 0.6681699, -0.4964209, -0.16793963, 0.52812064, 1607.378, 1607.378, 955.4474, 717.79553, , 
65607.585860083, 001476, -1.2461305, -0.11658792, 2.8857741, 0.66769177, -0.49491507, -0.1703007, 0.52938116, 1607.378, 1607.378, 955.44586, 717.7946, , 
65607.602529291, 001477, -1.2555934, -0.11558712, 2.8799832, 0.66735643, -0.49314517, -0.17217356, 0.53084785, 1607.378, 1607.378, 955.446, 717.7942, , 
65607.619198458, 001478, -1.2648494, -0.11431378, 2.8743777, 0.6673153, -0.49120423, -0.17368115, 0.53220624, 1607.378, 1607.378, 955.44666, 717.79333, , 
65607.652536916, 001479, -1.2825797, -0.11141958, 2.863826, 0.668074, -0.48757076, -0.17583683, 0.533885, 1607.378, 1607.378, 955.4488, 717.7888, , 
65607.669205958, 001480, -1.2910285, -0.109970115, 2.858842, 0.66857666, -0.4861581, -0.17674355, 0.5342445, 1607.378, 1607.378, 955.4492, 717.7865, , 
65607.685875166, 001481, -1.2990544, -0.11003795, 2.8532948, 0.66912854, -0.485079, -0.1775334, 0.5342727, 1607.378, 1607.378, 955.44946, 717.784, , 
65607.702544375, 001482, -1.3070095, -0.10952515, 2.8481078, 0.6696199, -0.48423073, -0.17828712, 0.5341756, 1607.378, 1607.378, 955.4491, 717.7808, , 
65607.719213541, 001483, -1.3149185, -0.10864991, 2.843128, 0.66996104, -0.48347622, -0.1789584, 0.53420675, 1607.378, 1607.378, 955.44904, 717.77893, , 
65607.752551875, 001484, -1.3304224, -0.10701673, 2.833093, 0.67023665, -0.4818508, -0.17910531, 0.5352793, 1607.378, 1607.378, 955.45087, 717.77747, , 
65607.769221, 001485, -1.3380562, -0.10634319, 2.8280458, 0.6702961, -0.4807032, -0.17881164, 0.5363337, 1607.378, 1607.378, 955.45294, 717.77765, , 
65607.78589025, 001486, -1.3451614, -0.10669713, 2.8228428, 0.6703991, -0.47912678, -0.17839812, 0.5377514, 1607.378, 1607.378, 955.45575, 717.7779, , 
65607.802559458, 001487, -1.3524294, -0.106699646, 2.8178148, 0.6705485, -0.477102, -0.17778541, 0.5395653, 1607.378, 1607.378, 955.4609, 717.77826, , 
65607.819228458, 001488, -1.3597368, -0.106496446, 2.812991, 0.6707291, -0.47476867, -0.177135, 0.541609, 1607.378, 1607.378, 955.4654, 717.7786, , 
65607.852566875, 001489, -1.3738352, -0.1058448, 2.8041203, 0.67104214, -0.47077593, -0.17655629, 0.5448856, 1606.9261, 1606.9261, 955.4733, 717.7785, , 
65607.869236083, 001490, -1.3805714, -0.105503775, 2.80003, 0.6706382, -0.46954268, -0.17728674, 0.5462082, 1607.378, 1607.378, 955.47577, 717.7791, , 
65607.885905083, 001491, -1.3871791, -0.105529696, 2.7962275, 0.66965324, -0.46877334, -0.17881885, 0.54757625, 1606.9261, 1606.9261, 955.4759, 717.7807, , 
65607.902574291, 001492, -1.3936117, -0.10552034, 2.7923748, 0.66835535, -0.46823964, -0.1805364, 0.5490532, 1606.9261, 1606.9261, 955.4753, 717.7832, , 
65607.935912708, 001493, -1.406377, -0.105541885, 2.7847223, 0.6662512, -0.46707535, -0.18341172, 0.55164313, 1606.4742, 1606.4742, 955.4741, 717.78864, , 
65607.952582, 001494, -1.4128277, -0.105606064, 2.780911, 0.6655615, -0.46622673, -0.1845427, 0.5528151, 1604.6666, 1604.6666, 955.47424, 717.79004, , 
65607.969250958, 001495, -1.4181772, -0.1072081, 2.7773595, 0.6649223, -0.46519628, -0.1856187, 0.5540906, 1604.6666, 1604.6666, 955.4749, 717.7915, , 
65607.985920208, 001496, -1.4242781, -0.10801664, 2.773513, 0.6643913, -0.4639538, -0.18640983, 0.55550206, 1605.1185, 1605.1185, 955.47595, 717.79254, , 
65608.019258666, 001497, -1.4372075, -0.10934889, 2.7653887, 0.66372347, -0.4606048, -0.18713316, 0.55883414, 1602.4071, 1602.4071, 955.4812, 717.7948, , 
65608.035927708, 001498, -1.4438308, -0.11004171, 2.7612543, 0.66372633, -0.45850107, -0.1873218, 0.560495, 1602.4071, 1602.4071, 955.4844, 717.7949, , 
65608.052596916, 001499, -1.4504614, -0.11075787, 2.7571075, 0.6638943, -0.45628616, -0.18769237, 0.5619777, 1602.4071, 1602.4071, 955.48737, 717.79443, , 
65608.069266125, 001500, -1.4550177, -0.11289546, 2.7543359, 0.6640595, -0.45432383, -0.18834828, 0.5631515, 1602.4071, 1602.4071, 955.49054, 717.793, , 
65608.102604541, 001501, -1.4668152, -0.11507928, 2.7461286, 0.66437715, -0.45115775, -0.1895293, 0.5649234, 1600.1476, 1600.1476, 955.4938, 717.7909, , 
65608.1192735, 001502, -1.4730458, -0.1159527, 2.7414804, 0.66426146, -0.44989997, -0.19008449, 0.56587523, 1600.1476, 1600.1476, 955.49506, 717.79047, , 
65608.13594275, 001503, -1.4793496, -0.11680572, 2.736605, 0.6638723, -0.44878185, -0.19068968, 0.567015, 1600.1476, 1600.1476, 955.4967, 717.7912, , 
65608.152611833, 001504, -1.4856479, -0.11759086, 2.731582, 0.6633147, -0.44787994, -0.19151904, 0.56810004, 1597.8881, 1597.8881, 955.4975, 717.7923, , 
65608.185950166, 001505, -1.4948404, -0.1213139, 2.723596, 0.662355, -0.44693348, -0.19417918, 0.5690612, 1597.8881, 1597.8881, 955.496, 717.7932, , 
65608.202619375, 001506, -1.5008235, -0.1219981, 2.7185187, 0.66189426, -0.44663697, -0.19570829, 0.5693063, 1597.8881, 1597.8881, 955.4943, 717.793, , 
65608.219288583, 001507, -1.507063, -0.1225395, 2.713136, 0.66132617, -0.4464385, -0.19714908, 0.5696249, 1595.6285, 1595.6285, 955.49274, 717.7933, , 
65608.235957791, 001508, -1.5134342, -0.12301564, 2.7075453, 0.66070217, -0.44636032, -0.19850706, 0.5699386, 1595.6285, 1595.6285, 955.4906, 717.794, , 
65608.269296083, 001509, -1.5229362, -0.12596433, 2.698068, 0.65946156, -0.44680572, -0.20136936, 0.5700222, 1595.6285, 1595.6285, 955.4868, 717.79504, , 
65608.285965291, 001510, -1.5283405, -0.12689991, 2.6929262, 0.6587537, -0.44738784, -0.20343366, 0.5696511, 1593.369, 1593.369, 955.48224, 717.79517, , 
65608.3026345, 001511, -1.5345234, -0.1272015, 2.6872206, 0.65799516, -0.44835994, -0.20577477, 0.56892216, 1593.369, 1593.369, 955.47784, 717.7949, , 
65608.319303708, 001512, -1.541076, -0.12723395, 2.681185, 0.6570341, -0.44951126, -0.2083113, 0.5682008, 1592.9171, 1592.9171, 955.4727, 717.7949, , 
65608.352641916, 001513, -1.5549592, -0.12700996, 2.6683009, 0.65462106, -0.4511545, -0.21212658, 0.56827205, 1591.1095, 1591.1095, 955.46387, 717.7981, , 
65608.369311166, 001514, -1.5620825, -0.12669717, 2.661688, 0.6536292, -0.4516492, -0.2131002, 0.56865644, 1591.1095, 1591.1095, 955.4623, 717.80035, , 
65608.385980333, 001515, -1.5673609, -0.12617901, 2.6573157, 0.65290934, -0.45225456, -0.21412742, 0.56861645, 1591.1095, 1591.1095, 955.4601, 717.80225, , 
65608.4026495, 001516, -1.5734746, -0.12543043, 2.6518176, 0.6523048, -0.45317265, -0.21527411, 0.5681461, 1591.1095, 1591.1095, 955.4577, 717.803, , 
65608.435987833, 001517, -1.5859962, -0.12326161, 2.6399393, 0.6510394, -0.45635316, -0.21865527, 0.5657555, 1587.0424, 1587.0424, 955.44946, 717.8029, , 
65608.452657041, 001518, -1.5920871, -0.121900365, 2.633971, 0.65008736, -0.45844316, -0.22083807, 0.5643109, 1586.5905, 1586.5905, 955.44214, 717.8031, , 
65608.469326208, 001519, -1.5974442, -0.12087506, 2.6289716, 0.64870644, -0.46047693, -0.22315246, 0.5633329, 1586.5905, 1586.5905, 955.4368, 717.80426, , 
65608.502664458, 001520, -1.6095107, -0.118425876, 2.6169684, 0.64497596, -0.46284777, -0.22588058, 0.5645847, 1600.5995, 1600.5995, 955.43066, 717.81335, , 
65608.519333708, 001521, -1.6156942, -0.117233075, 2.6107404, 0.6433591, -0.46310052, -0.22616285, 0.56610703, 1600.5995, 1600.5995, 955.43085, 717.81824, , 
65608.536002875, 001522, -1.6218066, -0.11602204, 2.6046572, 0.6422669, -0.4628919, -0.22626936, 0.5674737, 1600.5995, 1600.5995, 955.43195, 717.82214, , 
65608.569341083, 001523, -1.6336491, -0.113706686, 2.5931706, 0.6414633, -0.46188846, -0.22679661, 0.5689879, 1600.5995, 1600.5995, 955.43353, 717.82544, , 
65608.586010291, 001524, -1.6391565, -0.11344369, 2.58814, 0.6414409, -0.4611964, -0.22723268, 0.5694003, 1600.5995, 1600.5995, 955.4339, 717.8253, , 
65608.619348708, 001525, -1.6506816, -0.112548225, 2.5778913, 0.6419057, -0.4589053, -0.22730525, 0.5706971, 1600.1476, 1600.1476, 955.4366, 717.82385, , 
65608.636017791, 001526, -1.6566062, -0.11238702, 2.5728629, 0.6421861, -0.45734766, -0.2268657, 0.571806, 1600.1476, 1600.1476, 955.439, 717.8235, , 
65608.652687, 001527, -1.6625456, -0.11242278, 2.5679936, 0.6423276, -0.45578265, -0.226488, 0.5730451, 1600.1476, 1600.1476, 955.4417, 717.82355, , 
65608.686025416, 001528, -1.6742626, -0.11297279, 2.5589957, 0.64249325, -0.45324188, -0.2274025, 0.57451046, 1600.1476, 1600.1476, 955.44543, 717.8229, , 
65608.702694583, 001529, -1.6799655, -0.113178626, 2.5549192, 0.64266086, -0.4523288, -0.22854191, 0.5745906, 1600.1476, 1600.1476, 955.44495, 717.82104, , 
65608.719363666, 001530, -1.6857177, -0.11341713, 2.550921, 0.64268553, -0.45136556, -0.22945547, 0.5749562, 1600.1476, 1600.1476, 955.44446, 717.81934, , 
65608.752702041, 001531, -1.6977767, -0.11426269, 2.5429785, 0.6427654, -0.4481713, -0.22918023, 0.57747, 1600.1476, 1600.1476, 955.4484, 717.81946, , 
65608.769371208, 001532, -1.7044915, -0.11460313, 2.5387888, 0.6432083, -0.44604787, -0.22812794, 0.5790354, 1600.5995, 1600.5995, 955.454, 717.81976, , 
65608.78604025, 001533, -1.7108269, -0.11504166, 2.535096, 0.6438538, -0.4441001, -0.22691178, 0.58029157, 1600.5995, 1600.5995, 955.4583, 717.81964, , 
65608.81937875, 001534, -1.7231492, -0.11588869, 2.528663, 0.64508057, -0.44099694, -0.22515495, 0.58197767, 1600.1476, 1600.1476, 955.4662, 717.8179, , 
65608.836047916, 001535, -1.7293252, -0.11638013, 2.52572, 0.6450818, -0.43977964, -0.22484007, 0.58301824, 1600.1476, 1600.1476, 955.46857, 717.8181, , 
65608.852717125, 001536, -1.7356236, -0.1169884, 2.5228667, 0.6445359, -0.43861198, -0.22482772, 0.5845044, 1605.1185, 1605.1185, 955.47076, 717.81964, , 
65608.869386166, 001537, -1.742119, -0.1177107, 2.520116, 0.6435518, -0.43736398, -0.22494598, 0.5864751, 1605.1185, 1605.1185, 955.4739, 717.82336, , 
65608.902724541, 001538, -1.7568631, -0.11845046, 2.5130308, 0.64104164, -0.4349546, -0.22562791, 0.59073853, 1605.1185, 1605.1185, 955.4785, 717.8307, , 
65608.91939375, 001539, -1.7640253, -0.11907256, 2.5108202, 0.6400024, -0.4337826, -0.22623892, 0.5924909, 1602.859, 1602.859, 955.4803, 717.8337, , 
65608.93606275, 001540, -1.7713077, -0.11967234, 2.509044, 0.6392909, -0.43252972, -0.22704825, 0.5938639, 1602.859, 1602.859, 955.48193, 717.836, , 
65608.969401166, 001541, -1.7864048, -0.12145727, 2.5055501, 0.63866764, -0.42992866, -0.22879311, 0.5957506, 1603.3109, 1603.3109, 955.4834, 717.8363, , 
65608.986070375, 001542, -1.794268, -0.12227832, 2.504107, 0.63835293, -0.42865613, -0.22974715, 0.59663707, 1601.0514, 1601.0514, 955.48425, 717.83594, , 
65609.002739375, 001543, -1.8023875, -0.12297678, 2.5029163, 0.6378185, -0.42737237, -0.23086059, 0.5976987, 1601.0514, 1601.0514, 955.4847, 717.8363, , 
65609.036077833, 001544, -1.819087, -0.12407422, 2.5010424, 0.63684654, -0.42528266, -0.23288564, 0.5994375, 1601.0514, 1601.0514, 955.4854, 717.8373, , 
65609.052747083, 001545, -1.8275054, -0.12439699, 2.5003135, 0.63650614, -0.42479154, -0.23396541, 0.5997268, 1598.7919, 1598.7919, 955.4848, 717.83716, , 
65609.086085208, 001546, -1.8436261, -0.12550567, 2.4996145, 0.63551927, -0.42557552, -0.23691095, 0.59906095, 1598.34, 1598.34, 955.479, 717.83636, , 
65609.1027545, 001547, -1.8516742, -0.1257525, 2.4991622, 0.6348883, -0.42662442, -0.23864673, 0.59829444, 1598.34, 1598.34, 955.47516, 717.836, , 
65609.119423666, 001548, -1.859979, -0.12567568, 2.498435, 0.6341622, -0.42766407, -0.24039884, 0.5976204, 1596.0804, 1596.0804, 955.47107, 717.8358, , 
65609.152762083, 001549, -1.8775008, -0.12523374, 2.4962885, 0.6319149, -0.4281936, -0.24338475, 0.59841275, 1596.0804, 1596.0804, 955.46564, 717.8388, , 
65609.169431125, 001550, -1.8862233, -0.12577346, 2.4948547, 0.6307497, -0.42769915, -0.24486987, 0.59938896, 1596.0804, 1596.0804, 955.46484, 717.84076, , 
65609.202769541, 001551, -1.9035547, -0.124648765, 2.4929912, 0.62967265, -0.4265187, -0.24965851, 0.59938693, 1593.8209, 1593.8209, 955.4595, 717.8386, , 
65609.21943875, 001552, -1.9120018, -0.12369842, 2.4923353, 0.6294216, -0.42619473, -0.25299183, 0.5984827, 1593.8209, 1593.8209, 955.45496, 717.8352, , 
65609.236107791, 001553, -1.9204284, -0.122785896, 2.491657, 0.6291428, -0.4259034, -0.25633433, 0.5975603, 1593.369, 1593.369, 955.4501, 717.83154, , 
65609.269446208, 001554, -1.9369543, -0.12194231, 2.4900424, 0.6288253, -0.42431682, -0.26132601, 0.5968607, 1591.5614, 1591.5614, 955.4425, 717.8246, , 
65609.286115375, 001555, -1.9455456, -0.12166584, 2.4889624, 0.62885416, -0.42259097, -0.26290894, 0.59735936, 1591.5614, 1591.5614, 955.4419, 717.8224, , 
65609.319453583, 001556, -1.9630064, -0.12115336, 2.4865246, 0.628885, -0.4172223, -0.26591873, 0.5997637, 1586.5905, 1586.5905, 955.44434, 717.81793, , 
65609.336122875, 001557, -1.9715999, -0.12094699, 2.4853594, 0.62867403, -0.41373008, -0.26793656, 0.60150343, 1586.5905, 1586.5905, 955.4461, 717.8161, , 
65609.352792083, 001558, -1.9800407, -0.12078022, 2.4842684, 0.62843484, -0.4099058, -0.27001253, 0.6034402, 1587.0424, 1587.0424, 955.44794, 717.8143, , 
65609.386130291, 001559, -1.9950775, -0.12107513, 2.4825892, 0.6281134, -0.40207973, -0.27326304, 0.60756296, 1596.0804, 1596.0804, 955.45435, 717.81055, , 
65609.4027995, 001560, -2.0026727, -0.12121649, 2.481619, 0.62791526, -0.39845845, -0.27412796, 0.6097599, 1596.0804, 1596.0804, 955.45795, 717.8099, , 
65609.436137833, 001561, -2.0182548, -0.12129898, 2.479046, 0.62647074, -0.39276242, -0.27473953, 0.6146465, 1596.0804, 1596.0804, 955.4673, 717.8134, , 
65609.452806958, 001562, -2.0258207, -0.12128597, 2.4776375, 0.6250844, -0.3907097, -0.27516595, 0.6171703, 1596.0804, 1596.0804, 955.4705, 717.81696, , 
65609.486145416, 001563, -2.0397134, -0.12082814, 2.4740243, 0.62165886, -0.38763267, -0.27726915, 0.6216131, 1596.0804, 1596.0804, 955.4746, 717.82605, , 
65609.5028145, 001564, -2.0466728, -0.120555446, 2.4725974, 0.6198911, -0.38626945, -0.279003, 0.6234486, 1596.0804, 1596.0804, 955.4748, 717.8292, , 
65609.51948375, 001565, -2.0536275, -0.120314844, 2.4711504, 0.6179973, -0.3848539, -0.2810674, 0.6252743, 1596.0804, 1596.0804, 955.47437, 717.833, , 
65609.552822, 001566, -2.0678167, -0.120130956, 2.467921, 0.614208, -0.3812257, -0.2852374, 0.6293291, 1596.0804, 1596.0804, 955.4741, 717.8386, , 
65609.569491208, 001567, -2.0746303, -0.12027369, 2.465249, 0.612515, -0.37886134, -0.28698733, 0.63160723, 1596.0804, 1596.0804, 955.4754, 717.8421, , 
65609.602829458, 001568, -2.0894616, -0.12074551, 2.4606626, 0.6096172, -0.37322247, -0.2904973, 0.6361472, 1595.6285, 1595.6285, 955.4789, 717.84625, , 
65609.619498625, 001569, -2.0970247, -0.1210381, 2.4583108, 0.60822845, -0.37025693, -0.29269892, 0.6381969, 1595.6285, 1595.6285, 955.4805, 717.8478, , 
65609.652837, 001570, -2.1123142, -0.121760875, 2.4533434, 0.6049799, -0.36404562, -0.29852074, 0.6421491, 1595.6285, 1595.6285, 955.48096, 717.8491, , 
65609.66950625, 001571, -2.1201115, -0.12221501, 2.4506752, 0.60331804, -0.36078772, -0.30168858, 0.644068, 1595.6285, 1595.6285, 955.4808, 717.8494, , 
65609.702844458, 001572, -2.1357331, -0.124205075, 2.4449859, 0.5999588, -0.35417578, -0.30788583, 0.6479315, 1595.6285, 1595.6285, 955.4808, 717.85004, , 
65609.719513708, 001573, -2.1439373, -0.124933004, 2.441669, 0.59796816, -0.35092285, -0.3112095, 0.64995056, 1595.6285, 1595.6285, 955.48065, 717.85065, , 
65609.736182916, 001574, -2.1522548, -0.12564182, 2.4381695, 0.5957662, -0.347743, -0.3148851, 0.6519086, 1596.0804, 1596.0804, 955.4795, 717.8516, , 
65609.769521083, 001575, -2.1692643, -0.12704265, 2.430814, 0.5910645, -0.34120113, -0.32319143, 0.6555699, 1596.0804, 1596.0804, 955.4762, 717.85223, , 
65609.786190333, 001576, -2.177743, -0.1285225, 2.4272573, 0.58867466, -0.33779356, -0.32747906, 0.65735465, 1596.0804, 1596.0804, 955.47375, 717.8521, , 
65609.819528708, 001577, -2.19521, -0.13015872, 2.41952, 0.58391905, -0.3311008, -0.3362207, 0.66058034, 1596.0804, 1596.0804, 955.4697, 717.85144, , 
65609.836197708, 001578, -2.2039413, -0.13058029, 2.415539, 0.58159244, -0.32812396, -0.3409764, 0.6616796, 1596.0804, 1596.0804, 955.46576, 717.84985, , 
65609.852866958, 001579, -2.21277, -0.13077217, 2.4115229, 0.5790191, -0.32521343, -0.34631673, 0.66259927, 1596.0804, 1596.0804, 955.46155, 717.8478, , 
65609.886205375, 001580, -2.2319846, -0.1312006, 2.4034753, 0.572809, -0.31653872, -0.35651132, 0.66677785, 1596.0804, 1596.0804, 955.456, 717.8469, , 
65609.902874416, 001581, -2.241657, -0.13106644, 2.3996606, 0.5702665, -0.31038845, -0.3606033, 0.669642, 1596.0804, 1596.0804, 955.4574, 717.8473, , 
65609.936212791, 001582, -2.259986, -0.12948443, 2.3929844, 0.56757337, -0.29779485, -0.36926585, 0.6729201, 1596.0804, 1596.0804, 955.46075, 717.8411, , 
65609.952882, 001583, -2.268457, -0.1281384, 2.3899748, 0.5661747, -0.29256058, -0.37479854, 0.6733354, 1596.0804, 1596.0804, 955.4591, 717.833, , 
65609.969551125, 001584, -2.27675, -0.12666842, 2.3870034, 0.56374687, -0.2880095, -0.3810433, 0.67382944, 1596.0804, 1596.0804, 955.45575, 717.82745, , 
65610.002889375, 001585, -2.29501, -0.121301815, 2.3841448, 0.55582815, -0.27881297, -0.39328995, 0.67723066, 1596.0804, 1596.0804, 955.447, 717.82355, , 
65610.019558666, 001586, -2.3042061, -0.11978957, 2.3818054, 0.55171835, -0.27319, -0.39794087, 0.6801596, 1596.0804, 1596.0804, 955.44635, 717.82556, , 
65610.036227833, 001587, -2.3134825, -0.118365385, 2.3797755, 0.5483488, -0.26678732, -0.40151507, 0.68331814, 1595.6285, 1595.6285, 955.44806, 717.8279, , 
65610.069566041, 001588, -2.3311563, -0.11517897, 2.3772247, 0.5439191, -0.25383312, -0.4078379, 0.6880326, 1596.0804, 1596.0804, 955.45526, 717.82886, , 
65610.08623525, 001589, -2.340968, -0.113683976, 2.3753095, 0.5422501, -0.24798667, -0.41159776, 0.6892422, 1596.0804, 1596.0804, 955.45703, 717.82635, , 
65610.1029045, 001590, -2.3491051, -0.11205378, 2.3746803, 0.54048854, -0.24252574, -0.41605863, 0.6898902, 1596.0804, 1596.0804, 955.4573, 717.82245, , 
65610.119573708, 001591, -2.3565824, -0.110539146, 2.3747032, 0.53835285, -0.23699246, -0.42099074, 0.6904908, 1596.0804, 1596.0804, 955.4564, 717.81635, , 
65610.152911916, 001592, -2.3711245, -0.10847176, 2.3759606, 0.53237486, -0.22441989, -0.43090355, 0.69320613, 1596.0804, 1596.0804, 955.456, 717.8103, , 
65610.169581125, 001593, -2.380567, -0.10820985, 2.3767252, 0.52861065, -0.21721314, -0.4355274, 0.6954891, 1596.0804, 1596.0804, 955.4573, 717.8097, , 
65610.186250291, 001594, -2.38852, -0.10806419, 2.3781064, 0.5244593, -0.20975286, -0.4401542, 0.6980046, 1590.6576, 1590.6576, 955.4588, 717.81036, , 
65610.202919375, 001595, -2.3959, -0.10806099, 2.379962, 0.52008784, -0.20204768, -0.44490024, 0.700535, 1590.6576, 1590.6576, 955.46027, 717.81134, , 
65610.236257666, 001596, -2.410018, -0.10841747, 2.385058, 0.5113034, -0.18561417, -0.45449066, 0.7053754, 1590.2057, 1590.2057, 955.4646, 717.8131, , 
65610.252927, 001597, -2.416924, -0.10872443, 2.3883424, 0.5071273, -0.1769035, -0.45910087, 0.7076394, 1592.9171, 1592.9171, 955.4673, 717.8134, , 
65610.269596125, 001598, -2.4237425, -0.10910394, 2.3921027, 0.5030142, -0.1680809, -0.46348453, 0.70986444, 1592.4652, 1592.4652, 955.47144, 717.8139, , 
65610.286265208, 001599, -2.4317691, -0.110073306, 2.3964238, -0.49868274, 0.15931277, 0.46775004, -0.7121409, 1592.4652, 1592.4652, 955.47473, 717.8149, , 
65610.319603625, 001600, -2.4451845, -0.111292765, 2.4059474, -0.48881787, 0.14287885, 0.47652408, -0.7166363, 1595.1766, 1595.1766, 955.4798, 717.81903, , 
65610.336272791, 001601, -2.4513195, -0.111829415, 2.411016, -0.4835801, 0.13552769, 0.48096544, -0.7186479, 1595.1766, 1595.1766, 955.4805, 717.82104, , 
65610.35294175, 001602, -2.4572492, -0.11236594, 2.4162319, -0.4783752, 0.1285572, 0.48536617, -0.72045124, 1595.1766, 1595.1766, 955.48065, 717.82306, , 
65610.369611, 001603, -2.4630423, -0.112915106, 2.4215803, -0.47322816, 0.12166008, 0.4897584, -0.7220739, 1595.1766, 1595.1766, 955.48065, 717.8251, , 
65610.402949416, 001604, -2.4751697, -0.11582527, 2.4329176, -0.46298954, 0.10774728, 0.49863005, -0.72484434, 1597.8881, 1597.8881, 955.4805, 717.82715, , 
65610.419618416, 001605, -2.4806683, -0.11650805, 2.438373, -0.45776153, 0.10080231, 0.5032586, -0.7259642, 1597.4362, 1597.4362, 955.48004, 717.8277, , 
65610.436287625, 001606, -2.4859934, -0.117074, 2.4437912, -0.45246038, 0.093748786, 0.5080257, -0.7269117, 1597.4362, 1597.4362, 955.4791, 717.8278, , 
65610.452956833, 001607, -2.4911635, -0.11757619, 2.4491937, -0.44712842, 0.08659671, 0.512953, -0.7276375, 1599.6957, 1599.6957, 955.47833, 717.8274, , 
65610.469626, 001608, -2.4961655, -0.11802414, 2.4545698, -0.44178376, 0.07948413, 0.5179996, -0.7281385, 1599.6957, 1599.6957, 955.47736, 717.8263, , 
65610.502964291, 001609, -2.5058682, -0.12026087, 2.4662743, -0.4312945, 0.06631258, 0.52813023, -0.72846836, 1599.6957, 1599.6957, 955.4735, 717.8224, , 
65610.519633458, 001610, -2.5104558, -0.12065333, 2.4716525, -0.42614552, 0.060201224, 0.5330982, -0.72841066, 1601.9552, 1601.9552, 955.4713, 717.82025, , 
65610.536302666, 001611, -2.5149522, -0.12090919, 2.47697, -0.4212478, 0.054127626, 0.5378347, -0.72825426, 1601.9552, 1601.9552, 955.4689, 717.81714, , 
65610.552971875, 001612, -2.5193446, -0.121077664, 2.4822707, -0.41677606, 0.047914006, 0.5423235, -0.7279335, 1601.9552, 1601.9552, 955.4677, 717.8145, , 
65610.586310125, 001613, -2.5260427, -0.12251156, 2.4951704, -0.40947962, 0.035456434, 0.5510858, -0.726205, 1604.2147, 1604.2147, 955.46704, 717.8051, , 
65610.60297925, 001614, -2.5299106, -0.12253764, 2.5005782, -0.4060823, 0.029022578, 0.55540985, -0.72510326, 1604.2147, 1604.2147, 955.4674, 717.80023, , 
65610.6196485, 001615, -2.5338566, -0.12243897, 2.505848, -0.40280673, 0.022240728, 0.55950356, -0.72402203, 1604.2147, 1604.2147, 955.4683, 717.7956, , 
65610.652986708, 001616, -2.54181, -0.122061566, 2.516423, -0.3969094, 0.006657305, 0.5666011, -0.7220678, 1608.2819, 1608.2819, 955.4753, 717.78644, , 
65610.669655875, 001617, -2.5456755, -0.12189582, 2.5217464, -0.3944763, -0.0024572108, 0.569354, -0.7212617, 1608.7338, 1608.7338, 955.4813, 717.7838, , 
65610.686325083, 001618, -2.546337, -0.12270312, 2.5290236, -0.39235783, -0.012031322, 0.57201576, -0.72021425, 1608.7338, 1608.7338, 955.49133, 717.7805, , 
65610.719663291, 001619, -2.5503545, -0.12230731, 2.5399423, -0.3875467, -0.03046709, 0.57884616, -0.71680987, 1603.7628, 1603.7628, 955.50507, 717.77203, , 
65610.736332458, 001620, -2.5521595, -0.12174128, 2.5445557, -0.38414872, -0.038838062, 0.5832014, -0.71470094, 1604.2147, 1604.2147, 955.5097, 717.7663, , 
65610.75300175, 001621, -2.5537004, -0.12118493, 2.548851, -0.3795532, -0.0467173, 0.5879555, -0.712787, 1604.2147, 1604.2147, 955.5127, 717.75934, , 
65610.786340166, 001622, -2.552814, -0.12159252, 2.5594664, -0.367199, -0.062040552, 0.5973562, -0.71026856, 1604.2147, 1604.2147, 955.5125, 717.75385, , 
65610.803009208, 001623, -2.5526066, -0.12186986, 2.5643647, -0.36009413, -0.06998874, 0.6016112, -0.7095757, 1604.2147, 1604.2147, 955.5118, 717.7537, , 
65610.819678416, 001624, -2.5529635, -0.12195901, 2.5686672, -0.35264307, -0.078083836, 0.60570955, -0.7089864, 1604.2147, 1604.2147, 955.5111, 717.75446, , 
65610.836347583, 001625, -2.5532453, -0.1219965, 2.572855, -0.34495017, -0.086381316, 0.60977954, -0.7083195, 1604.2147, 1604.2147, 955.51025, 717.75543, , 
65610.853016708, 001626, -2.553278, -0.122042745, 2.5771213, -0.33721995, -0.09518513, 0.613701, -0.7075264, 1604.2147, 1604.2147, 955.50995, 717.7565, , 
65610.869685833, 001627, -2.5530307, -0.12210944, 2.5814788, -0.3296629, -0.10457049, 0.6173371, -0.7065991, 1604.2147, 1604.2147, 955.5111, 717.7582, , 
65610.886354958, 001628, -2.5353334, -0.123710856, 2.5930035, -0.32230172, -0.11444445, 0.6209469, -0.7053006, 1604.2147, 1604.2147, 955.51306, 717.7599, , 
65610.903024208, 001629, -2.5283089, -0.124344274, 2.5999706, -0.31458753, -0.124914445, 0.62413764, -0.7041897, 1604.2147, 1604.2147, 955.5156, 717.7623, , 
65610.919693416, 001630, -2.5248768, -0.12464319, 2.6052506, -0.30648878, -0.13599923, 0.62708575, -0.7030877, 1604.2147, 1604.2147, 955.51984, 717.7668, , 
65610.953031583, 001631, -2.5197804, -0.12502304, 2.6142426, -0.28977013, -0.15970963, 0.6325928, -0.70025176, 1604.2147, 1604.2147, 955.52795, 717.7745, , 
65610.969700833, 001632, -2.5171173, -0.12582818, 2.6185586, -0.28120983, -0.17212814, 0.63516486, -0.6984686, 1604.2147, 1604.2147, 955.53436, 717.78, , 
65610.986370041, 001633, -2.5141816, -0.12626131, 2.6224017, -0.27245522, -0.1847584, 0.6375622, -0.69652486, 1603.7628, 1603.7628, 955.5394, 717.7846, , 
65611.00303925, 001634, -2.5110383, -0.12659124, 2.6258476, -0.26340246, -0.19739965, 0.6398564, -0.6944324, 1603.7628, 1603.7628, 955.54443, 717.7894, , 
65611.036377458, 001635, -2.5043237, -0.12714227, 2.6315565, -0.24456234, -0.22218128, 0.6442974, -0.6897141, 1604.2147, 1604.2147, 955.5541, 717.80096, , 
65611.053046666, 001636, -2.500799, -0.12736335, 2.6338162, -0.23493814, -0.23429477, 0.6465716, -0.6869172, 1604.2147, 1604.2147, 955.5575, 717.80536, , 
65611.069715875, 001637, -2.4977207, -0.12750396, 2.6353376, -0.22519468, -0.24624507, 0.6489894, -0.6837131, 1604.2147, 1604.2147, 955.5615, 717.8103, , 
65611.103054125, 001638, -2.490687, -0.12770638, 2.6374314, -0.20462625, -0.26984683, 0.6542731, -0.6761934, 1604.2147, 1604.2147, 955.5656, 717.81537, , 
65611.11972325, 001639, -2.4871306, -0.12780659, 2.6378412, -0.19338822, -0.2818043, 0.6569817, -0.6719839, 1604.2147, 1604.2147, 955.5669, 717.8183, , 
65611.1363925, 001640, -2.4836369, -0.12793864, 2.6377819, -0.18160528, -0.29385337, 0.6595768, -0.66755384, 1604.2147, 1604.2147, 955.56726, 717.8206, , 
65611.153061625, 001641, -2.4802096, -0.12808144, 2.6372147, -0.16951121, -0.30578104, 0.66212845, -0.66283464, 1604.2147, 1604.2147, 955.567, 717.8228, , 
65611.186399875, 001642, -2.4739342, -0.12857564, 2.6349733, 0.14511853, 0.3288546, -0.66714185, 0.65246993, 1604.2147, 1604.2147, 955.56506, 717.8257, , 
65611.203069083, 001643, -2.4709363, -0.12889859, 2.6329694, 0.13301107, 0.34027073, -0.66932756, 0.6469346, 1604.2147, 1604.2147, 955.56433, 717.82654, , 
65611.219738333, 001644, -2.468033, -0.12926757, 2.6302803, 0.12081297, 0.3516884, -0.67121613, 0.6412397, 1604.2147, 1604.2147, 955.56384, 717.82776, , 
65611.236407458, 001645, -2.4652789, -0.12965554, 2.6269, 0.10836431, 0.3629508, -0.67295474, 0.6353391, 1604.2147, 1604.2147, 955.5627, 717.82935, , 
65611.253076458, 001646, -2.4627025, -0.13000806, 2.6227925, 0.09564547, 0.3738371, -0.6747126, 0.62917453, 1604.2147, 1604.2147, 955.5611, 717.82983, , 
65611.286414916, 001647, -2.4585319, -0.12642598, 2.6152942, 0.070184745, 0.39443958, -0.67825395, 0.6160058, 1604.2147, 1604.2147, 955.5553, 717.82806, , 
65611.303084125, 001648, -2.4568233, -0.12521994, 2.6103532, 0.057683613, 0.40445563, -0.67975104, 0.60911965, 1604.2147, 1604.2147, 955.55304, 717.8268, , 
65611.319753166, 001649, -2.4553835, -0.12477246, 2.6044104, 0.045196906, 0.41437128, -0.68094873, 0.60213166, 1603.7628, 1603.7628, 955.55096, 717.8256, , 
65611.336422333, 001650, -2.4542463, -0.12446885, 2.5978935, 0.03258977, 0.42432123, -0.6817981, 0.59501326, 1603.7628, 1603.7628, 955.5484, 717.8245, , 
65611.3530915, 001651, -2.4534, -0.12413503, 2.5909667, 0.019880991, 0.4345768, -0.68224394, 0.58761466, 1603.7628, 1603.7628, 955.5469, 717.82434, , 
65611.369760791, 001652, -2.4528806, -0.12370944, 2.583683, 0.0071945763, 0.44519854, -0.6822876, 0.5798534, 1603.7628, 1603.7628, 955.5461, 717.8247, , 
65611.403099, 001653, -2.452932, -0.121677026, 2.5684676, -0.017905978, 0.46637952, -0.68189913, 0.56319004, 1604.2147, 1604.2147, 955.5457, 717.8258, , 
65611.419768166, 001654, -2.4532802, -0.120582275, 2.5600119, -0.030336924, 0.47601348, -0.6817265, 0.554743, 1604.2147, 1604.2147, 955.54504, 717.8251, , 
65611.436437375, 001655, -2.453841, -0.11926557, 2.5513802, -0.04229289, 0.48500445, -0.6815729, 0.546297, 1604.2147, 1604.2147, 955.54376, 717.8229, , 
65611.453106541, 001656, -2.454526, -0.117794484, 2.5427685, -0.0533127, 0.4938577, -0.68124276, 0.53774583, 1604.2147, 1604.2147, 955.544, 717.82117, , 
65611.469775583, 001657, -2.4553316, -0.11640103, 2.5343382, -0.06315613, 0.502789, -0.6807569, 0.5289466, 1603.7628, 1603.7628, 955.5462, 717.82007, , 
65611.503114, 001658, -2.4576542, -0.11591782, 2.5190773, -0.0800687, 0.5193419, -0.68032384, 0.5109134, 1604.2147, 1604.2147, 955.5555, 717.81604, , 
65611.519783125, 001659, -2.4586194, -0.1137666, 2.5105438, -0.088023484, 0.52643895, -0.6801929, 0.5024455, 1604.2147, 1604.2147, 955.5592, 717.8134, , 
65611.536452375, 001660, -2.4597192, -0.111177355, 2.5019357, -0.09562721, 0.53268814, -0.67997503, 0.49470466, 1604.2147, 1604.2147, 955.562, 717.8107, , 
65611.553121375, 001661, -2.4610133, -0.10832369, 2.4934254, -0.10269916, 0.5381332, -0.67955023, 0.48793122, 1604.2147, 1604.2147, 955.56445, 717.80786, , 
65611.586459791, 001662, -2.4649787, -0.104203835, 2.4777682, -0.11593986, 0.54759234, -0.6774157, 0.4772928, 1604.2147, 1604.2147, 955.5648, 717.807, , 
65611.603128958, 001663, -2.466868, -0.10163185, 2.470141, -0.122605905, 0.5520763, -0.67540824, 0.47328988, 1604.2147, 1604.2147, 955.5627, 717.80994, , 
65611.619797958, 001664, -2.4686542, -0.09862806, 2.4625583, -0.12949136, 0.556387, -0.6730211, 0.469796, 1604.2147, 1604.2147, 955.56006, 717.8133, , 
65611.653136416, 001665, -2.4722488, -0.09218249, 2.447686, -0.14408757, 0.56372875, -0.6683788, 0.46337727, 1604.2147, 1604.2147, 955.55176, 717.8186, , 
65611.669805625, 001666, -2.4739993, -0.08890493, 2.440435, -0.15148343, 0.5666648, -0.6664604, 0.4601893, 1604.2147, 1604.2147, 955.5448, 717.81976, , 
65611.686474791, 001667, -2.4759607, -0.090393886, 2.4353423, -0.15853457, 0.5693022, -0.6649084, 0.45679176, 1601.9552, 1601.9552, 955.53955, 717.8195, , 
65611.719813041, 001668, -2.4787288, -0.08658248, 2.4229035, -0.17162904, 0.574123, -0.6620124, 0.4501843, 1601.9552, 1601.9552, 955.529, 717.8174, , 
65611.736482166, 001669, -2.4797802, -0.08422309, 2.4168272, -0.1775525, 0.5766293, -0.6604339, 0.4469909, 1601.9552, 1601.9552, 955.5255, 717.817, , 
65611.753151416, 001670, -2.4806805, -0.08200563, 2.4110258, -0.18310146, 0.57912993, -0.65876883, 0.44396615, 1599.6957, 1599.6957, 955.52234, 717.81714, , 
65611.786489625, 001671, -2.4818575, -0.08101331, 2.400767, -0.19329126, 0.58362323, -0.6558774, 0.43800375, 1600.1476, 1600.1476, 955.5161, 717.81714, , 
65611.803158833, 001672, -2.4821918, -0.08019175, 2.395796, -0.19812931, 0.58539873, -0.6547953, 0.4350818, 1600.1476, 1600.1476, 955.51355, 717.8161, , 
65611.836497083, 001673, -2.4824429, -0.07769952, 2.3863218, -0.20693874, 0.5886009, -0.6530923, 0.42918032, 1596.9843, 1596.9843, 955.5082, 717.8118, , 
65611.853166208, 001674, -2.4822474, -0.07675584, 2.382008, -0.21048449, 0.5905451, -0.6523285, 0.42593455, 1596.9843, 1596.9843, 955.5075, 717.8104, , 
65611.869835416, 001675, -2.4818072, -0.076100476, 2.3779507, -0.21324097, 0.59278286, -0.65168583, 0.4224245, 1596.9843, 1596.9843, 955.5089, 717.8093, , 
65611.903173833, 001676, -2.4806156, -0.07816136, 2.3696654, -0.21685332, 0.5972636, -0.6510143, 0.41524836, 1595.1766, 1595.1766, 955.51483, 717.8084, , 
65611.919842875, 001677, -2.479879, -0.07835268, 2.3659945, -0.21812941, 0.5993679, -0.6507572, 0.4119379, 1595.1766, 1595.1766, 955.5183, 717.80817, , 
65611.936512125, 001678, -2.4790757, -0.07844431, 2.3625379, -0.21958561, 0.6011995, -0.6504718, 0.40893477, 1595.1766, 1595.1766, 955.52216, 717.80756, , 
65611.969850375, 001679, -2.4772089, -0.078725815, 2.3564026, -0.22280933, 0.60520184, -0.64905185, 0.40350762, 1592.9171, 1592.9171, 955.5263, 717.80804, , 
65611.986519666, 001680, -2.4753292, -0.081694774, 2.3520103, -0.22419322, 0.6075785, -0.647943, 0.40094352, 1592.4652, 1592.4652, 955.5299, 717.81116, , 
65612.003188708, 001681, -2.4741197, -0.083012514, 2.3488772, -0.22491238, 0.6101273, -0.64675075, 0.39858833, 1592.4652, 1592.4652, 955.5333, 717.8145, , 
65612.036527083, 001682, -2.472332, -0.08413623, 2.343678, -0.22569089, 0.61423576, -0.64523184, 0.3942765, 1590.2057, 1590.2057, 955.54156, 717.8203, , 
65612.053196291, 001683, -2.4716446, -0.08422516, 2.3411386, -0.22657277, 0.61516625, -0.64513665, 0.3924716, 1590.2057, 1590.2057, 955.5434, 717.8201, , 
65612.086534541, 001684, -2.4685495, -0.08688139, 2.3331501, -0.23013653, 0.61562043, -0.6452394, 0.3895057, 1587.0424, 1587.0424, 955.5425, 717.8161, , 
65612.103203708, 001685, -2.4675186, -0.087538086, 2.3301105, -0.23205522, 0.61616457, -0.6447799, 0.38826597, 1587.0424, 1587.0424, 955.5413, 717.8153, , 
65612.119872833, 001686, -2.4668155, -0.0877169, 2.3278792, -0.23376322, 0.6169791, -0.6440756, 0.38711518, 1587.0424, 1587.0424, 955.5405, 717.81537, , 
65612.153211041, 001687, -2.4655426, -0.08749029, 2.324401, -0.23670214, 0.61866647, -0.6428505, 0.38466483, 1599.6957, 1599.6957, 955.5398, 717.8161, , 
65612.169880333, 001688, -2.464957, -0.08714249, 2.3229368, -0.23795763, 0.6192961, -0.64253634, 0.38339993, 1599.6957, 1599.6957, 955.5397, 717.81573, , 
65612.203218625, 001689, -2.4651368, -0.086271524, 2.316431, -0.24070062, 0.6197562, -0.64215434, 0.38158002, 1599.6957, 1599.6957, 955.53876, 717.81433, , 
65612.219887666, 001690, -2.465367, -0.08560817, 2.3144605, -0.24175496, 0.6193668, -0.6422945, 0.3813098, 1599.6957, 1599.6957, 955.5375, 717.81305, , 
65612.253226083, 001691, -2.4660316, -0.083968334, 2.3127475, -0.24301822, 0.6174767, -0.6432444, 0.38197032, 1599.6957, 1599.6957, 955.5333, 717.80774, , 
65612.269895291, 001692, -2.466478, -0.08310296, 2.3124416, -0.24362634, 0.61637837, -0.6436111, 0.38273832, 1599.6957, 1599.6957, 955.5309, 717.80566, , 
65612.286564333, 001693, -2.4674864, -0.08298302, 2.307543, -0.24458693, 0.6151553, -0.6438753, 0.38364813, 1599.6957, 1599.6957, 955.5281, 717.804, , 
65612.31990275, 001694, -2.4688582, -0.08189089, 2.3058598, -0.24538249, 0.6135311, -0.64410347, 0.38535395, 1599.6957, 1599.6957, 955.5228, 717.80194, , 
65612.336571875, 001695, -2.4694145, -0.08133198, 2.306163, -0.24547845, 0.6131758, -0.64412296, 0.38582548, 1599.6957, 1599.6957, 955.5218, 717.8016, , 
65612.369910083, 001696, -2.4703586, -0.080173224, 2.3072393, -0.24635999, 0.6128123, -0.6438881, 0.386233, 1599.6957, 1599.6957, 955.5196, 717.8013, , 
65612.386579291, 001697, -2.468633, -0.082146674, 2.305393, -0.24768603, 0.6124139, -0.64376175, 0.38622746, 1599.6957, 1599.6957, 955.5178, 717.80066, , 
65612.4032485, 001698, -2.4680715, -0.08236667, 2.3049963, -0.2493128, 0.6121346, -0.6433837, 0.38625368, 1600.1476, 1600.1476, 955.51526, 717.79987, , 
65612.436586708, 001699, -2.4676454, -0.081968054, 2.3056326, -0.2512774, 0.61244977, -0.6419923, 0.38679567, 1600.1476, 1600.1476, 955.5105, 717.8008, , 
65612.453255916, 001700, -2.4675074, -0.081860214, 2.30627, -0.25138807, 0.61280197, -0.6412012, 0.38747755, 1599.6957, 1599.6957, 955.5097, 717.803, , 
65612.469925083, 001701, -2.467307, -0.081766635, 2.3068986, -0.25139698, 0.6130054, -0.6405758, 0.3881838, 1599.6957, 1599.6957, 955.50867, 717.8058, , 
65612.5032635, 001702, -2.4665627, -0.08244029, 2.3066201, -0.25102156, 0.61263144, -0.6405929, 0.3889879, 1599.6957, 1599.6957, 955.5078, 717.807, , 
65612.519932583, 001703, -2.466196, -0.082370244, 2.3069313, -0.25046995, 0.612254, -0.64102393, 0.38922754, 1599.6957, 1599.6957, 955.5083, 717.8063, , 
65612.553270958, 001704, -2.4655843, -0.08223558, 2.30775, -0.24905393, 0.61135423, -0.6419736, 0.38998473, 1599.6957, 1599.6957, 955.509, 717.8052, , 
65612.569940125, 001705, -2.4653363, -0.08251926, 2.3078737, -0.24836382, 0.61080384, -0.6425716, 0.39030215, 1599.6957, 1599.6957, 955.5096, 717.8042, , 
65612.586609166, 001706, -2.4651182, -0.08309464, 2.3077133, -0.24768943, 0.6103391, -0.64320016, 0.39042243, 1599.6957, 1599.6957, 955.51013, 717.8033, , 
65612.619947583, 001707, -2.464478, -0.08335365, 2.3082898, -0.24602664, 0.61014426, -0.6439811, 0.3904911, 1600.1476, 1600.1476, 955.5128, 717.8028, , 
65612.63661675, 001708, -2.4642646, -0.083388045, 2.308715, -0.24523047, 0.6101599, -0.64414257, 0.39070094, 1600.1476, 1600.1476, 955.514, 717.80334, , 
65612.653285958, 001709, -2.4641817, -0.08333401, 2.3091059, -0.24475046, 0.6099444, -0.6442584, 0.3911471, 1600.1476, 1600.1476, 955.51434, 717.80365, , 
65612.686624041, 001710, -2.4643853, -0.08363019, 2.3096063, -0.24474902, 0.609494, -0.64408326, 0.3921373, 1600.1476, 1600.1476, 955.5128, 717.80414, , 
65612.703293375, 001711, -2.4643815, -0.083726525, 2.309881, -0.24480538, 0.60964817, -0.64370507, 0.39248332, 1600.1476, 1600.1476, 955.5124, 717.8051, , 
65612.736631416, 001712, -2.4643722, -0.08364721, 2.3105772, -0.24465662, 0.6098048, -0.64300513, 0.39347887, 1600.1476, 1600.1476, 955.51135, 717.8079, , 
65612.75330075, 001713, -2.464436, -0.08353661, 2.3109384, -0.24438901, 0.6095403, -0.64298373, 0.39408955, 1599.6957, 1599.6957, 955.51086, 717.8085, , 
65612.769969958, 001714, -2.464216, -0.08375231, 2.3115118, -0.24386081, 0.60900223, -0.64326423, 0.3947902, 1599.6957, 1599.6957, 955.5105, 717.8084, , 
