frame,T_00,T_01,T_02,T_03,T_10,T_11,T_12,T_13,T_20,T_21,T_22,T_23,T_30,T_31,T_32,T_33
000000,0.2999611341903395,-0.7738161897446485,-0.5578815487756517,-0.05574204,-0.8926196645751165,-0.021368136839762297,-0.45030382758955545,0.019246144,0.33653150281816424,0.6330496877947827,-0.6971331582946522,0.23901562,0.0,0.0,0.0,1.0
000001,0.29655696899179307,-0.7709060342862435,-0.5637001423127885,-0.05602985,-0.8946087345605651,-0.01765392856317291,-0.4465014567212864,0.019177599,0.33425914526059736,0.6367041896417391,-0.6948946673434122,0.23894715,0.0,0.0,0.0,1.0
000002,0.2937524657892454,-0.7681770864660686,-0.5688703302785622,-0.056612566,-0.8960998567564002,-0.014144209635305938,-0.44362708219286084,0.019129403,0.3327379382695893,0.6400811707606268,-0.6925182736028042,0.2376941,0.0,0.0,0.0,1.0
000003,0.2917656435743971,-0.7673478375795959,-0.5710079731418258,-0.05798644,-0.8960765742530572,-0.010484038582335098,-0.44377568433828074,0.019260399,0.33454384212614513,0.641145366587736,-0.6906613038230495,0.2367798,0.0,0.0,0.0,1.0
000004,0.29459783024046055,-0.7707652007055582,-0.5649186877763324,-0.058940843,-0.8947142902275703,-0.014796600568422302,-0.446393771769044,0.019889282,0.3357059089146147,0.6369474593661073,-0.6939736859037764,0.23721127,0.0,0.0,0.0,1.0
000005,0.29642729910907684,-0.7721355352250844,-0.5620832425767293,-0.05984734,-0.8942651335017427,-0.017781683068692128,-0.4471841709523658,0.020183178,0.33529200310476837,0.6352090419617127,-0.6957648637751659,0.23689039,0.0,0.0,0.0,1.0
000006,0.29839785713971173,-0.7731112228414133,-0.559694341557142,-0.061146073,-0.8939424193928863,-0.020927497583061727,-0.44769296471455056,0.020544888,0.33440345342777344,0.6339251351394465,-0.6973616374407281,0.23704739,0.0,0.0,0.0,1.0
000007,0.29849687786192597,-0.7728072332316406,-0.560061241447343,-0.061681606,-0.8939412982778708,-0.02083245593505828,-0.4476996359312666,0.020486787,0.3343180658294692,0.6342988168399579,-0.6970627244484333,0.23701788,0.0,0.0,0.0,1.0
000008,0.29852394181818065,-0.7721868926143233,-0.5609018265578843,-0.062226176,-0.8938808849858778,-0.020263232139999005,-0.44784636303101116,0.020330347,0.33445540751825087,0.6350722827347104,-0.6962921628769957,0.23686509,0.0,0.0,0.0,1.0
000009,0.29910971513039686,-0.7708306650664304,-0.562453077249878,-0.06317427,-0.89325799071596,-0.018885784540643713,-0.4491475138129677,0.019783538,0.3355943091542204,0.6367600905643576,-0.6941995726934528,0.23614068,0.0,0.0,0.0,1.0
000010,0.29959638784810155,-0.7701946955039866,-0.5630649477688088,-0.06358153,-0.8928125713332485,-0.018270344655807957,-0.4500576707217322,0.019416481,0.3363446400014172,0.6375471163166527,-0.6931132357837626,0.23566006,0.0,0.0,0.0,1.0
000011,0.3008364833734373,-0.7694172539210256,-0.5634665026779604,-0.064538784,-0.8915741436861417,-0.017184499848161006,-0.45254860432365906,0.018495299,0.3385158143747893,0.6385152953012143,-0.6911622538048331,0.23473716,0.0,0.0,0.0,1.0
000012,0.3019747614903946,-0.7692038152151804,-0.5631489448460592,-0.06507091,-0.8906006082771915,-0.016905135901587265,-0.45447197154109015,0.017977633,0.34006146497231343,0.6387798580407489,-0.6901583101016207,0.2342468,0.0,0.0,0.0,1.0
000013,0.30333767571069414,-0.7691677247445985,-0.5624653462264597,-0.06563208,-0.889516503573516,-0.01691157899900611,-0.4565899564884311,0.017489053,0.3416820808365297,0.6388231443106753,-0.6893173042425682,0.23378107,0.0,0.0,0.0,1.0
000014,0.3055086518105999,-0.7695448227985999,-0.5607719941052167,-0.066720866,-0.887824297557011,-0.017366527295650525,-0.45985478185737017,0.016965704,0.34414020447525406,0.6383566161900109,-0.6885262160805276,0.23258407,0.0,0.0,0.0,1.0
000015,0.3060865021094813,-0.7698846552414488,-0.5599898845962652,-0.06719021,-0.8873852673794077,-0.017711586184666867,-0.460688275249979,0.016737493,0.3447585248610392,0.6379372362063365,-0.6886055781048113,0.23230742,0.0,0.0,0.0,1.0
000016,0.306258990761976,-0.7705928851467039,-0.5589204200409346,-0.06790688,-0.8870327576065127,-0.017906631514954363,-0.4613591220305208,0.01637286,0.34551167492639284,0.6370761005633991,-0.6890251987993561,0.23195124,0.0,0.0,0.0,1.0
000017,0.30627863498871877,-0.7707704193695181,-0.5586647996557366,-0.0682279,-0.886856355486097,-0.017758154971118795,-0.4617038581882755,0.016248124,0.3459468203111061,0.636865455615987,-0.6890015885030137,0.23178115,0.0,0.0,0.0,1.0
000018,0.3061254026273966,-0.7708713712216858,-0.5586094940985268,-0.06871601,-0.8868620410444154,-0.017618974109000263,-0.4616982693338583,0.01605346,0.34606785175850696,0.6367471246752074,-0.689050173207371,0.23126815,0.0,0.0,0.0,1.0
000019,0.3053934001086237,-0.771107255402085,-0.5586845906559066,-0.0693518,-0.8870926075252539,-0.017125665396559048,-0.46127369018704195,0.016037192,0.346123643867535,0.6364749109359997,-0.6892736110608552,0.2308756,0.0,0.0,0.0,1.0
000020,0.3047589034105449,-0.7710819825394308,-0.559065816335665,-0.06959855,-0.887433425579047,-0.016769054106736597,-0.46063077837830574,0.01609534,0.3458090888872655,0.6365150234106236,-0.689394443708051,0.23079479,0.0,0.0,0.0,1.0
000021,0.3032921338381271,-0.770997251911679,-0.559979570249268,-0.07001059,-0.8884194972232085,-0.016295609195825567,-0.4587431199207227,0.016242767,0.3445644765578386,0.6366299479804388,-0.6899113209890433,0.23077297,0.0,0.0,0.0,1.0
000022,0.3030520957511314,-0.7708740663301596,-0.5602790386231238,-0.070058964,-0.8886110034273487,-0.01618550863899909,-0.4583759525737989,0.016579159,0.34428173324864003,0.6367819117796152,-0.6899122299116103,0.23052695,0.0,0.0,0.0,1.0
000023,0.30272645632423756,-0.7710437656329289,-0.5602215669893142,-0.07019881,-0.8888141501596366,-0.016207440089371722,-0.45798114083633656,0.016740859,0.3440437459355605,0.6365758637934229,-0.6902210301912606,0.23043315,0.0,0.0,0.0,1.0
000024,0.30203887371574667,-0.7719701354867688,-0.559316215285292,-0.07046669,-0.889081291876446,-0.016419345695439902,-0.45745476445463273,0.016785659,0.3439578102032765,0.6354467050850712,-0.6913034860296117,0.23033252,0.0,0.0,0.0,1.0
000025,0.30173788107660815,-0.7725992337598415,-0.5586095909641228,-0.070583716,-0.8890112787897231,-0.01635050311115946,-0.4575932770842173,0.016655495,0.34440266739393866,0.634683452629512,-0.6917829989600945,0.23022051,0.0,0.0,0.0,1.0
000026,0.3008850003291897,-0.7738686597847938,-0.5573109670370666,-0.070768096,-0.8884907830358936,-0.015152559610090044,-0.4586442285666825,0.016221598,0.34648570682954316,0.6331648263605216,-0.692134349402399,0.2297039,0.0,0.0,0.0,1.0
000027,0.3006386709635762,-0.7743108584701962,-0.5568294927322032,-0.070910715,-0.8880445995862613,-0.014333466489349828,-0.4595338299669307,0.015944786,0.3478407375034325,0.6326430638152503,-0.6919317705811185,0.22933197,0.0,0.0,0.0,1.0
000028,0.3006205542748047,-0.7747843008523997,-0.5561803390090012,-0.07109601,-0.8874680293107963,-0.013651770887962655,-0.46066704473278114,0.015504204,0.3493247476184887,0.6320782517254337,-0.6917002995495943,0.22893995,0.0,0.0,0.0,1.0
000029,0.30135337560063613,-0.775786730773161,-0.554383523718367,-0.071525715,-0.8856434169620009,-0.012303873401838028,-0.4642029218899672,0.014257282,0.3533014024964709,0.630875235728589,-0.6907782248583287,0.22803988,0.0,0.0,0.0,1.0
000030,0.3022069894883649,-0.7764384535821406,-0.5530047588433153,-0.07173433,-0.8842282878590996,-0.011612247697719957,-0.4669105810036565,0.013436623,0.35610570123791135,0.6300860921353375,-0.6900581468568243,0.22749339,0.0,0.0,0.0,1.0
000031,0.3049265580260433,-0.7775988766383257,-0.54987251364403,-0.07200814,-0.8807708225310493,-0.010606475894286121,-0.47342397578395085,0.01179076,0.36230174218235417,0.6286712095522728,-0.6881205983631888,0.22622612,0.0,0.0,0.0,1.0
000032,0.3061794984476344,-0.7780585503641744,-0.5485243904655057,-0.07211939,-0.8791454115694866,-0.010067831784269343,-0.4764472521481072,0.010683782,0.3651814070385749,0.6281110817111599,-0.6871091681712329,0.22564463,0.0,0.0,0.0,1.0
000033,0.3073372733331424,-0.7784221780934818,-0.5473597656682024,-0.07216598,-0.8775146094369503,-0.009321702177329944,-0.4794592955541004,0.009451612,0.36811942443297707,0.6276719035616596,-0.6859417401167659,0.22501884,0.0,0.0,0.0,1.0
000034,0.30914395833008845,-0.7794301791716738,-0.5449023846749224,-0.07192965,-0.8741670725379478,-0.007254808313244182,-0.48557110400720127,0.0067737186,0.3745156102466741,0.6264470955737209,-0.6835949781331125,0.22352386,0.0,0.0,0.0,1.0
000035,0.30937227103576503,-0.7805930254894053,-0.5431052627911735,-0.07159112,-0.8725078612796215,-0.005877153289703396,-0.4885647255732548,0.0053795693,0.3781783044007596,0.6250119899861968,-0.6828917794600109,0.22279502,0.0,0.0,0.0,1.0
000036,0.30925435842366994,-0.7822637752010212,-0.5407634675199592,-0.07105868,-0.8707879452560737,-0.004390414404462695,-0.49163917526786016,0.0040011033,0.3822173415645461,0.6229318664746593,-0.6825436202454227,0.2219577,0.0,0.0,0.0,1.0
000037,0.30762747489762554,-0.7873966382401603,-0.534202087955677,-0.069263764,-0.8674629497344895,-0.0013842714856911742,-0.4974998639501247,0.0014328957,0.3909902396813116,0.6164451458812439,-0.6834632503605461,0.21994953,0.0,0.0,0.0,1.0
000038,0.30600330440553347,-0.7904909422342079,-0.5305525873450895,-0.068019465,-0.8662415980984659,5.986760100079591e-06,-0.49962535332784574,0.00031582915,0.3949524926072887,0.6124737302201891,-0.6847543051149491,0.21891816,0.0,0.0,0.0,1.0
000039,0.30385080594415464,-0.7935465209396091,-0.5272177982880798,-0.0665482,-0.8655155011696969,0.0013677980085697317,-0.5008802714856877,-0.0006824434,0.3981929242993353,0.6085080510833447,-0.6864112082452423,0.21789552,0.0,0.0,0.0,1.0
000040,0.29786799326085045,-0.7998117449506256,-0.5211293805090915,-0.06281099,-0.8656362927596785,0.0038291749568930555,-0.5006587121747008,-0.0025098315,0.402428213782327,0.6002387108960776,-0.6912054851444545,0.21635377,0.0,0.0,0.0,1.0
000041,0.2943563284310462,-0.8031883532452229,-0.5179216360838974,-0.06053088,-0.8660849262395378,0.004926939952872078,-0.4998726095750346,-0.0032672063,0.4040436269182429,0.5957047880233362,-0.694179049721917,0.21535197,0.0,0.0,0.0,1.0
000042,0.28776407322655734,-0.8108109973543176,-0.5096835927606043,-0.05531185,-0.8662260481150323,0.006627250787669625,-0.4996083597319116,-0.0048239008,0.4084657534323709,0.5852705409605836,-0.7004385213254847,0.21287237,0.0,0.0,0.0,1.0
000043,0.2846534859017261,-0.8152034360802911,-0.5043964222383843,-0.0523272,-0.8656273654108846,0.007499303024217724,-0.5006326244922137,-0.0057237,0.41190005731464363,0.5791261678227273,-0.7035276999004059,0.21132833,0.0,0.0,0.0,1.0
000044,0.28151098194600976,-0.8200267366776665,-0.4983048446258278,-0.0487471,-0.8646937847519346,0.00834469302599039,-0.502230051579629,-0.0070092306,0.41600027122006566,0.5722643770427083,-0.7067228998078049,0.20977917,0.0,0.0,0.0,1.0
000045,0.27533470135759264,-0.8309171753252094,-0.48349503614608136,-0.041074865,-0.8620713952118222,0.009183254538865343,-0.5067036386228311,-0.009375773,0.4254688141166958,0.5563203354054654,-0.7137814599921203,0.20592104,0.0,0.0,0.0,1.0
000046,0.27220493965298875,-0.8365559523333572,-0.47547724387623663,-0.036868416,-0.8607326586509585,0.009216107655523303,-0.5089738241710808,-0.0105899535,0.4301671316595042,0.5478039813430633,-0.7175423589339679,0.20376484,0.0,0.0,0.0,1.0
000047,0.2687104814393645,-0.8423529974467994,-0.4671574732967652,-0.032360576,-0.8595326378807602,0.00920173979461103,-0.5109980160455566,-0.011837959,0.434739372017727,0.5388476182346408,-0.7215572899919228,0.20148982,0.0,0.0,0.0,1.0
000048,0.26072619192015034,-0.8542917979980238,-0.4496747454773517,-0.02249822,-0.8567758883003029,0.009909445932806293,-0.5155937161259163,-0.014504597,0.44492351036334793,0.5196992656860397,-0.7293529619953205,0.19650766,0.0,0.0,0.0,1.0
000049,0.25662593156609703,-0.8602641727257349,-0.4405549731558363,-0.017327726,-0.8549295705070487,0.010567412593665032,-0.51863644228275,-0.015853927,0.45081987613731705,0.5097390341298006,-0.7327534076099216,0.19368267,0.0,0.0,0.0,1.0
000050,0.25240302759178457,-0.8660295440907766,-0.4316080866068457,-0.012017593,-0.8528163671077851,0.011640503076634445,-0.5220811648404893,-0.01720966,0.4571618484252379,0.49985730708877746,-0.7356260713802735,0.1906211,0.0,0.0,0.0,1.0
000051,0.24797884452570051,-0.8715208619194357,-0.4230341356284414,-0.006522998,-0.8506929862668742,0.013024587448712835,-0.5255014778648476,-0.018537637,0.4634953460219925,0.49018542140805754,-0.738166862474169,0.18740344,0.0,0.0,0.0,1.0
000052,0.23845384764006958,-0.8819346161605899,-0.40660926620444754,0.0051329844,-0.8471387595426252,0.01583028257572225,-0.531135881139803,-0.02093621,0.4748638590440724,0.4711058638684575,-0.743346204942573,0.18080057,0.0,0.0,0.0,1.0
000053,0.2331716022972113,-0.8869541480454952,-0.39867699099275933,0.011424944,-0.8459183903280469,0.017210006717197482,-0.5330346072944981,-0.022159137,0.4796384896846342,0.46153673194414724,-0.7462779403676348,0.17780381,0.0,0.0,0.0,1.0
000054,0.22762872432751158,-0.8915785327315985,-0.3915008094923938,0.017894216,-0.8450151966850089,0.018922830184111214,-0.5344073763237358,-0.02330025,0.48387444779862626,0.45247060287933977,-0.749090029500848,0.1746864,0.0,0.0,0.0,1.0
000055,0.21569873723989375,-0.8996023525020117,-0.3797231387813516,0.03128113,-0.8437587260485667,0.024015281156935644,-0.5361851158768333,-0.025282297,0.49147254955899117,0.43604916425077533,-0.7538672690773789,0.16762663,0.0,0.0,0.0,1.0
000056,0.209257313684727,-0.9031647557915818,-0.3748396998256512,0.038263664,-0.8434183852100792,0.02727543969538905,-0.536564514181702,-0.026241075,0.49483007604537793,0.42842674319579505,-0.7560381746681646,0.16387282,0.0,0.0,0.0,1.0
000057,0.202644535579249,-0.9066253780149696,-0.37008865983583417,0.045448102,-0.8433123041845347,0.030531472190894818,-0.5365558561946997,-0.027175605,0.4977545075746086,0.420830432769625,-0.7583813005633042,0.16005783,0.0,0.0,0.0,1.0
000058,0.19618434087224165,-0.9100512693613778,-0.3651279111904059,0.05273468,-0.8433836036969549,0.03335047643469355,-0.5362759016930713,-0.028048038,0.5002157548615015,0.4131518278494285,-0.7609794778658714,0.15658446,0.0,0.0,0.0,1.0
000059,0.1899585317175801,-0.9134943870682634,-0.35978293598012545,0.060176317,-0.8434658523447017,0.03570708948010819,-0.5359947384903003,-0.028887974,0.5024749865974694,0.4052813942875215,-0.763718455511084,0.15279981,0.0,0.0,0.0,1.0
000060,0.18402555313595786,-0.91681687964617,-0.3543746675326344,0.067708336,-0.8433872988766293,0.03788006896851574,-0.535969182386939,-0.029742716,0.5048093302293334,0.39750711889323553,-0.7662608110445236,0.1487952,0.0,0.0,0.0,1.0
000061,0.17258133232577866,-0.9229115563516056,-0.3441655748114794,0.0830625,-0.8424914706063021,0.04271616683375934,-0.5370134551821403,-0.031673003,0.5103173578159862,0.38263505882719023,-0.770173101366195,0.1401837,0.0,0.0,0.0,1.0
000062,0.16706121801257628,-0.9255095322183456,-0.3398862386286532,0.090867415,-0.8417933633667086,0.04557955589078137,-0.5378721385948186,-0.03275767,0.5132976551942539,0.3759715545859533,-0.771473205830444,0.13560048,0.0,0.0,0.0,1.0
000063,0.16207973415573176,-0.9278116663431638,-0.3359995112697762,0.098579645,-0.8411213838705577,0.048149656379275735,-0.5386988288331755,-0.033662483,0.5159893190480639,0.3699285368663504,-0.7725981492601675,0.1313844,0.0,0.0,0.0,1.0
000064,0.15721115874071184,-0.9300615246329926,-0.3320695890393399,0.10643461,-0.8408050010778887,0.050318947955272086,-0.5389943911016943,-0.034562472,0.5180073375250724,0.36394170394999803,-0.7740896811068843,0.12688543,0.0,0.0,0.0,1.0
000065,0.15242527870980377,-0.9323062455572224,-0.32798109534733033,0.114392936,-0.841123018846698,0.05187181074390762,-0.5383506129060923,-0.035333537,0.5189206120173447,0.357930691258998,-0.7762776685428997,0.12235639,0.0,0.0,0.0,1.0
000066,0.14767590020362442,-0.9344593453001953,-0.324002408139476,0.12243247,-0.842021752519837,0.053064906441896105,-0.5368272384927344,-0.035957444,0.5188363872961027,0.3520935212204894,-0.7789986877601819,0.11779346,0.0,0.0,0.0,1.0
000067,0.13825022785823082,-0.9381231390999683,-0.31750881937730296,0.13870926,-0.8440194556200653,0.05613623708036243,-0.5333665544644378,-0.03697823,0.5181872567247828,0.3417216685720689,-0.7840333336002782,0.10814266,0.0,0.0,0.0,1.0
000068,0.13387574782707562,-0.9395856217159653,-0.3150494304206313,0.14676067,-0.8446089069815041,0.05811400710945465,-0.5322204021128755,-0.03721479,0.5183754222484415,0.33734495941440296,-0.7858023288120523,0.102715425,0.0,0.0,0.0,1.0
000069,0.12992405168294396,-0.9409434064757752,-0.3126423621393171,0.1548715,-0.8452505890112195,0.05972883846380751,-0.5310215698368109,-0.03744351,0.5183350099795251,0.33325361463235265,-0.7875727558543384,0.097292416,0.0,0.0,0.0,1.0
000070,0.1265595085706401,-0.9421905255059344,-0.3102574808722733,0.16296133,-0.8460520299386991,0.06075708033942504,-0.5296267929639089,-0.03757775,0.5178596850759525,0.3295232781390104,-0.789452820463361,0.09181986,0.0,0.0,0.0,1.0
000071,0.12373236754312286,-0.9433919764167035,-0.3077367057319612,0.17101966,-0.8469469945086344,0.06119870736677799,-0.5281434527753108,-0.037623867,0.5170793843453488,0.3259851178339612,-0.7914307381166171,0.08630178,0.0,0.0,0.0,1.0
000072,0.12001437369199018,-0.9457645578169269,-0.3018707526155388,0.18689102,-0.8480707407637977,0.06040894066858114,-0.5264283223266423,-0.03755719,0.5161129418718955,0.31918671818334227,-0.7948253079562104,0.075066395,0.0,0.0,0.0,1.0
000073,0.11943147294866517,-0.9470900136333998,-0.29792050843337126,0.19403696,-0.8477758944336283,0.058891205413074785,-0.5270748132307749,-0.037257146,0.5167321899074737,0.31551914680551674,-0.795886620011007,0.06882241,0.0,0.0,0.0,1.0
000074,0.11935385064966994,-0.948388071802307,-0.29379367521816824,0.20148161,-0.8471927304543176,0.05701388910171553,-0.5282176577083116,-0.037042867,0.5177056459035907,0.3119446773269253,-0.7966626528756988,0.062926464,0.0,0.0,0.0,1.0
000075,0.11965688776029237,-0.9495035509921247,-0.2900435068483111,0.20896119,-0.8465248242121687,0.055064252596814245,-0.5294937677428423,-0.036842138,0.5187272416251894,0.30888660498522713,-0.7971895094998569,0.057189554,0.0,0.0,0.0,1.0
000076,0.12057548361719775,-0.9509874680939925,-0.28475320591462366,0.22380272,-0.8463690559845742,0.05141904337933482,-0.5301089539422383,-0.03636805,0.5187687093708129,0.30492444556993337,-0.7986864896012761,0.04629168,0.0,0.0,0.0,1.0
000077,0.1209515312467925,-0.9513985273630847,-0.28321647060227567,0.23110664,-0.8472805959268381,0.04970488592123636,-0.5288147275572218,-0.036051974,0.5171907954081532,0.3039247710320933,-0.80008962916549,0.04118432,0.0,0.0,0.0,1.0
000078,0.12143402620466485,-0.9516247139251984,-0.2822484386608879,0.23798376,-0.8484661615743335,0.04805484714425039,-0.5270634727708415,-0.0356629,0.515130032072526,0.30348168892492833,-0.8015858747160102,0.035943817,0.0,0.0,0.0,1.0
000079,0.12228931160117372,-0.9519137138584011,-0.2809014162235877,0.25157946,-0.8503240659015283,0.04547525757817415,-0.5242909344027341,-0.034986224,0.5118537947664396,0.30297241180758505,-0.8038740016113786,0.026065055,0.0,0.0,0.0,1.0
000080,0.1225722169003388,-0.9520200290505386,-0.28041739591321346,0.25810564,-0.8505007821943328,0.0448593690012684,-0.5240573026870595,-0.03475156,0.511492395965927,0.30273007993825074,-0.8041952670649186,0.021172216,0.0,0.0,0.0,1.0
000081,0.12276127173387616,-0.9521648506636887,-0.2798423972933285,0.26439565,-0.8503133403103352,0.04448999137429185,-0.5243928526951869,-0.03455918,0.5117586281173595,0.3023288570879583,-0.8041768267733953,0.016315931,0.0,0.0,0.0,1.0
000082,0.12299730618845142,-0.9529488905006341,-0.2770560859537196,0.27603123,-0.8495621487805208,0.043191522395536724,-0.5257172697872692,-0.034126863,0.5129481631020905,0.3000381717161441,-0.8042768661869028,0.006905997,0.0,0.0,0.0,1.0
000083,0.12293959981306063,-0.9536278535201071,-0.27473582181513345,0.28159556,-0.8493873347839397,0.042063294125385065,-0.5260910898275661,-0.033885293,0.5132514104281053,0.2980345555098496,-0.8048281763305795,0.002445465,0.0,0.0,0.0,1.0
000084,0.12277738629379012,-0.9543879914248955,-0.27215671080981807,0.28704038,-0.8493396273677921,0.04080873595889204,-0.526266894695246,-0.033632293,0.5133691759324913,0.29576715316848645,-0.8055891510621302,-0.001890758,0.0,0.0,0.0,1.0
000085,0.12235063254190956,-0.9557402886645605,-0.2675646152613936,0.2974627,-0.8491550356133917,0.038752146957106354,-0.5267200362608533,-0.03313965,0.5137762627924868,0.291648370010185,-0.806830329165549,-0.010499159,0.0,0.0,0.0,1.0
000086,0.12242922267247891,-0.9559846353695828,-0.2666541999914843,0.30237415,-0.8487360317041907,0.0384195207442316,-0.5274192724131409,-0.032969046,0.5144494473928765,0.2908905590820532,-0.8066749337335919,-0.014915624,0.0,0.0,0.0,1.0
000087,0.12311161994883588,-0.9558418861232529,-0.2668516774650576,0.30664593,-0.8481111182914154,0.03829174919598397,-0.5284328462292972,-0.032817133,0.5153164659353101,0.2913760983262931,-0.8059459716755758,-0.019553369,0.0,0.0,0.0,1.0
000088,0.1266234128531955,-0.9544619909237146,-0.2701274128987068,0.31502634,-0.8475680615855825,0.0373771455303153,-0.5293688033611956,-0.03257164,0.5153589936126736,0.2959818522712919,-0.8042386777745696,-0.028663194,0.0,0.0,0.0,1.0
000089,0.12905285239585212,-0.9534222463739893,-0.2726378209413916,0.31900766,-0.8477573871451759,0.036556112230010256,-0.529122918799981,-0.032464903,0.5144441406307189,0.29941554865738484,-0.8035530818763117,-0.033185266,0.0,0.0,0.0,1.0
000090,0.13146777319807365,-0.9521852900875815,-0.2757886835081679,0.32286185,-0.8482381661497321,0.03592722098558429,-0.5283949737452018,-0.03241536,0.5130382423341162,0.3034013977111535,-0.8029566325584709,-0.03774695,0.0,0.0,0.0,1.0
000091,0.13528920664656538,-0.9493748770985259,-0.28352102796636025,0.3298659,-0.8489958426253165,0.03644052845383546,-0.5271414867859805,-0.032601174,0.5107865403178433,0.3120247275780622,-0.8010853135652684,-0.047315866,0.0,0.0,0.0,1.0
000092,0.13648688600177405,-0.9479156420146051,-0.28779726470829775,0.3333143,-0.8488892748922485,0.03783949474171732,-0.5272145404013477,-0.032919277,0.5106450126285886,0.31626588222843577,-0.7995108272036208,-0.05237285,0.0,0.0,0.0,1.0
000093,0.13730038160772134,-0.9465343594186857,-0.29192689435924296,0.33677968,-0.8485196499205103,0.039661095197507976,-0.5276754696084602,-0.033355523,0.5110411029546927,0.3201557495463617,-0.7977075197860796,-0.057559423,0.0,0.0,0.0,1.0
000094,0.13876729487116757,-0.9439718653280718,-0.29943405842218285,0.34339824,-0.8480873597362015,0.04285145385099176,-0.5281208035653725,-0.034331918,0.5113623647960582,0.32723213529831857,-0.7946242265991428,-0.06809,0.0,0.0,0.0,1.0
000095,0.1398914174055357,-0.9428531414468997,-0.30242080781583586,0.34643814,-0.848215147463506,0.04346328781351086,-0.5278655190727111,-0.034794092,0.5108438655300982,0.3303617657601322,-0.7936621754714751,-0.073364265,0.0,0.0,0.0,1.0
000096,0.14131334538205945,-0.9419048632079196,-0.30470603387888634,0.34896266,-0.8484463557287422,0.04335519142935131,-0.52750270978142,-0.035364382,0.5100679561269728,0.33306989663041386,-0.7930290814913775,-0.07852575,0.0,0.0,0.0,1.0
000097,0.14458472167278902,-0.9401700004622057,-0.3085054756235271,0.35395107,-0.848699496240808,0.04246588413413453,-0.5271677283041001,-0.03637562,0.5087282411459004,0.33804884102094296,-0.7917818877348711,-0.08948763,0.0,0.0,0.0,1.0
000098,0.14635562660614537,-0.9391483455391094,-0.3107738979256077,0.3562989,-0.8487850916341639,0.042134896702857375,-0.5270564663292002,-0.03697248,0.5080786344457976,0.3409179308147241,-0.7909684353175546,-0.09527331,0.0,0.0,0.0,1.0
000099,0.14841901480385433,-0.9379628556694952,-0.3133647673701992,0.35855556,-0.848759980345636,0.04180310211213413,-0.5271233218303648,-0.037665553,0.5075217156027209,0.34420659790034286,-0.7899009597117495,-0.101277284,0.0,0.0,0.0,1.0
000100,0.15388648112408176,-0.9351283382243322,-0.3191456438321649,0.36295804,-0.8477708314288263,0.040953839132880206,-0.528779160367308,-0.03936047,0.5075466168794002,0.351934332099154,-0.7864722865964178,-0.11410271,0.0,0.0,0.0,1.0
000101,0.15728101290590768,-0.933641630360031,-0.3218322374125294,0.36511,-0.8467855362003802,0.04018789451187177,-0.5304141672471965,-0.040316053,0.5081505078823852,0.3559469612082194,-0.7842734358280331,-0.12086074,0.0,0.0,0.0,1.0
000102,0.1611052374694804,-0.9321755583966523,-0.32418178663797914,0.36706355,-0.8458403114990319,0.038836124064656474,-0.5320206038405426,-0.041245364,0.5085265675489564,0.3599173291125679,-0.7822149616961775,-0.12768286,0.0,0.0,0.0,1.0
000103,0.16966336481283995,-0.929159173615334,-0.3284472145213811,0.3704824,-0.8447735132433123,0.03451181527023316,-0.5340099680055643,-0.042929225,0.5075155701679858,0.36806543534162817,-0.7790736687527319,-0.14153233,0.0,0.0,0.0,1.0
000104,0.1741507868457853,-0.927627924580454,-0.3304208482822374,0.37201396,-0.8447506100218614,0.03169767130680831,-0.5342206140738287,-0.0437053,0.5060315309431686,0.37215815344055686,-0.7780940807633918,-0.14854057,0.0,0.0,0.0,1.0
000105,0.1788207971622629,-0.9260938170434039,-0.33222487043602156,0.37334487,-0.8449062316587845,0.02847773480400012,-0.5341558558366513,-0.044470582,0.5041394471834209,0.37621703929302763,-0.7773700258816153,-0.15609784,0.0,0.0,0.0,1.0
000106,0.18886325119407354,-0.923075565180906,-0.33505547796500157,0.37612873,-0.8451844991503553,0.020926835525631127,-0.5340648181174703,-0.045940667,0.49999383470635683,0.3840489142294697,-0.7762168490407808,-0.17083915,0.0,0.0,0.0,1.0
000107,0.19382375070817143,-0.9213912021736846,-0.3368539835275056,0.37758288,-0.84525658279631,0.01744617618629392,-0.5340757813044715,-0.046718672,0.4979695401336527,0.38824461811261357,-0.7754304956639695,-0.1783887,0.0,0.0,0.0,1.0
000108,0.19860453236578757,-0.9195035988016279,-0.339218766454071,0.37906256,-0.8452681328587083,0.014484204687126509,-0.5341460393826153,-0.04752987,0.49606251954498626,0.3928146377178887,-0.7743504614173378,-0.18608195,0.0,0.0,0.0,1.0
000109,0.2078769533296114,-0.9150976446548049,-0.3455191355361195,0.38187525,-0.845663784321192,0.009383235469930667,-0.5336335060504322,-0.048990805,0.4915688519037383,0.4031231271452242,-0.7719143788003281,-0.2015449,0.0,0.0,0.0,1.0
000110,0.2121110289169818,-0.9126270977639563,-0.34945771108779033,0.3832937,-0.8469399362834311,0.006730552538665113,-0.5316459761822167,-0.049478322,0.4875465677655798,0.40873766659002997,-0.7715127116065817,-0.20910826,0.0,0.0,0.0,1.0
000111,0.21560668509846928,-0.9100153123513334,-0.354098698990768,0.38490364,-0.8489621716865149,0.004479154012401426,-0.5284346395010922,-0.049844507,0.4824696761312213,0.4145504414006071,-0.7716028402931109,-0.21660496,0.0,0.0,0.0,1.0
000112,0.2182752555528534,-0.9072415579209093,-0.3595395227156231,0.38665012,-0.8507959574317338,0.003554312673650112,-0.5254841631098291,-0.050198503,0.47801898668479287,0.4205949624551624,-0.771101631386022,-0.22421432,0.0,0.0,0.0,1.0
000113,0.22125945545812004,-0.9018291733713982,-0.3711447095495733,0.3904827,-0.8517116462528288,0.0066739799599558475,-0.5239682525008464,-0.051045015,0.47500686837947176,0.432041201794175,-0.7666217287193029,-0.2398685,0.0,0.0,0.0,1.0
000114,0.22211427894172198,-0.8991507677239521,-0.3770850620107178,0.39200675,-0.8513950071712644,0.009620528870140102,-0.5244368285962591,-0.05130659,0.4751755347806136,0.43753324710893315,-0.7633956175013525,-0.24789111,0.0,0.0,0.0,1.0
000115,0.22260907822598552,-0.8963280424339221,-0.38345956584488755,0.3936999,-0.8513571179322749,0.012915952396361244,-0.5244275316187595,-0.05158379,0.47501184831267856,0.44320336023124585,-0.7602200506710572,-0.25560397,0.0,0.0,0.0,1.0
000116,0.22303400287810288,-0.8906094237684552,-0.39632144511115064,0.3971287,-0.8519464277240412,0.0195016880631584,-0.5232656767369064,-0.052098893,0.4737542800317647,0.454350677844226,-0.7544019775252957,-0.27032274,0.0,0.0,0.0,1.0
000117,0.22358694423014908,-0.8878802948759695,-0.4020913582020705,0.3987792,-0.8520618057447277,0.022267364879718088,-0.5229673447284713,-0.052344315,0.4732859152360848,0.4595353592840001,-0.7515501952676659,-0.27744475,0.0,0.0,0.0,1.0
000118,0.22489759418004684,-0.8852744311786818,-0.4070752432085357,0.40031537,-0.8518001604262933,0.024237740228291157,-0.523305855734834,-0.052565545,0.4731358777663853,0.4644369854456979,-0.7486258930335931,-0.28447908,0.0,0.0,0.0,1.0
000119,0.2293867963890733,-0.8807348493900987,-0.414352292997345,0.4032009,-0.8499586943100707,0.026185104142197407,-0.5261982119769906,-0.05315553,0.4742909609185879,0.47288525605146764,-0.7425817254686923,-0.29868487,0.0,0.0,0.0,1.0
000120,0.23194851766530497,-0.8787854711899007,-0.4170563280642221,0.2916611042082483,-0.8486403822535652,0.026727468933279458,-0.5282945617862665,-0.030028551761235103,0.4754044454581704,0.4764679821666561,-0.739573441389457,-0.13692004824435236,0.0,0.0,0.0,1.0
000121,0.23485542319424468,-0.8769066216754522,-0.4193777617590102,0.29307857420824834,-0.8470108607865701,0.027046371981259906,-0.530887083542484,-0.030394125761235104,0.4768810458655758,0.4798992296559728,-0.7363974453172404,-0.14378030824435237,0.0,0.0,0.0,1.0
000122,0.2415485122895648,-0.873576992318016,-0.4225133781353049,0.2959508042082484,-0.8431166542005147,0.026633030652663925,-0.5370707486802684,-0.031146831761235103,0.48042546104513195,0.48595670606635677,-0.7300941420178011,-0.1573593682443524,0.0,0.0,0.0,1.0
000123,0.2446556043786488,-0.8720708653657512,-0.42383492190515426,0.2974648542082483,-0.8413974411032432,0.026286627391904946,-0.5397771385722756,-0.0317645297612351,0.48186510700717133,0.4886731208083674,-0.727327023867791,-0.1644216082443524,0.0,0.0,0.0,1.0
000124,0.24738933089048132,-0.8703326376853754,-0.4258164143632528,0.29914322420824835,-0.8398185089386615,0.026567617913240374,-0.5422167774262059,-0.032276272761235104,0.48322188589260273,0.49174715195721624,-0.7243489128426737,-0.1711956082443524,0.0,0.0,0.0,1.0
000125,0.25302323694223433,-0.8659718719796907,-0.43136058988654036,0.3026388042082483,-0.8357940245121722,0.0289060146156232,-0.5482816711406536,-0.0333804397612351,0.48726542064568923,0.49925660662532195,-0.7164602226111008,-0.18455893824435235,0.0,0.0,0.0,1.0
000126,0.25602782992960665,-0.8635327757842751,-0.434466218995034,0.30441782420824837,-0.8332353540532026,0.030713439048929925,-0.5520647873371579,-0.0339953297612351,0.4900699899579346,0.5033565632909659,-0.7116625430177826,-0.19113570824435236,0.0,0.0,0.0,1.0
000127,0.25896869887716867,-0.8610210652868877,-0.4376961710297444,0.3062282542082483,-0.8307836624464593,0.0325833366120393,-0.5556409203678883,-0.0345946777612351,0.49268013884660883,0.5075244341974674,-0.7068841697750959,-0.19753414824435236,0.0,0.0,0.0,1.0
000128,0.2616152622418294,-0.8585620174572093,-0.4409407179451064,0.3081169442082483,-0.828879882877668,0.03420241413598825,-0.55838009870336,-0.035181306761235105,0.4944851810952909,0.5115676465992327,-0.7026969109296555,-0.20337290824435236,0.0,0.0,0.0,1.0
000129,0.26571144558925763,-0.8539480806714073,-0.4474037362388551,0.3120697442082483,-0.827153403446871,0.0364390057845677,-0.5607935859330866,-0.0361329877612351,0.49519155369323997,0.5190807975402791,-0.6966638003914247,-0.21472442824435237,0.0,0.0,0.0,1.0
000130,0.26727060452350293,-0.851903840405174,-0.4503623770482579,0.31416008420824837,-0.826820433913033,0.03729443238945661,-0.5612282025848416,-0.0366075447612351,0.4949084703473008,0.5223686169896351,-0.6944037974858941,-0.22023097824435237,0.0,0.0,0.0,1.0
000131,0.2687812034062055,-0.8498937969514287,-0.45325180484913175,0.3162809042082483,-0.826219138716891,0.03844189953959208,-0.5620357241116497,-0.037170685761235105,0.4950945359357448,0.5255499541083334,-0.6918660608985658,-0.22578436824435236,0.0,0.0,0.0,1.0
000132,0.27235919888454796,-0.8455432129086753,-0.4592136124801206,0.3207609642082483,-0.8234939321390697,0.042010836182873046,-0.5657674728838248,-0.0385818447612351,0.49767279462825853,0.5322515991026152,-0.6848576675044302,-0.2367070082443524,0.0,0.0,0.0,1.0
000133,0.2744758681107864,-0.8431625156855255,-0.4623202028547807,0.32302030420824834,-0.8217233805064662,0.044046890071737024,-0.5681817996064578,-0.03941528976123511,0.4994333626759979,0.5358515126579972,-0.6807565443154261,-0.2423077282443524,0.0,0.0,0.0,1.0
000134,0.27697823376077313,-0.8406064638814875,-0.46547162201730785,0.32526863420824836,-0.8200714118207305,0.04565781272109362,-0.5704368884038611,-0.040260739761235106,0.5007653517737785,0.5397185720523119,-0.6767111092960549,-0.2479488682443524,0.0,0.0,0.0,1.0
000135,0.2835104232360198,-0.8340767098936906,-0.47322075390820395,0.3296961542082484,-0.8177633838489878,0.047468102905893234,-0.5735937824300126,-0.0418857337612351,0.5008841063084213,0.5496024210458244,-0.6686196907272342,-0.2590830082443524,0.0,0.0,0.0,1.0
000136,0.28712856564093464,-0.8301640543870132,-0.4778962540099005,0.3319871042082483,-0.8170719972238429,0.04813224844859128,-0.5745229656087936,-0.042730559761235104,0.4999505356989024,0.5554376017726914,-0.6644836584833229,-0.2645988282443523,0.0,0.0,0.0,1.0
000137,0.2909940471636837,-0.8258713183615035,-0.48296897418274426,0.33421233420824836,-0.816565981588777,0.04865979741669167,-0.5751975502619285,-0.0436150357612351,0.49854033159540573,0.5617550975498121,-0.6602187123594304,-0.26982066824435236,0.0,0.0,0.0,1.0
000138,0.300116501500699,-0.8160068901160656,-0.49402716606487146,0.33887723420824833,-0.8150039207462073,0.0497700635071234,-0.5773140825814027,-0.0456187597612351,0.4956800325767528,0.5758955600294242,-0.6501119974612876,-0.2808353082443523,0.0,0.0,0.0,1.0
000139,0.30515284910388174,-0.8106674425976603,-0.4996999461636481,0.3414006842082483,-0.8140403495944732,0.05024865928379588,-0.5786306088276777,-0.0466868057612351,0.4941862482059689,0.583346697729875,-0.6445824868329564,-0.28663084824435237,0.0,0.0,0.0,1.0
000140,0.3101579304519717,-0.805159717426203,-0.5054897502540552,0.34406495420824834,-0.8134468094429365,0.0504350982671328,-0.5794485215011701,-0.0477124157612351,0.4920430330620049,0.5909095787825257,-0.6393117575316454,-0.29245195824435233,0.0,0.0,0.0,1.0
000141,0.3203811852739682,-0.7940506497031833,-0.5165650605958549,0.34981406420824834,-0.813845386575823,0.0483409244224248,-0.579067216975054,-0.049309769761235106,0.48477993241438555,0.605926332759963,-0.630746935304775,-0.3036489282443524,0.0,0.0,0.0,1.0
000142,0.3253207273434844,-0.7884439217386604,-0.5220369782247879,0.3528678742082484,-0.8146900674398515,0.046565564072598015,-0.5780239979944182,-0.0499058097612351,0.4800484541955704,0.6133415284455814,-0.6271886886005529,-0.3092208082443524,0.0,0.0,0.0,1.0
000143,0.3295998922306013,-0.7830069855887462,-0.5275073189642027,0.3561231242082483,-0.8158726349272841,0.044938723513095524,-0.5764827444996287,-0.0504240797612351,0.4750955215726481,0.6203874367266303,-0.6240221740718632,-0.31482880824435233,0.0,0.0,0.0,1.0
000144,0.33309662902474746,-0.7777091474634111,-0.5331182961445652,0.3595722042082483,-0.8173260242147565,0.04376169738828503,-0.5745111695894134,-0.0508806857612351,0.4701327534576264,0.6270991913512811,-0.6210650516112787,-0.3204453682443523,0.0,0.0,0.0,1.0
000145,0.3392088182028372,-0.7669481401329925,-0.5447273887000529,0.36687416420824837,-0.8206371293154502,0.04183049615498516,-0.5699165830016926,-0.0515096597612351,0.4598826803026309,0.640344251116516,-0.6151968468869916,-0.33158624824435234,0.0,0.0,0.0,1.0
000146,0.34177233739506213,-0.7614346364755671,-0.5508257108803446,0.3707402342082483,-0.823147169271931,0.0402635750653319,-0.5663987837580209,-0.0514280297612351,0.45345386436893753,0.6469900608960539,-0.6130117894385048,-0.3369213082443524,0.0,0.0,0.0,1.0
000147,0.34419189985872173,-0.7551282954830424,-0.5579544725445962,0.3747414642082484,-0.8263263855387434,0.038516202463672655,-0.5618729453446332,-0.0511839197612351,0.44577644692616886,0.6544446191303372,-0.61072547012322,-0.34219664824435236,0.0,0.0,0.0,1.0
000148,0.3471188272418176,-0.7476663231144933,-0.5661303640105512,0.3787836042082483,-0.8292844554437688,0.03719184217262045,-0.5575877140281507,-0.0509521797612351,0.4379449871086515,0.6630323040065702,-0.6071180709797247,-0.3475535582443523,0.0,0.0,0.0,1.0
000149,0.35573143286262754,-0.7308185650764765,-0.58254559702487,0.38669845420824833,-0.8324500819540279,0.03556855548529092,-0.5529572668076821,-0.0505730657612351,0.4248317416674915,0.6816444108186099,-0.5957171211838015,-0.3585125082443523,0.0,0.0,0.0,1.0
000150,0.361085488301581,-0.7224642154944392,-0.5896293136098418,0.39058400420824835,-0.8328452772716279,0.03459922220380768,-0.5524234227014969,-0.05034749976123511,0.4195068703422555,0.6905420705162691,-0.5892076328279786,-0.3640083782443524,0.0,0.0,0.0,1.0
000151,0.3663758901820623,-0.7144029179567289,-0.5961519755131345,0.39469165420824825,-0.8333078950612084,0.033121755202149106,-0.551816003175866,-0.050070369761235106,0.4139645626402818,0.6989502272316966,-0.583182579241527,-0.36938910824435234,0.0,0.0,0.0,1.0
000152,0.37117510451534785,-0.70663347853428,-0.6024102993828739,0.3988273042082483,-0.8341366249949445,0.031300444682285794,-0.550669023102566,-0.049662509761235096,0.40797687756791295,0.7068871261928841,-0.5778109190666977,-0.37463915824435234,0.0,0.0,0.0,1.0
000153,0.3792291148366924,-0.6907956106759474,-0.6156189590412434,0.4067828642082483,-0.83657535128816,0.02832003578339501,-0.5471194176688665,-0.04847228476123511,0.39538204319021764,0.7224952593921103,-0.5671627985672691,-0.3850568082443524,0.0,0.0,0.0,1.0
000154,0.38318242447097883,-0.6817771004765059,-0.6231783170508991,0.4104293042082483,-0.8372672400699566,0.02854226408072605,-0.5460484482779746,-0.0478242497612351,0.390070247881302,0.731002957878417,-0.5598927373085181,-0.39043313824435233,0.0,0.0,0.0,1.0
000155,0.3874181696201553,-0.6720525193735808,-0.6310725576760502,0.4137975642082483,-0.8370884525645824,0.03036070014679751,-0.5462244506332807,-0.04721805976123511,0.3862513228860215,0.7398808276271385,-0.550805116605301,-0.39594030824435233,0.0,0.0,0.0,1.0
000156,0.3962744283371673,-0.6526383419902938,-0.6457784233080353,0.42005000420824834,-0.8352916203911235,0.03570062001358684,-0.5486468578557769,-0.045860599761235105,0.38112266575267206,0.7568280255743746,-0.530996095423282,-0.4078511682443523,0.0,0.0,0.0,1.0
000157,0.4004758517449676,-0.6439516680122762,-0.6518783179653623,0.4229737042082483,-0.8345964249369427,0.037322733071367686,-0.5495960526409899,-0.045021479761235106,0.3782431752875616,0.7641552609648715,-0.5224929066390206,-0.4129221082443524,0.0,0.0,0.0,1.0
000158,0.4041549464747097,-0.636368993253899,-0.6570337005550352,0.42588570420824834,-0.8343739672934714,0.03784761758686456,-0.5498978455549282,-0.044060579761235105,0.37480509860856703,0.7704557497144255,-0.5156734197037934,-0.4175926582443523,0.0,0.0,0.0,1.0
000159,0.4097907506434786,-0.6234936666102704,-0.6658281973481863,0.43155090420824826,-0.8351820876038389,0.03705847885231808,-0.5487235640018076,-0.04205695976123511,0.36680024704564723,0.7809496250348247,-0.5055445202207407,-0.4262128582443524,0.0,0.0,0.0,1.0
000160,0.41228818711914594,-0.6177016592209046,-0.6696738840344227,0.43461937420824825,-0.835372352419778,0.03700809351215503,-0.5484372651700845,-0.0411302897612351,0.36355396239713045,0.7855412536654819,-0.500752888374105,-0.4311400082443524,0.0,0.0,0.0,1.0
000161,0.4146738057884582,-0.6119709294950008,-0.673451717828339,0.4374549042082483,-0.8351310321979609,0.03797864085518482,-0.5487383546816835,-0.040438815761235106,0.3613887018888171,0.7899678501634213,-0.49532716648221303,-0.43607974824435236,0.0,0.0,0.0,1.0
000162,0.4188277577580675,-0.6004762539618085,-0.6811839529520228,0.4421417042082483,-0.8339415467038713,0.042498032945414266,-0.550213970993945,-0.03976951576123511,0.3593394022543376,0.7985124830732232,-0.48296274014020063,-0.4453383082443524,0.0,0.0,0.0,1.0
000163,0.4204863826385251,-0.5948524625627467,-0.6850852135308453,0.4443013042082483,-0.8334923230101206,0.04505042529568706,-0.5506913896765325,-0.039612459761235105,0.3584435094945376,0.8025714964809764,-0.47686187050080386,-0.4498442482443523,0.0,0.0,0.0,1.0
000164,0.4219189489501485,-0.5894946638652201,-0.6888254073357292,0.44640350420824826,-0.8333085491806649,0.04717679934840449,-0.5507914409880168,-0.039506099761235106,0.3571851933930319,0.8063934466981186,-0.4713261574993594,-0.4542459082443524,0.0,0.0,0.0,1.0
000165,0.42496337097998227,-0.5801636567986662,-0.6948498144601676,0.4505270042082483,-0.8332270541446604,0.0492700204921426,-0.5507314602618186,-0.039467239761235104,0.35374964249697993,0.8130083618331999,-0.4624701006795527,-0.4635657082443524,0.0,0.0,0.0,1.0
000166,0.42667739553444406,-0.5764155154150233,-0.6969157436367587,0.45243394420824834,-0.8330015379542294,0.04962712336894881,-0.5510404580355344,-0.03951260476123511,0.3522141932203072,0.8156483937426444,-0.45898023909446467,-0.46785690824435233,0.0,0.0,0.0,1.0
000167,0.4302901712707971,-0.5698751559569923,-0.7000661933922688,0.45599580420824826,-0.8317503091423426,0.05106400527058336,-0.5527964278170973,-0.0399644797612351,0.3507731343038766,0.8201431423774262,-0.45202149756611704,-0.4765174082443524,0.0,0.0,0.0,1.0
000168,0.4321393324221763,-0.5668570623004094,-0.7013762672730421,0.45766360420824825,-0.8307558306383613,0.05235686529927039,-0.5541692056731414,-0.0403650797612351,0.35085659069494796,0.8221507340969684,-0.4482943488264535,-0.4809269382443524,0.0,0.0,0.0,1.0
000169,0.4341494527455191,-0.5639302939523323,-0.7024933282555805,0.45958525420824836,-0.8296134267958397,0.05362287393510087,-0.5557572756797742,-0.0408701697612351,0.3510780750215407,0.8240796144510414,-0.44456380226621345,-0.48468900824435235,0.0,0.0,0.0,1.0
000170,0.43789957430591464,-0.5581245304340539,-0.7047985324548184,0.4627956042082483,-0.8277929022645312,0.05551620649617431,-0.5582802717065491,-0.04172606976123511,0.3507176553627761,0.8278979160162447,-0.4377010016812801,-0.4929157582443523,0.0,0.0,0.0,1.0
000171,0.4397209857451983,-0.554906604707367,-0.7062040177933098,0.46424085420824834,-0.8271542845900324,0.056162573010639816,-0.5591614747791344,-0.0420883447612351,0.3499446301625775,0.8300147139930513,-0.4342975136647808,-0.4969868082443524,0.0,0.0,0.0,1.0
000172,0.44152789376015855,-0.5515631914250463,-0.7076942594770258,0.46562170420824833,-0.8266377463064842,0.05663579854283193,-0.559877149654058,-0.0424088197612351,0.3488884569788099,0.8322081663793222,-0.430936668663171,-0.5009619082443524,0.0,0.0,0.0,1.0
000173,0.44415663429191354,-0.5450520714613307,-0.7110858763962279,0.4683320542082483,-0.8264120207208436,0.05733515819508217,-0.560139135967874,-0.0428616297612351,0.34607521757931614,0.8364394293853303,-0.4249717928839179,-0.5082217082443523,0.0,0.0,0.0,1.0
000174,0.4448431913738933,-0.5422196205476485,-0.712820046141699,0.4696462042082483,-0.8266438553725842,0.0576915493252694,-0.5597603250599316,-0.04302576976123511,0.3446367239036491,0.8382538805335852,-0.4225588246710106,-0.5117488582443523,0.0,0.0,0.0,1.0
000175,0.44523321545927597,-0.5399864319555437,-0.7142702829851699,0.47094655420824827,-0.8268181746682745,0.05827241824260654,-0.5594426077001834,-0.0432183297612351,0.3437136742843039,0.8396540826888651,-0.4205257798683736,-0.5153168482443523,0.0,0.0,0.0,1.0
000176,0.4449270582450399,-0.5368900019266699,-0.7167907914256398,0.47347766420824833,-0.8268307312357793,0.06124685584833972,-0.5591062193651569,-0.04380226976123511,0.34407972146803567,0.8414261396461801,-0.4166667694868478,-0.5225344382443523,0.0,0.0,0.0,1.0
000177,0.4439743565281798,-0.5357739395227342,-0.7182151881390968,0.4746849542082483,-0.8271059458897742,0.06325689065722401,-0.5584749950160364,-0.04411496976123511,0.3446484078291536,0.8419886290875129,-0.41505737370652734,-0.5260738082443523,0.0,0.0,0.0,1.0
000178,0.4412138230083239,-0.5340335802188505,-0.7212062794963838,0.47689400420824835,-0.828792046814347,0.0657063429902702,-0.5556855402366794,-0.0445006897612351,0.3441425656957662,0.842906170157439,-0.4136122372305415,-0.5326857682443523,0.0,0.0,0.0,1.0
000179,0.44008339685674425,-0.5332885608402617,-0.7224471708629994,0.47800505420824835,-0.8297503869980486,0.06606017636269426,-0.554211465395221,-0.0446300397612351,0.34327962230172915,0.843350083877302,-0.41342440292818944,-0.5357602082443523,0.0,0.0,0.0,1.0
000180,0.4394638729317234,-0.5326224327702567,-0.7233151792253111,0.47904460420824835,-0.8302512484607856,0.06650599869361987,-0.5534074598043212,-0.044836499761235105,0.3428620259188194,0.8437359161773653,-0.41298345600663594,-0.5388174082443523,0.0,0.0,0.0,1.0
000181,0.4400483412396342,-0.5311712858993041,-0.7240266033843825,0.4807148042082483,-0.8293578297239848,0.06871264254408782,-0.5544764765345147,-0.04554778976123511,0.3442717642325146,0.84447358620071,-0.4102941805114273,-0.5449756482443523,0.0,0.0,0.0,1.0
000182,0.44054682630539244,-0.5303583673849228,-0.7243193328753869,0.4814786342082483,-0.8286400873522881,0.07015805688072255,-0.5553678534876805,-0.0459667097612351,0.34536082502947363,0.8448655805508474,-0.4085682945793039,-0.5478324382443523,0.0,0.0,0.0,1.0
000183,0.4406325450770542,-0.5292676030927561,-0.7250646623132079,0.4822261042082483,-0.8283863806822382,0.07145386751894248,-0.5555810913959971,-0.0462995697612351,0.34585974689041155,0.8454408016727333,-0.4069531746379013,-0.5504758082443524,0.0,0.0,0.0,1.0
000184,0.4394402767121339,-0.5272633607143313,-0.727245207376021,0.48384625420824834,-0.8290990386763955,0.07347104551247896,-0.5542533622245155,-0.046690724761235106,0.3456689561835714,0.8465195531820467,-0.4048674089272041,-0.5551624082443524,0.0,0.0,0.0,1.0
000185,0.4383622529104736,-0.5265967358433832,-0.7283779328222049,0.4846821042082483,-0.8297301146554548,0.0744414426397497,-0.5531784598586237,-0.0467748937612351,0.3455234754066647,0.8468496616382434,-0.40430085150305195,-0.5571973382443524,0.0,0.0,0.0,1.0
000186,0.43720237635453063,-0.5262458069048319,-0.7293280694070627,0.4854756042082483,-0.8303191620201498,0.07541942632505225,-0.5521612077237553,-0.046790469761235104,0.34557802489757283,0.8469812635754596,-0.4039784249932293,-0.5590551082443523,0.0,0.0,0.0,1.0
000187,0.4343981175437317,-0.5266774383252649,-0.73069087269077,0.4868470442082483,-0.8315751243305066,0.07720170480032532,-0.5500206444949371,-0.0464061397612351,0.34609404512236963,0.8465522858837842,-0.4044355810209767,-0.5619117682443523,0.0,0.0,0.0,1.0
000188,0.4327191326641602,-0.5271345632627055,-0.7313571661235116,0.48764830420824834,-0.8323723483100879,0.07799386710027614,-0.548701403737492,-0.0462205557612351,0.346280848438268,0.8461950773365332,-0.4050227957736355,-0.5632158582443524,0.0,0.0,0.0,1.0
000189,0.4289851032619093,-0.5293192419677538,-0.7319787710460266,0.4895204342082483,-0.8344877790527337,0.0780134397812374,-0.5454759846456442,-0.04557926976123511,0.34583511648038984,0.8448284105640517,-0.4082438351191765,-0.5652553482443523,0.0,0.0,0.0,1.0
000190,0.42691753039163605,-0.5310325336432418,-0.731946630880111,0.49057800420824826,-0.8357026301657728,0.0775287683284002,-0.5436822638411984,-0.0451504957612351,0.3454598908387423,0.8437972139643033,-0.41068689476018555,-0.5660406482443523,0.0,0.0,0.0,1.0
000191,0.4246127709196346,-0.5326791871571454,-0.7320907582680942,0.4918538042082483,-0.8368697000177755,0.07763046369917487,-0.5418695565336827,-0.044818569761235105,0.34547517995379756,0.8427493071343662,-0.4128201852628298,-0.5664992082443524,0.0,0.0,0.0,1.0
000192,0.4222899255185604,-0.5341336343572373,-0.7323745486114721,0.49310620420824836,-0.8378689419614495,0.07830298791496765,-0.5402261361503989,-0.04454506976123511,0.3459000649059343,0.8417659429627201,-0.41446742015042987,-0.5669877582443523,0.0,0.0,0.0,1.0
000193,0.41802909536718025,-0.5372711968307304,-0.7325239494259362,0.49551856420824836,-0.8390439470825839,0.08074405942693216,-0.5380387083949798,-0.044209259761235103,0.34821965810473,0.8395356204017401,-0.41704077952412566,-0.5681104782443523,0.0,0.0,0.0,1.0
000194,0.416353601258194,-0.5390566590845784,-0.7321663724973344,0.4967800042082483,-0.8392819344397155,0.0818187825321067,-0.5375049035572539,-0.044150829761235105,0.3496505587618326,0.838286111731273,-0.4183549708513117,-0.5685193082443524,0.0,0.0,0.0,1.0
000195,0.4151539576554911,-0.54109799925841,-0.7313413338801031,0.49813545420824834,-0.8392795974710754,0.0824314759028367,-0.5374149319187825,-0.0441536597612351,0.351079689973334,0.8369097962020912,-0.4199107575535566,-0.5687359682443524,0.0,0.0,0.0,1.0
000196,0.41389903467211037,-0.5442761821902797,-0.7296924191725367,0.5017001042082483,-0.8392074122052124,0.0824577214140661,-0.5375236213219206,-0.0446009797612351,0.35273007866827344,0.8348437947781453,-0.4226314350862935,-0.5684960582443523,0.0,0.0,0.0,1.0
000197,0.41418898665374093,-0.5451958177290728,-0.7288408630596084,0.5032117442082483,-0.8388878783806109,0.08202947869082092,-0.5380876249569297,-0.0448121497612351,0.3531495587436355,0.8342857334009972,-0.42338245618203835,-0.5680472082443524,0.0,0.0,0.0,1.0
000198,0.4147099660217154,-0.546470973473026,-0.7275885645292335,0.5048357042082483,-0.8383194111597847,0.0815184615409027,-0.5390503736207924,-0.045078719761235106,0.35388728283872983,0.833501179111012,-0.4243107062820513,-0.5674724082443523,0.0,0.0,0.0,1.0
000199,0.41289434329846453,-0.5527309716507841,-0.7238830943253958,0.5089090042082484,-0.8381431223647969,0.08043819709488506,-0.5394866104739888,-0.0455390297612351,0.35641880941487747,0.8294686066549501,-0.43005518584151126,-0.5660463082443523,0.0,0.0,0.0,1.0
000200,0.40990129978582646,-0.5575265646916604,-0.721903770662687,0.5123560442082483,-0.838848465027276,0.08039866655267822,-0.538395121762757,-0.0457167797612351,0.3582096832237686,0.8262567301267001,-0.4347247850825397,-0.5657980082443523,0.0,0.0,0.0,1.0
000201,0.4063071653896959,-0.5625587529123105,-0.7200292611239743,0.5153239042082484,-0.8395566673975822,0.08117044652284769,-0.5371740507875891,-0.045908469761235096,0.3606370607428693,0.8227630327943931,-0.439319817770285,-0.5653341482443524,0.0,0.0,0.0,1.0
000202,0.3985723692608376,-0.5734641969926343,-0.7157366004539629,0.5214400042082483,-0.8402187639927267,0.08452826003476202,-0.5356187094286669,-0.046377815761235106,0.36765812257631064,0.8148581398152006,-0.44814474991968145,-0.5644373082443523,0.0,0.0,0.0,1.0
000203,0.3941226009087415,-0.5801577275286165,-0.7128003834466988,0.5248941042082483,-0.8407478735777398,0.08568090153606225,-0.5346043361089363,-0.04644701976123511,0.37122821623286917,0.8099850580725545,-0.45399759599777934,-0.5638305082443523,0.0,0.0,0.0,1.0
000204,0.38890131504864645,-0.5876284348007497,-0.7095411121048977,0.5286674042082483,-0.841553636276122,0.08681031225658833,-0.5331523674863974,-0.04642494976123511,0.37489097671705884,0.8044605598160393,-0.4607602014894459,-0.5630746582443523,0.0,0.0,0.0,1.0
000205,0.38263978853720326,-0.5961992718069906,-0.7057855343693424,0.5331958542082483,-0.8427693687547628,0.08779328773380043,-0.5310669729116926,-0.0462762697612351,0.37858497502793576,0.7980217834907164,-0.46886527889937946,-0.5623700682443523,0.0,0.0,0.0,1.0
000206,0.3682749812578533,-0.6169573648614759,-0.6955121480770206,0.5425711042082483,-0.845082421730581,0.08971510432534566,-0.527054931233803,-0.0460876997612351,0.3875683664355287,0.7818662353619549,-0.4883399956376908,-0.5602007582443523,0.0,0.0,0.0,1.0
000207,0.359845514476967,-0.6294728900216883,-0.6886763292277078,0.5476686042082483,-0.8461167306951528,0.0908932629907836,-0.5251903395728396,-0.0460982397612351,0.39318911957040864,0.7716879521352084,-0.49990001078297164,-0.5588897082443524,0.0,0.0,0.0,1.0
000208,0.35036813899336716,-0.6439264348020888,-0.6801477146483662,0.5531239542082483,-0.8470865110568486,0.09197029544931035,-0.5234366318290131,-0.0461902547612351,0.3996080704438535,0.7595394731796614,-0.5132379357745318,-0.5574362082443524,0.0,0.0,0.0,1.0
000209,0.34006936761190854,-0.659840476773981,-0.6700472896913483,0.5588345542082483,-0.8478520776479618,0.09310252105774422,-0.5219949951874313,-0.046392319761235104,0.4068165183962798,0.7456154945971666,-0.5277858036898601,-0.5558633082443524,0.0,0.0,0.0,1.0
000210,0.3172946330645552,-0.6939731405334456,-0.6463167923290993,0.5715955042082483,-0.8486690629829202,0.09633825121007511,-0.5200766894309694,-0.04717637976123511,0.42318428298333793,0.7135266088744914,-0.5583859248440518,-0.5527413082443523,0.0,0.0,0.0,1.0
000211,0.3045734982285011,-0.7122886931623656,-0.6323604998494945,0.5779190742082483,-0.8487594123837295,0.09832743209612946,-0.5195567110406784,-0.0478037147612351,0.4322527548401274,0.6949651312766923,-0.5746138026907206,-0.5510130582443523,0.0,0.0,0.0,1.0
000212,0.29120084011829916,-0.7315092968256754,-0.6165194395734841,0.5843346042082483,-0.8485228632534493,0.10013726397983544,-0.5195974200270832,-0.0485276097612351,0.4418269132257169,0.6744380453534919,-0.5915423076409633,-0.5491803082443524,0.0,0.0,0.0,1.0
000213,0.2773334412039029,-0.7516103672936728,-0.5984714012938898,0.5908581642082483,-0.8480335143869043,0.10127817616786969,-0.5201748643568876,-0.04927783976123511,0.45158091286789104,0.6517856908591816,-0.6093029561101948,-0.5472122482443523,0.0,0.0,0.0,1.0
000214,0.24704271338137862,-0.7930950031050047,-0.5567496868567043,0.6042540742082483,-0.8467346767091176,0.10269745084965921,-0.5220092152896227,-0.0509130357612351,0.47117967382249404,0.6003778390637466,-0.6461703841384824,-0.5430312082443524,0.0,0.0,0.0,1.0
000215,0.23075491740398485,-0.8134869361448149,-0.5338456451218857,0.6111710042082483,-0.8461600404647851,0.10310103321559334,-0.5228607490245474,-0.051827653761235104,0.48038042634407335,0.5723715416332291,-0.6645490684019408,-0.5406234082443524,0.0,0.0,0.0,1.0
000216,0.21428323648192676,-0.8334278144808942,-0.5093925525686754,0.6181731042082483,-0.8454253509573149,0.10294927650470004,-0.5240776873955424,-0.0527648597612351,0.48922251636809566,0.5429544405534952,-0.682540698392198,-0.5379197682443524,0.0,0.0,0.0,1.0
000217,0.19782841594818362,-0.8529064849968709,-0.4831298435138479,0.6252257042082483,-0.8443431309875357,0.10210238310094072,-0.5259845820166922,-0.05369584976123511,0.4979443693803536,0.5119820614195301,-0.6999469792684379,-0.5348923082443523,0.0,0.0,0.0,1.0
000218,0.18101831173693664,-0.8716803133164736,-0.45541827169362026,0.6323544442082483,-0.8429872392951615,0.10099173198122549,-0.5283684173537958,-0.054655539761235106,0.5065618276197209,0.4795561504640799,-0.7165340280479646,-0.5314992782443524,0.0,0.0,0.0,1.0
000219,0.14455542592680962,-0.9064518769104029,-0.39679808931083177,0.6469811042082483,-0.8402470742464423,0.09933427199554781,-0.5330267879078954,-0.0567557997612351,0.5225787816735508,0.4104603479664299,-0.7472842295217161,-0.5234176082443524,0.0,0.0,0.0,1.0
000220,0.12470869744287634,-0.9221842332283938,-0.36609285812080566,0.6543982042082483,-0.8390593798803694,0.09890855501447811,-0.5349733215588585,-0.0578442497612351,0.529553677937252,0.3738894726117695,-0.7614325738062574,-0.5186111082443523,0.0,0.0,0.0,1.0
000221,0.10364695282623594,-0.9366105424091409,-0.33469090369756305,0.6617932042082483,-0.8380942948286341,0.09896023093563223,-0.5364744408346602,-0.05892333976123511,0.5355887061407578,0.3361064779816386,-0.7747110256819942,-0.5132667482443524,0.0,0.0,0.0,1.0
000222,0.08142425660217097,-0.949673650473528,-0.30247321870385024,0.6691018342082483,-0.8374596664005584,0.09935724294253619,-0.5373913335988248,-0.0599407257612351,0.5403992945860028,0.2970658106735631,-0.7872232888703239,-0.5073466382443523,0.0,0.0,0.0,1.0
000223,0.05824210036535149,-0.9612039759191093,-0.26961968478271237,0.6762420042082483,-0.8372607256491145,0.10005782858086909,-0.5375713052472204,-0.060866319761235105,0.5436932361456698,0.2570512548442008,-0.7989507602803011,-0.5008566082443523,0.0,0.0,0.0,1.0
000224,0.00985444261152317,-0.9789069342795415,-0.204068870679106,0.6901145042082483,-0.8374137662011466,0.10345154955877826,-0.5366898183035516,-0.0626792397612351,0.5464806255830372,0.17617886057446602,-0.8187306852372491,-0.48662530824435235,0.0,0.0,0.0,1.0
000225,-0.014450746099441525,-0.9850779729029269,-0.17150091322972497,0.6965576442082483,-0.8374913249724891,0.10562784566868189,-0.5361446062539634,-0.0635237247612351,0.5462595139061597,0.1358828374771932,-0.8265206579064751,-0.4790335082443523,0.0,0.0,0.0,1.0
000226,-0.03797870440686306,-0.9896872842605169,-0.1381184179775405,0.7025510742082484,-0.8373131512540297,0.10695657919795083,-0.5361594696574132,-0.0642161447612351,0.5454028829669149,0.09528572578993633,-0.8327402510459444,-0.47119580824435237,0.0,0.0,0.0,1.0
000227,-0.06044917648328068,-0.9927910684209864,-0.10349778512610594,0.7080504042082483,-0.8365487850518787,0.10695442609902167,-0.537351729285442,-0.06471474476123511,0.544547543645841,0.0540984768856326,-0.8369834690768604,-0.4631784682443524,0.0,0.0,0.0,1.0
000228,-0.10365388824037777,-0.994158834120531,-0.030067989503089754,0.7177141042082483,-0.8322547954902451,0.10324739460470436,-0.5446943462996754,-0.0653790757612351,0.5446171378465257,-0.03143545844181539,-0.838095451077269,-0.4466199082443524,0.0,0.0,0.0,1.0
000229,-0.1258510946002496,-0.9920183959362858,0.007810512910035261,0.7226138042082483,-0.828878957948975,0.1008221736985869,-0.5502677188061404,-0.06573849976123511,0.545088226856296,-0.07572576453685209,-0.8349517552098258,-0.4378403082443524,0.0,0.0,0.0,1.0
000230,-0.14870843413728266,-0.9878363454231424,0.045443990554171504,0.7270540042082483,-0.8253106299429113,0.09866424851010046,-0.5559925630520357,-0.0661242197612351,0.5447459643904417,-0.12018619191482566,-0.8299440424229458,-0.4289347082443523,0.0,0.0,0.0,1.0
000231,-0.17184969107466597,-0.9816903580844393,0.08216887805968476,0.7312657042082483,-0.8220771384396633,0.09694693813145083,-0.5610619124854148,-0.06653160976123511,0.5428230486377642,-0.16396747247848306,-0.8236855017763888,-0.4198077082443523,0.0,0.0,0.0,1.0
000232,-0.21705685877024067,-0.964360443642369,0.1513117801054787,0.7392048042082483,-0.8174236929380194,0.09483548944943293,-0.5681766768923701,-0.0673069297612351,0.533577385469405,-0.2470124787916178,-0.8088757686053243,-0.40089613824435233,0.0,0.0,0.0,1.0
000233,-0.23801203342414964,-0.9538018793266693,0.183336431017449,0.7429173642082483,-0.8161363377768321,0.09406637578749213,-0.5701517298986538,-0.0675473437612351,0.5265659978630625,-0.2853304959851307,-0.8008213021363487,-0.3912239782443524,0.0,0.0,0.0,1.0
000234,-0.25770081845257065,-0.9422498961726875,0.21390516901523188,0.7465022042082483,-0.8155704610760968,0.09341339256597252,-0.5710680879802674,-0.0676850297612351,0.5181072390818315,-0.3216194509849726,-0.7925438899891456,-0.3815042082443524,0.0,0.0,0.0,1.0
000235,-0.27614770527689436,-0.9299257664755861,0.2428590408345958,0.7500940042082483,-0.8153403362269612,0.09287204025565286,-0.5714848381716343,-0.0675471297612351,0.5088836615490933,-0.3558269986714707,-0.7838523879053005,-0.37164430824435235,0.0,0.0,0.0,1.0
000236,-0.30987892242085335,-0.9031429980407173,0.297166247291504,0.7571890342082483,-0.8144201551352901,0.09086085783757009,-0.5731178896374031,-0.0663675197612351,0.49060662892861573,-0.41961533528107076,-0.7636937252906126,-0.35168463824435237,0.0,0.0,0.0,1.0
000237,-0.3256936065758862,-0.888475347953893,0.3233190849823131,0.7606416042082483,-0.8135221289501186,0.08909376885148404,-0.5746686402269614,-0.0654024197612351,0.48177320426115267,-0.45019313236659514,-0.7518116274878267,-0.3415874082443523,0.0,0.0,0.0,1.0
000238,-0.3408637634189059,-0.8729400352762346,0.3489807868634407,0.7639940442082483,-0.8126154405949526,0.0869246672490236,-0.5762813964811961,-0.0643095097612351,0.47272406379892606,-0.48002062146909125,-0.7389940205914093,-0.3314345582443523,0.0,0.0,0.0,1.0
000239,-0.3556409442290584,-0.8564550038752158,0.3741715450498174,0.7682013542082483,-0.8116137947604901,0.08447812905549719,-0.5780540579096037,-0.0633800497612351,0.46346797833544073,-0.5092624785396883,-0.7251545773207756,-0.3217518382443524,0.0,0.0,0.0,1.0
000240,-0.3697257260002384,-0.839130676754943,0.3989518703583023,0.5989258243089726,-0.8106543234789757,0.0815105243442627,-0.579823768265813,-0.10885251331739323,0.4540291349224635,-0.5377878222402533,-0.7103814488650761,-0.4761933134307877,0.0,0.0,0.0,1.0
000241,-0.39507759984927643,-0.8030086592434424,0.44619590235386963,0.6047881243089728,-0.809590476081379,0.0748085813413542,-0.5822086715225222,-0.10650579331739324,0.43413932226378793,-0.5912535575687837,-0.6796633574988401,-0.4556843334307877,0.0,0.0,0.0,1.0
000242,-0.4061265402326542,-0.7851691698466587,0.4675153559413457,0.6074712543089726,-0.8096479724235248,0.07195561816552545,-0.5824882400228288,-0.10544117331739324,0.4237114514255305,-0.6150867936614524,-0.6649337126316762,-0.44539609343078773,0.0,0.0,0.0,1.0
000243,-0.4162642420049473,-0.7677693931248588,0.4870875073420923,0.6101016243089727,-0.8099964986109147,0.06975461855533266,-0.5822713846895265,-0.10451839331739324,0.4130735443793335,-0.6369179320531698,-0.6509268735910423,-0.43514381343078773,0.0,0.0,0.0,1.0
000244,-0.42565075548571707,-0.7507961337336052,0.505100583968291,0.6126919243089726,-0.8104511912046074,0.06803502334155077,-0.5818419908136122,-0.10372552731739323,0.40248018712661027,-0.657020852918372,-0.6374427800210336,-0.4250149434307877,0.0,0.0,0.0,1.0
000245,-0.4431908024019033,-0.7174922429337778,0.5373888666470622,0.6179632843089726,-0.8114798258153175,0.06638958664731326,-0.5805970333023939,-0.10233916731739323,0.3808968429392653,-0.6933954889633013,-0.6116537344970968,-0.4049931434307877,0.0,0.0,0.0,1.0
000246,-0.4516861248420624,-0.7007757181461576,0.5521712030538153,0.6206961543089726,-0.8120448930620592,0.06656650306604221,-0.5797861608570757,-0.10170278331739323,0.369543957164759,-0.7102691697703732,-0.5991285089166724,-0.3950975834307877,0.0,0.0,0.0,1.0
000247,-0.45988705650141726,-0.6838534123186815,0.5664348203655543,0.6235105243089727,-0.8127443185866012,0.06720264580318126,-0.578731783300566,-0.10106026331739323,0.35770178622375276,-0.7265179384276396,-0.5867036025756012,-0.3853124934307877,0.0,0.0,0.0,1.0
000248,-0.4740840430718703,-0.6489219772038337,0.5951004853018498,0.6289121243089726,-0.8150017142740973,0.06765305359190266,-0.575495673372072,-0.09922314831739323,0.33319142521216316,-0.7578412312889549,-0.560945757024268,-0.3657645134307877,0.0,0.0,0.0,1.0
000249,-0.47978201654878816,-0.6303805352807879,0.6102701019511652,0.6317047243089726,-0.8168147070446081,0.06695530703892819,-0.5730015019308009,-0.09810028331739323,0.3203481714510154,-0.7733934106251682,-0.5470280444817802,-0.3561304734307877,0.0,0.0,0.0,1.0
000250,-0.48465446377009513,-0.6115422200802877,0.62540080253146,0.6346946243089726,-0.8189996763101935,0.06618670931347823,-0.5699639021149069,-0.09694310331739324,0.30716376894340824,-0.7884386041852124,-0.5329305644068039,-0.3466628734307877,0.0,0.0,0.0,1.0
000251,-0.48892939869996704,-0.5929633210925165,0.6397988300441175,0.6379117243089727,-0.8213712925478682,0.06594385922802104,-0.5665691548331582,-0.09580471831739323,0.2937639236957678,-0.8025247081984752,-0.5192849409195485,-0.3373563834307877,0.0,0.0,0.0,1.0
000252,-0.49744282398857503,-0.5568805641711023,0.6651576310249672,0.6450565243089728,-0.825278908579373,0.06750247759206056,-0.5606765008210813,-0.09369636331739323,0.26733005801127235,-0.8278450656779975,-0.4931604072878128,-0.3192186634307877,0.0,0.0,0.0,1.0
000253,-0.5016576137184873,-0.5390868879247236,0.6765537420382133,0.6488253743089727,-0.8265388298042343,0.06789567284215572,-0.5587698456745476,-0.09250508331739324,0.2552904256413073,-0.8395090856428815,-0.4796366267279145,-0.3102999634307877,0.0,0.0,0.0,1.0
000254,-0.5047679801949305,-0.521330107901091,0.6880582858782873,0.6525759243089726,-0.828048083136145,0.06709743500103557,-0.5566276189975106,-0.09109222331739324,0.24401979055905723,-0.8507131436695441,-0.4655550332703913,-0.3016389534307877,0.0,0.0,0.0,1.0
000255,-0.506097160583291,-0.5035849031481583,0.7001913376862006,0.6562031243089728,-0.830461916221271,0.0653950399112503,-0.5532237291196946,-0.08940392331739323,0.23280607757450353,-0.8614671984911941,-0.4513043276638374,-0.2930019134307877,0.0,0.0,0.0,1.0
000256,-0.5031423729026561,-0.4687438204884832,0.7260351116466373,0.6630122243089727,-0.8383852187298225,0.06093235446785224,-0.5416617701059874,-0.08538324031739324,0.20966157875307545,-0.8812300942051767,-0.4236455398819907,-0.2756028134307877,0.0,0.0,0.0,1.0
000257,-0.5003202739206759,-0.45146283884106697,0.7388240173745737,0.6663173743089728,-0.8427618529519195,0.058221683253222696,-0.5351286712634713,-0.08317205331739323,0.1985751311543989,-0.8903884212773243,-0.4096051471140068,-0.2669992134307877,0.0,0.0,0.0,1.0
000258,-0.49798067616568814,-0.43367124781031297,0.7509623792096451,0.6698094843089726,-0.8465034957834451,0.05508420607908321,-0.5295257896146749,-0.08063775731739324,0.18827394347591453,-0.8993858899623032,-0.3945350974815104,-0.2586363534307877,0.0,0.0,0.0,1.0
000259,-0.4966336564179661,-0.41583388696820817,0.7618642856584323,0.6733574543089726,-0.8494236393475945,0.052414843335498756,-0.5251020520961647,-0.07832594331739323,0.17842223020243225,-0.9079288863380364,-0.37925010892887523,-0.2503527634307877,0.0,0.0,0.0,1.0
000260,-0.4938821421503633,-0.3803406811191345,0.7819343936359373,0.6804299643089726,-0.8550958502199162,0.04927786135848949,-0.516122833554777,-0.07392405331739324,0.1577704554143352,-0.9235327057910652,-0.34956519382310774,-0.2338524534307877,0.0,0.0,0.0,1.0
000261,-0.4904831607493214,-0.3632724361879167,0.7921233528481859,0.6836999943089728,-0.8589396868710331,0.048056652738364763,-0.5098168028277177,-0.07167472331739323,0.14713559507898538,-0.9304427415127061,-0.3356000915182721,-0.2257107634307877,0.0,0.0,0.0,1.0
000262,-0.4858253368066126,-0.34682908039908006,0.8022987792002862,0.6867536243089727,-0.8632902700283185,0.04678115003011847,-0.5025350074137046,-0.06940354831739323,0.13676129493089062,-0.9367609689730821,-0.32214163844097826,-0.2177205534307877,0.0,0.0,0.0,1.0
000263,-0.47575909069225264,-0.31645590324448913,0.8206759097995965,0.6921337243089727,-0.8715154610987732,0.04357768154825005,-0.4884278726042075,-0.06462079331739323,0.11880273014318155,-0.9476057444805797,-0.2965286905814216,-0.20219923343078772,0.0,0.0,0.0,1.0
000264,-0.47229632899201995,-0.3020714713503922,0.8280634056742703,0.6950872243089727,-0.8743883852523426,0.041969387195205474,-0.48340823562932816,-0.06253482131739324,0.11127052330452425,-0.9523609592663218,-0.28394977356720896,-0.1950901134307877,0.0,0.0,0.0,1.0
000265,-0.46978512768553715,-0.2888436766595124,0.8341889859374187,0.6982211743089726,-0.8765673171631196,0.0407120824146458,-0.4795542355426696,-0.06063463931739324,0.10455463780691249,-0.9565102491867394,-0.2723168575644687,-0.1883868434307877,0.0,0.0,0.0,1.0
000266,-0.46747329513249525,-0.27780288848434675,0.8392224219405251,0.7015003243089726,-0.8784756943862903,0.039951140399451995,-0.4761138107147373,-0.05889353631739323,0.09873789905852948,-0.9598069918116543,-0.2627191766106364,-0.1820980434307877,0.0,0.0,0.0,1.0
000267,-0.4634724546721601,-0.2605668798502354,0.8469345812312048,0.7081104243089726,-0.8815809344261589,0.039064290837945895,-0.4704136873408654,-0.05550370031739324,0.08948932794732384,-0.9646651659028856,-0.24781601618356913,-0.1712149634307877,0.0,0.0,0.0,1.0
000268,-0.46244651021265115,-0.25417644510785614,0.8494336701264399,0.7114404243089727,-0.882459832055289,0.03894594644324581,-0.4687727147185416,-0.054059428317393236,0.08606898396688412,-0.9663733998863859,-0.242310920081897,-0.1662057434307877,0.0,0.0,0.0,1.0
000269,-0.46199324724966273,-0.2488577589984854,0.8512532262975356,0.7147179243089727,-0.882992381885361,0.0392543393468852,-0.4677430388309977,-0.052834093317393235,0.08298610141540924,-0.967744239264017,-0.23787474507223344,-0.1613627834307877,0.0,0.0,0.0,1.0
000270,-0.46104603584063075,-0.24015980677498971,0.8542598082816721,0.7207620243089727,-0.8839935508563737,0.04032533367032058,-0.4657566634077467,-0.05081070831739323,0.07740771847806577,-0.9698954246073009,-0.2308915555966558,-0.15237147343078772,0.0,0.0,0.0,1.0
000271,-0.4599532743152909,-0.23558139304799758,0.8561217160522255,0.7233772243089727,-0.8848017728626425,0.04056901326338143,-0.4641982097142991,-0.049958113317393235,0.0746244476412895,-0.9710074986386048,-0.22710268470855194,-0.1481934934307877,0.0,0.0,0.0,1.0
000272,-0.4586558961362125,-0.23038517325410657,0.8582292472784665,0.7252659243089727,-0.8857128664157833,0.040546052256559995,-0.46245944245084364,-0.048504226317393234,0.07174599086377431,-0.9722544366528154,-0.22265179811510974,-0.1446774834307877,0.0,0.0,0.0,1.0
000273,-0.45714428896110587,-0.22469409207448293,0.8605414946747594,0.7271296243089727,-0.8867051011694225,0.03998270071506692,-0.4606033512727126,-0.047556676317393236,0.06908807878620904,-0.9736087246067351,-0.21751526093420986,-0.1410606734307877,0.0,0.0,0.0,1.0
000274,-0.4529584663228392,-0.2123963602742342,0.8658616598098794,0.7303051243089727,-0.8892033951736784,0.03748649658076819,-0.45597377620396445,-0.04606059431739323,0.06438905029633896,-0.9764643100064425,-0.20584339067742194,-0.13416611343078771,0.0,0.0,0.0,1.0
000275,-0.4509384359863009,-0.20671690728400244,0.8682871916555984,0.7318153243089727,-0.8903914768883412,0.03649097124813119,-0.4537305664179642,-0.04548401831739324,0.06210913648431515,-0.9777200669211537,-0.20051415387664662,-0.1309303634307877,0.0,0.0,0.0,1.0
000276,-0.4496982038412392,-0.20178232704145632,0.8700893160795033,0.7334327243089727,-0.8911560136797969,0.03581065045172763,-0.45228150149719554,-0.04501954531739324,0.06010394949000225,-0.9787755053166987,-0.19592351938382574,-0.12788857343078772,0.0,0.0,0.0,1.0
000277,-0.44959509040228307,-0.19713426292223069,0.8712074018672429,0.7343915243089727,-0.8913045488411696,0.034963135159204184,-0.4520550634545289,-0.04446333931739324,0.05865539959118721,-0.9797528573890193,-0.19142591918768495,-0.12658515343078772,0.0,0.0,0.0,1.0
000278,-0.45212336435497597,-0.18631648192901568,0.8722789874609682,0.7374758243089727,-0.8901425834477852,0.03193200433898717,-0.4545619080299155,-0.04362496831739324,0.05683875911066366,-0.9819707305518273,-0.18028543979553713,-0.1219596634307877,0.0,0.0,0.0,1.0
000279,-0.4537243614128319,-0.17984525591727968,0.8728057560445888,0.7390122243089727,-0.8893757489178273,0.029750833654296177,-0.45620791875385985,-0.043227984317393234,0.056080131039182635,-0.9832449195500186,-0.17344868717204376,-0.1194558834307877,0.0,0.0,0.0,1.0
000280,-0.4551645503333205,-0.17253855307915283,0.8735305832203122,0.7404463243089727,-0.888705682993161,0.027407735760057048,-0.4576581967321971,-0.04282953331739324,0.05502218766575667,-0.9846213808981905,-0.16581102237974116,-0.11692446343078769,0.0,0.0,0.0,1.0
000281,-0.4564482152529787,-0.16411482159537055,0.8744834773310985,0.7417777243089727,-0.8881527175775028,0.025175875312535997,-0.4588582848352463,-0.04244219731739324,0.053289558565133566,-0.9861199220353309,-0.157250508148514,-0.11432368343078769,0.0,0.0,0.0,1.0
000282,-0.4586645035306352,-0.14520860057701235,0.8766648935137424,0.7436785243089727,-0.8873127501861799,0.02156264740273016,-0.46066379887508313,-0.04231391331739324,0.04798912958195228,-0.9891660702609298,-0.1387354636944546,-0.1119857994307877,0.0,0.0,0.0,1.0
000283,-0.4593426076072459,-0.1347779411631807,0.8779745300476487,0.7448659243089728,-0.8871458311008966,0.020137105477359113,-0.4610496408666781,-0.041939181317393236,0.044459455652030466,-0.9906711884166247,-0.12881751916691003,-0.10963669343078769,0.0,0.0,0.0,1.0
000284,-0.4597463067901923,-0.12378421854563376,0.8793809189605066,0.7460465243089727,-0.88712988672331,0.018944266687379238,-0.46113086953918503,-0.041480957317393236,0.04042149768459613,-0.9921283092416647,-0.11852223642089259,-0.10718502343078769,0.0,0.0,0.0,1.0
000285,-0.45888621253412815,-0.10153576125427943,0.8826743075067932,0.7482533243089726,-0.887948770704518,0.017577090157509925,-0.45960638214229577,-0.04040848131739323,0.03115163800537868,-0.99467659824091,-0.0982244387180355,-0.10227027343078769,0.0,0.0,0.0,1.0
000286,-0.4577066311463388,-0.09138456148867974,0.8843944265576256,0.7497014243089728,-0.8887156800173206,0.017655744817899915,-0.4581186688689701,-0.04065881031739324,0.0262503313506941,-0.9956591467949497,-0.08929604418747705,-0.10123470343078769,0.0,0.0,0.0,1.0
000287,-0.45600159881678026,-0.08195747417886795,0.8861972208841328,0.7509333243089726,-0.8897256863303042,0.018226906576072413,-0.45613154129125555,-0.04040731031739324,0.021230755064515217,-0.996469142674718,-0.08123116850386451,-0.09942308343078769,0.0,0.0,0.0,1.0
000288,-0.45408040918365644,-0.07278926489175458,0.8879823787171237,0.7520884243089727,-0.890813470162805,0.018972602741780267,-0.45397290857682676,-0.040005977317393235,0.016197017382977796,-0.9971668683132833,-0.07345674486508998,-0.09746376843078769,0.0,0.0,0.0,1.0
000289,-0.4507510138782027,-0.05463155980128731,0.8909763836160027,0.7544555243089728,-0.8926212727150712,0.019617220718363637,-0.4503803150092299,-0.03902905531739324,0.007126498740504805,-0.9983138571235827,-0.05760777456850952,-0.0937783234307877,0.0,0.0,0.0,1.0
000290,-0.4493690386652029,-0.0453653786430524,0.892193616604425,0.7557045243089726,-0.8933418748681465,0.01970491338462224,-0.4489454432284273,-0.038506557317393234,0.0027859820846275474,-0.9987761004394713,-0.04938157039571667,-0.09209659343078769,0.0,0.0,0.0,1.0
000291,-0.4484139260300658,-0.03583306907640449,0.8931074639162235,0.7575312243089727,-0.8938243554154786,0.019904048768214555,-0.44797527890357647,-0.038734858317393234,-0.0017241254035715303,-0.9991595568292375,-0.040953722521824526,-0.09080627343078769,0.0,0.0,0.0,1.0
000292,-0.4476589539521313,-0.025712447703450603,0.8938346217167811,0.7591183243089727,-0.8941813229404306,0.020049043860017463,-0.4472558524433196,-0.03840832131739324,-0.006420486818390803,-0.9994683115904157,-0.03196672450562396,-0.08952044343078769,0.0,0.0,0.0,1.0
000293,-0.44708819887784923,-0.003744131446565546,0.8944820422478429,0.7621561243089727,-0.8943336430099731,0.02056042926050569,-0.4469279625724194,-0.037336548317393234,-0.0167175777154126,-0.9997816012651637,-0.012540828002750054,-0.08731336343078769,0.0,0.0,0.0,1.0
000294,-0.44658124342531813,0.007575485593920572,0.8947110176133481,0.7636116243089728,-0.8944683341073727,0.02099938571701082,-0.4466379127197886,-0.03672959731739324,-0.022171880837629443,-0.9997507878554157,-0.0026018998054220255,-0.08646639343078769,0.0,0.0,0.0,1.0
000295,-0.44519963365206755,0.01892103756849456,0.8952314117217942,0.7649404243089728,-0.8950102631816546,0.021254230545963565,-0.4455388720228622,-0.03605965631739324,-0.027457512552492735,-0.9995950440159409,0.007472147161228737,-0.08584863343078769,0.0,0.0,0.0,1.0
000296,-0.4417841302541391,0.04194399145359656,0.8961403259738591,0.7683749243089728,-0.8963194990889964,0.021588705881698644,-0.4428829228263425,-0.03598120781739324,-0.037922787456151186,-0.9988866949555861,0.028057669758222187,-0.08544569343078769,0.0,0.0,0.0,1.0
000297,-0.43986477132755,0.05409633159645527,0.8964332489665747,0.7695081243089728,-0.8970140594618132,0.021788801544181585,-0.44146463647171946,-0.03546676731739323,-0.04341382352202133,-0.9982979690628822,0.03894104379859584,-0.0851945694307877,0.0,0.0,0.0,1.0
000298,-0.43765653195220855,0.06631196197330441,0.8966936398451906,0.7705268243089727,-0.8978177703050103,0.02188017767756914,-0.4398232703590587,-0.03489546431739324,-0.048785360141183176,-0.9975590115497173,0.049960055162559774,-0.08494785343078769,0.0,0.0,0.0,1.0
000299,-0.43560049250730903,0.08968280679338497,0.8956613227627116,0.7726786243089727,-0.898131744618293,0.023128280924070738,-0.43911781099199165,-0.03398233731739324,-0.06009642448840968,-0.9957018011368451,0.07047228516623552,-0.08417921343078769,0.0,0.0,0.0,1.0
000300,-0.4369187086676155,0.1012031362095972,0.8937896661058264,0.7746395243089728,-0.8970251054860376,0.024651495111433996,-0.44129158604774427,-0.03423362631739324,-0.06669334407559707,-0.9945603194427739,0.08001105452311802,-0.08356058343078769,0.0,0.0,0.0,1.0
000301,-0.4386558415411058,0.11325726093468474,0.8914896777458707,0.7759490243089726,-0.8956098137357658,0.026503652776291103,-0.4440502425736309,-0.03422888431739324,-0.07391964706389603,-0.9932121370760055,0.08980833225743881,-0.0827268334307877,0.0,0.0,0.0,1.0
000302,-0.43967724629887533,0.12602570605658597,0.8892701729508178,0.7768230243089727,-0.8944496467530416,0.028414686560216534,-0.4462649829541233,-0.03411823931739324,-0.08150919279687074,-0.9916199508887585,0.10023035712287431,-0.08179104343078769,0.0,0.0,0.0,1.0
000303,-0.4371264442461975,0.15427206230194673,0.886070314666833,0.7773423243089728,-0.8940055875525195,0.033210212371423714,-0.4468233333422951,-0.03378060031739324,-0.0983589404454458,-0.9874701071867187,0.12340302365460917,-0.0797931894307877,0.0,0.0,0.0,1.0
000304,-0.43332096003106313,0.1694224362417302,0.8851717255401206,0.7770817243089727,-0.8948205363775588,0.03613707011589684,-0.44496103182235686,-0.03358359631739324,-0.10737389475443043,-0.9848807797197361,0.13594372535688748,-0.0788133334307877,0.0,0.0,0.0,1.0
000305,-0.4287579172366045,0.18500942969200052,0.8842726725009484,0.7771467243089727,-0.8958446930657277,0.03941652487316974,-0.44261566112474493,-0.033721663317393236,-0.11674302682773474,-0.9819459498831713,0.14883956864737038,-0.0778722584307877,0.0,0.0,0.0,1.0
000306,-0.4202177384859331,0.21547942165397105,0.8814679070195568,0.7762816243089727,-0.8972382462583539,0.04646690183556573,-0.4390949287853794,-0.03358892031739324,-0.13557500401254446,-0.975402196982083,0.17381016198578408,-0.07576668343078768,0.0,0.0,0.0,1.0
000307,-0.41677807375982956,0.22967503852859056,0.8795143056880521,0.7756777243089727,-0.89749804972029,0.04951399360322864,-0.4382300938841775,-0.033463625317393234,-0.14419877940302267,-0.9720070684487587,0.1854965522707324,-0.07464425343078769,0.0,0.0,0.0,1.0
000308,-0.4105832144022979,0.25576979039905934,0.8752161095239837,0.7741413243089728,-0.8978985096451714,0.053694526752429916,-0.4369155114822688,-0.033087895317393236,-0.1587441036009109,-0.9652454154856441,0.20760924222175037,-0.07243208343078769,0.0,0.0,0.0,1.0
000309,-0.40759460682624504,0.2684393997676394,0.872815516096356,0.7741194243089726,-0.8982013578916351,0.05445702499745597,-0.4361980663758716,-0.032722111317393235,-0.16462368349597067,-0.9617560611094771,0.2189162436901442,-0.07089166743078769,0.0,0.0,0.0,1.0
000310,-0.40418329629096,0.28189748352059435,0.8701549699818591,0.7731143243089726,-0.8987460826937277,0.05438761002072601,-0.43508328710594324,-0.032324157317393236,-0.16997453292200354,-0.9579017677512603,0.23137169553978953,-0.0698034034307877,0.0,0.0,0.0,1.0
000311,-0.39714301989941375,0.3100799439377367,0.8637869240227849,0.7700082243089728,-0.8998354194497009,0.0535292903089003,-0.43293282733330224,-0.03152939131739324,-0.1804816878493638,-0.9492023195539485,0.25776213240980383,-0.0678917534307877,0.0,0.0,0.0,1.0
000312,-0.3939117223475825,0.3241496422108358,0.860093346359422,0.7682744243089727,-0.900013493100797,0.053916257089871245,-0.43251444999898087,-0.03126160131739324,-0.18657241820178827,-0.9444681289890129,0.2705008060807417,-0.0667809334307877,0.0,0.0,0.0,1.0
000313,-0.39080715950709066,0.33824730440858347,0.8560715654303245,0.7664279243089727,-0.8999219345684051,0.05502250108718401,-0.43256564363893923,-0.03111339331739324,-0.19341736158023248,-0.9394473297819509,0.2828929811870625,-0.06549854343078769,0.0,0.0,0.0,1.0
000314,-0.385345174431213,0.3649475440614554,0.8475390177602973,0.7642101243089727,-0.8991712753613144,0.05789546044870908,-0.4337500815268384,-0.031670090317393235,-0.20736468867115482,-0.9292262403435148,0.30584061232833515,-0.062165013430787695,0.0,0.0,0.0,1.0
000315,-0.3828791175604427,0.3778607929219926,0.842985647866261,0.7621064243089728,-0.8987735105239871,0.05859088420167624,-0.4344804772010523,-0.03166209131739324,-0.21356441210212251,-0.924006671762076,0.3171780453036528,-0.0605937584307877,0.0,0.0,0.0,1.0
000316,-0.3794554730264909,0.403202278726452,0.832731329073212,0.7571154243089728,-0.8979537304431775,0.056362055639932296,-0.43646582531421874,-0.031274747317393235,-0.22291846485525368,-0.9133735496027008,0.34067009982201163,-0.057448383430787696,0.0,0.0,0.0,1.0
000317,-0.37840273547040854,0.41647763452121944,0.8266545528406177,0.7542168243089726,-0.8974268304817649,0.05374680144741947,-0.43787711205956575,-0.030953053317393238,-0.22679606195868085,-0.9075558722622985,0.35342026682443234,-0.0557834954307877,0.0,0.0,0.0,1.0
000318,-0.3774145723286378,0.42988408547884305,0.8202182109938855,0.7523416243089727,-0.8968732524148633,0.050877004816729354,-0.43935168087042,-0.030464989817393238,-0.230600541406078,-0.9014495013215643,0.36634981489053114,-0.0529113534307877,0.0,0.0,0.0,1.0
000319,-0.3758026726621673,0.44367474141843377,0.8135877795587012,0.7492774243089728,-0.8964718442849965,0.04835098867751367,-0.4404547812184171,-0.030077790517393236,-0.2347564346812004,-0.8948826211974353,0.3795714829311845,-0.0506342034307877,0.0,0.0,0.0,1.0
000320,-0.3733802030526595,0.4578420268858828,0.8068258191117716,0.7455808243089728,-0.896362121336118,0.04601626085228919,-0.4409279432866422,-0.029705468317393235,-0.23900245061958908,-0.8878418677637367,0.393210689635506,-0.0484774134307877,0.0,0.0,0.0,1.0
000321,-0.3666507120084583,0.48691117161729186,0.7927703112112401,0.7369761243089727,-0.8968901683698214,0.041510777871544446,-0.44030089847972453,-0.028916452717393237,-0.2472959386347539,-0.8724645358263998,0.42148588643035323,-0.0440729974307877,0.0,0.0,0.0,1.0
000322,-0.362932728679421,0.50170484535855,0.7852210405975273,0.7322636243089726,-0.8971836197974865,0.03945550029940778,-0.4398918229101366,-0.028509726317393236,-0.2516771479900177,-0.864138595156979,0.43580167684364624,-0.041730616430787695,0.0,0.0,0.0,1.0
000323,-0.3595571506138593,0.5161022269348351,0.7774041077813691,0.7284739243089726,-0.8973070986805464,0.03736924505221911,-0.43982213471098475,-0.028034400817393237,-0.2560441877878559,-0.8557114179892258,0.44966581260189886,-0.038748633430787695,0.0,0.0,0.0,1.0
000324,-0.3526824054628629,0.5447574250724537,0.7608248607303515,0.7188146243089728,-0.8970461047960546,0.03457281723071659,-0.4405825758912367,-0.027200272017393237,-0.2663144884289149,-0.8378807004205082,0.4764793018754161,-0.0333837574307877,0.0,0.0,0.0,1.0
000325,-0.3488727519561443,0.5582302686573519,0.7527727214088509,0.7136021243089727,-0.8968032596296411,0.034347022284968,-0.441094315966332,-0.026874972317393237,-0.27208769994286214,-0.8289748182031206,0.4886399843697877,-0.0306554594307877,0.0,0.0,0.0,1.0
000326,-0.34486133759276294,0.5709034401691383,0.7450771234152702,0.7082531743089726,-0.8965444407119428,0.03474231821759016,-0.4415892176597811,-0.026588846617393237,-0.2779905100219074,-0.8202818011683004,0.4998590231353725,-0.027881283430787697,0.0,0.0,0.0,1.0
000327,-0.33644963180262943,0.5940353164965714,0.7307008197714665,0.6977459243089728,-0.8964565237284411,0.03558464340175893,-0.44170061604970423,-0.025933299817393236,-0.2883874933567573,-0.8036515264147687,0.520554394628091,-0.0218991134307877,0.0,0.0,0.0,1.0
000328,-0.331953317383985,0.6049554783510627,0.7237650615295024,0.6921047243089726,-0.8968617641812355,0.03535567810878487,-0.4408956248084007,-0.025512617717393236,-0.2923114281506787,-0.7954739752113232,0.5308250029284658,-0.019135283430787697,0.0,0.0,0.0,1.0
000329,-0.3274154831157196,0.6153762512983678,0.7170154606102074,0.6862262743089727,-0.8975244984343786,0.03467173101343851,-0.4395994151254624,-0.025038134917393238,-0.29537920733561596,-0.7874705965345624,0.5409631997347726,-0.0165584114307877,0.0,0.0,0.0,1.0
000330,-0.3185954517508502,0.63534364265392,0.7034453737589863,0.6741847643089727,-0.8989432559769729,0.032874612143131976,-0.43682980943378563,-0.024082932277393238,-0.30066253617168615,-0.7715294651636364,0.5606641808847099,-0.0115214184307877,0.0,0.0,0.0,1.0
000331,-0.3141901464300206,0.6448829910824797,0.6967140587779158,0.6680791243089728,-0.8995076116607029,0.03247050267107543,-0.4356968246622255,-0.023686473957393237,-0.30359612719983875,-0.763591248161477,0.5698752471203301,-0.008929591430787698,0.0,0.0,0.0,1.0
000332,-0.3055802920536268,0.6628575966698421,0.6835499189126579,0.6559774243089727,-0.9002382478818777,0.03270693714226158,-0.4341674254401626,-0.02264164921739324,-0.3101480004110734,-0.7480307900079068,0.586735166017139,-0.002832853630787697,0.0,0.0,0.0,1.0
000333,-0.3011937142989433,0.6723293412106612,0.6762067756345282,0.6496501243089727,-0.9005370765414791,0.03262627253701261,-0.43355334171756443,-0.022254315917393238,-0.31355273916987736,-0.7395328142060901,0.5956306711977548,-8.899113078769672e-05,0.0,0.0,0.0,1.0
000334,-0.29663353880814536,0.6819938567894867,0.6685005033323144,0.6431638243089726,-0.900823032707866,0.03258255820077882,-0.4329621699919012,-0.021889542917393236,-0.3170589967137971,-0.7306317514333017,0.6046906948187201,0.002614617869212303,0.0,0.0,0.0,1.0
000335,-0.2916841463131608,0.6916001356486202,0.6607644142660625,0.6365562243089726,-0.9011579454947108,0.03290281008020918,-0.4322403988067026,-0.02154904291739324,-0.32067852447788614,-0.7215307737440141,0.613643729275424,0.005326009869212303,0.0,0.0,0.0,1.0
000336,-0.28181820977968297,0.7093996515783506,0.646011324186418,0.6231772243089726,-0.9014869869389793,0.034734182544143344,-0.4314101864150527,-0.020451460717393236,-0.3284809111900645,-0.7039500485854836,0.6297258292941779,0.011216753569212302,0.0,0.0,0.0,1.0
000337,-0.2766491266895187,0.7179952625223205,0.638708120895163,0.6162759243089726,-0.9015278120552768,0.03621994406786733,-0.4312026434781514,-0.019995813017393237,-0.33273542761892944,-0.6951049695169961,0.6372724821926832,0.014189140569212302,0.0,0.0,0.0,1.0
000338,-0.2710338205963704,0.7263632843759054,0.6316146350454386,0.6091828643089727,-0.9016738062036647,0.03810008075537019,-0.4307351054332938,-0.019639064317393238,-0.33693473448003397,-0.6862541533259252,0.6446163368576591,0.017111410569212303,0.0,0.0,0.0,1.0
000339,-0.25872322130042563,0.7426963839497646,0.6176280239981626,0.5944324243089727,-0.9022874422007573,0.04247113226210186,-0.4290379640208896,-0.018957365917393238,-0.3448763059514905,-0.6682800941164708,0.6591373524546571,0.022853761569212303,0.0,0.0,0.0,1.0
000340,-0.2523908854211556,0.7509836122121443,0.6101823130385904,0.5867587643089727,-0.9026241324316939,0.04450036212372588,-0.42812310533629055,-0.018591341317393238,-0.3486667700086379,-0.6588196505567031,0.6666244456454373,0.0256672565692123,0.0,0.0,0.0,1.0
000341,-0.24635073720687367,0.7589578623018309,0.6027389795988515,0.5793238543089727,-0.9029898008156345,0.046147212412895655,-0.42717660798487045,-0.018867101317393237,-0.35202376894262477,-0.6495024234263902,0.6739628091094312,0.028740267569212302,0.0,0.0,0.0,1.0
000342,-0.24026192757347065,0.7669902296829897,0.5949791540293787,0.5714112243089726,-0.9033681418793528,0.047643243257745826,-0.4262113579074694,-0.018705879017393238,-0.3552466838636584,-0.6398875752370241,0.6814276811673826,0.0316390575692123,0.0,0.0,0.0,1.0
000343,-0.22799437255165272,0.7827667525064969,0.5790464379090947,0.5547976743089726,-0.9041864475523816,0.0504047673470443,-0.4241535423538213,-0.01818415961739324,-0.3611999918983702,-0.6202705624154053,0.6962750859060622,0.0373286635692123,0.0,0.0,0.0,1.0
000344,-0.22214004529509057,0.7905025693812039,0.5707534389541686,0.5462007243089726,-0.9044443398674212,0.05158567291221411,-0.42346116047635185,-0.017973762617393238,-0.36418983560511353,-0.6102823986908921,0.7035063308101863,0.0401967865692123,0.0,0.0,0.0,1.0
000345,-0.21660269479928734,0.7981175636723302,0.5622202656996905,0.5374154243089726,-0.9045559375693063,0.05255846880747539,-0.4231030172011622,-0.017818231817393237,-0.3672353855687114,-0.600204933263929,0.7105576751199318,0.043080564569212304,0.0,0.0,0.0,1.0
000346,-0.21154938508570115,0.8052709373275599,0.5538822755472996,0.5292888543089727,-0.9045324974770936,0.05335873913350053,-0.4230529588195012,-0.017586749717393237,-0.37022671253937534,-0.5905011113060467,0.7171057236339776,0.0461134645692123,0.0,0.0,0.0,1.0
000347,-0.20149992334074662,0.8191781788929404,0.5369775527145609,0.5109752643089727,-0.9046395755231853,0.05454363879983071,-0.42267272192998784,-0.017456848817393237,-0.3755329802972097,-0.5709396664202965,0.7300704609946743,0.0519220785692123,0.0,0.0,0.0,1.0
000348,-0.19616137929781874,0.8255743292637385,0.5291008789755558,0.5012339243089727,-0.9051090743485846,0.0551326339158244,-0.42158979613998276,-0.017503482017393237,-0.3772244382378027,-0.5615936427152929,0.7364199234526061,0.0547428205692123,0.0,0.0,0.0,1.0
000349,-0.19056217776806905,0.8316386884223281,0.5215967295943109,0.49118557430897264,-0.9058901550222767,0.05573700260725656,-0.4198290289797435,-0.017634061817393236,-0.37821830129966805,-0.5525128762839365,0.7427519357783223,0.0575209035692123,0.0,0.0,0.0,1.0
000350,-0.18499422990082187,0.8373289143652645,0.5144486602871947,0.48092322430897266,-0.9067156267970233,0.05645903169621752,-0.4179463480663595,-0.017869371617393236,-0.3790038351065631,-0.5437763022675897,0.748774616334384,0.060335471569212304,0.0,0.0,0.0,1.0
000351,-0.17534829691276654,0.8473699123786034,0.5012157283698017,0.46080932430897265,-0.9074626919779776,0.05831756455066317,-0.41606552889294024,-0.01831986431739324,-0.3817910913547815,-0.5277909560236493,0.7587306961641711,0.06568755656921231,0.0,0.0,0.0,1.0
000352,-0.17115736086257266,0.8520804005429715,0.49463536957347526,0.4503293943089726,-0.907429062308026,0.05922063946361583,-0.4160113132359469,-0.018781927317393237,-0.38376770929995635,-0.5200499080588803,0.7630664705165695,0.06879803656921231,0.0,0.0,0.0,1.0
000353,-0.16746370088376966,0.8564795935461846,0.48826080605069444,0.43974872430897266,-0.907233917734994,0.05995438295366401,-0.4163317072670057,-0.019301165517393238,-0.3858529867676621,-0.5126872124440086,0.7669871542593569,0.07206164656921231,0.0,0.0,0.0,1.0
000354,-0.16425029037755218,0.8605917104807852,0.4820827210787024,0.42911172430897265,-0.9069124580981025,0.06047770399604557,-0.4169559217301319,-0.019824039817393238,-0.3879840659838326,-0.5056919567989222,0.7705478631282614,0.07545586256921231,0.0,0.0,0.0,1.0
000355,-0.16164536250576633,0.8644622185001376,0.47599984198127626,0.4184655243089727,-0.9063335263750028,0.060781888405818996,-0.4181687470513249,-0.020320896717393237,-0.39042325205990464,-0.4990096540425276,0.7736659805260442,0.0789682005692123,0.0,0.0,0.0,1.0
000356,-0.15890182244983386,0.871568083275703,0.46380953745825315,0.3978264243089727,-0.9041026549751913,0.06028994794140713,-0.4230407917022103,-0.021248643017393237,-0.3966719048394176,-0.4865533869909239,0.7784068354779065,0.0858531265692123,0.0,0.0,0.0,1.0
000357,-0.15811476499467314,0.87512735564089,0.45733120656660053,0.38723592430897263,-0.9028953284281541,0.0593563244501254,-0.42574270710182127,-0.021565470517393236,-0.39972458892754525,-0.48023841803499523,0.7807632898964642,0.08929705656921232,0.0,0.0,0.0,1.0
000358,-0.15703001619378149,0.8786951802672838,0.4508174288880439,0.3765393743089727,-0.9020443006987773,0.05822908375040131,-0.42769785290838513,-0.021823060417393236,-0.4020667277841262,-0.47381869315238556,0.7834782654473134,0.0925871865692123,0.0,0.0,0.0,1.0
000359,-0.15515983029265107,0.8822217082786588,0.44453378331173093,0.3657393743089727,-0.901699926681899,0.057348259011734015,-0.42854220260107534,-0.022058528517393237,-0.40356247259304695,-0.46732861524863667,0.7866011035362066,0.09570904656921231,0.0,0.0,0.0,1.0
000360,-0.15235469557851578,0.8855985540226328,0.4387519206205257,0.5696919044096971,-0.901888551527845,0.05698285021969607,-0.4281938759532248,-0.01028420207355136,-0.4042092123618458,-0.4609426817879442,0.7900295923242081,0.12681673138277658,0.0,0.0,0.0,1.0
000361,-0.145196074230575,0.8918706577109486,0.428351292681917,0.5488760044096971,-0.9034137218539803,0.05702659677946226,-0.4249607210386531,-0.010460489273551362,-0.40343741422179563,-0.44868106397974117,0.7974481523158974,0.1321530953827766,0.0,0.0,0.0,1.0
000362,-0.14136605579320788,0.8948448582078034,0.4234008951437492,0.5383104444096971,-0.9041539862070783,0.057461728955766345,-0.42332460232221875,-0.010613282603551362,-0.40313919121727954,-0.44266333645838624,0.8009544076039581,0.1348896413827766,0.0,0.0,0.0,1.0
000363,-0.13786910408092634,0.8974786503066865,0.4189560625932163,0.527957304409697,-0.9046898969210817,0.058063537060265846,-0.422095742779969,-0.010785402653551362,-0.40314798839736915,-0.4372192789753666,0.8039346998005592,0.13766834138277656,0.0,0.0,0.0,1.0
000364,-0.13490446176023907,0.8998505483729238,0.4148129419269955,0.5178939044096971,-0.9051599772887722,0.05839115836240272,-0.42104143280642436,-0.01092983216355136,-0.40309577238141575,-0.4322724409652384,0.8066314741380879,0.14039941138277656,0.0,0.0,0.0,1.0
000365,-0.13260626662263836,0.9021641981681896,0.41050619678142924,0.508136104409697,-0.9057875756893168,0.057863168869147275,-0.4197626965504333,-0.010969457593551361,-0.4024480659405339,-0.42749457684509673,0.8094961031337677,0.14297768638277658,0.0,0.0,0.0,1.0
000366,-0.12981339724361973,0.9068717364179624,0.40091412494740025,0.49022385440969707,-0.9080512482543641,0.05366297186316421,-0.41540728928908355,-0.01056338607355136,-0.3982353731648675,-0.417976003063672,0.8165198395771873,0.14728037138277658,0.0,0.0,0.0,1.0
000367,-0.1288618989269526,0.9093123179810763,0.39565858940862414,0.4814047544096971,-0.9092031809464154,0.05095451102027221,-0.4132229586598558,-0.010303446973551362,-0.39590931633627896,-0.4129827431922154,0.8201835569331861,0.14948296638277658,0.0,0.0,0.0,1.0
000368,-0.12821358300388497,0.911658027050855,0.39043683080243413,0.472799754409697,-0.9098024195108507,0.04857611831653358,-0.4121891776617872,-0.010094555073551361,-0.3947414781670507,-0.4080686246736458,0.8232005605995729,0.15186132138277658,0.0,0.0,0.0,1.0
000369,-0.12770580277602062,0.9139361512484001,0.38524270191477156,0.46438583440969705,-0.9096941834600016,0.04681935519138486,-0.4126311192318189,-0.009972724073551362,-0.39515531189188474,-0.40314843348415025,0.8254232975043185,0.15445424138277658,0.0,0.0,0.0,1.0
000370,-0.12722885079260154,0.9161589798730251,0.38008623116868057,0.4561631044096971,-0.9089017452495586,0.045739911187469284,-0.4144942436353837,-0.009930895573551361,-0.39712773386946965,-0.39819666513241947,0.8268790593969104,0.15725642138277657,0.0,0.0,0.0,1.0
000371,-0.12629733428267537,0.9210237051640254,0.36846209829373316,0.44156160440969705,-0.906316996993007,0.04386949421952663,-0.42031532025195173,-0.009582350873551361,-0.40328461948686806,-0.3870281669373089,0.8291988384473767,0.16241598138277658,0.0,0.0,0.0,1.0
000372,-0.1254380948916291,0.9238334991106387,0.36165861011588263,0.4339144044096971,-0.9050444086420855,0.04277048155091451,-0.42316108551425236,-0.00946416787355136,-0.40639869922977867,-0.38039762332182914,0.8307452951629926,0.16519251138277657,0.0,0.0,0.0,1.0
000373,-0.12439109650176489,0.9268238051995894,0.3542943539296703,0.42629575440969714,-0.9040185600681601,0.041321093936574016,-0.4254914925685067,-0.009304704073551362,-0.4089954745023218,-0.3732160249925486,0.8327259456300027,0.16789578138277658,0.0,0.0,0.0,1.0
000374,-0.12301000131975948,0.9298775036180192,0.34669347822021884,0.41873240440969706,-0.9033620007024908,0.03971289868850192,-0.42703627640348046,-0.00911769447355136,-0.4108596296329267,-0.3657194470394996,0.8351309183565275,0.17052167138277657,0.0,0.0,0.0,1.0
000375,-0.12111784941885367,0.9328138435274788,0.33939475522707213,0.41121495440969713,-0.9029964842724288,0.03844945562691249,-0.42792404554269603,-0.008970865873551361,-0.4122230172416203,-0.3583015108612947,0.8376707058091075,0.1731590113827766,0.0,0.0,0.0,1.0
000376,-0.11618465335852635,0.9373726449373293,0.32838034479419487,0.3973787444096971,-0.9025907124281035,0.03833983464863355,-0.42878906576269366,-0.008939349073551362,-0.4145251888154534,-0.34621175832474355,0.8416093430061252,0.17879856138277658,0.0,0.0,0.0,1.0
000377,-0.11302937682022374,0.9392577285775134,0.3240667821345501,0.39019304440969704,-0.9024137899710751,0.03944104424702888,-0.42906148242267605,-0.00908726637355136,-0.4157808456935844,-0.34093888504556646,0.8431411299528767,0.1819291213827766,0.0,0.0,0.0,1.0
000378,-0.10962755552709869,0.9411401231799431,0.31974531679134033,0.3830219044096971,-0.902332269012197,0.04068223353787703,-0.4291170378505961,-0.00925201357355136,-0.41686721551167005,-0.3355595691009442,0.8447612089912366,0.1851819213827766,0.0,0.0,0.0,1.0
000379,-0.10611881059475758,0.9429891234043122,0.31545254980602205,0.37588873440969706,-0.9023459419808735,0.04195432197119009,-0.4289657746937253,-0.009435371473551361,-0.41774465769008245,-0.3301686660013402,0.84645026608909,0.18856858138277657,0.0,0.0,0.0,1.0
000380,-0.10272866148234311,0.9447259166789768,0.3113515127072829,0.36880985440969705,-0.9023836225028359,0.04318271885519043,-0.4287645631706674,-0.009660253273551361,-0.41850999981924664,-0.32500491557411987,0.8480690920579252,0.19213556138277657,0.0,0.0,0.0,1.0
000381,-0.09735612152191014,0.9473634554163352,0.3049988015449117,0.35708672440969713,-0.9020854121399416,0.045461568997314294,-0.42915632926547154,-0.00960517017355136,-0.4204327470672598,-0.31691596533769617,0.8501767910896847,0.19920044138277657,0.0,0.0,0.0,1.0
000382,-0.09521384117733633,0.9483423885110696,0.3026235922749193,0.35057047440969713,-0.90181434625762,0.04654929087685816,-0.429609181003855,-0.00990942297355136,-0.42150351046248513,-0.3138150373579655,0.8507966343350333,0.20337186138277658,0.0,0.0,0.0,1.0
000383,-0.09351427727769768,0.949170812689544,0.3005492443568949,0.3440661744096971,-0.9014955411990067,0.04739830952479085,-0.4301850641904044,-0.010253833533551361,-0.4225646330959799,-0.31117224907189706,0.8512408368164659,0.20777733138277657,0.0,0.0,0.0,1.0
000384,-0.09225683204538376,0.9498782859630793,0.2986970351322433,0.33763495440969704,-0.9011492906614854,0.0479596011326911,-0.43084780677113244,-0.010600017313551362,-0.423578366871175,-0.30891927507851613,0.8515575427437141,0.21239253138277658,0.0,0.0,0.0,1.0
000385,-0.09055270808419236,0.9511876154823672,0.29502936669353375,0.32756087440969706,-0.9005932377689584,0.04824981207374868,-0.4319765916339364,-0.01101243675355136,-0.4251258956396843,-0.304818102788887,0.8522639832051687,0.22218672138277656,0.0,0.0,0.0,1.0
000386,-0.08939223462944657,0.951929598042976,0.29298305199736696,0.3221762744096971,-0.9004591476085664,0.04847242848639932,-0.4322311270196595,-0.011281760333551362,-0.42565520304115634,-0.30245737558599683,0.8528406557368282,0.22732759138277658,0.0,0.0,0.0,1.0
000387,-0.08793423185365673,0.9527615240711483,0.2907112813736856,0.31628015440969703,-0.9005146081962728,0.04872829428600106,-0.43208678961649627,-0.011619361073551361,-0.42584153307705996,-0.29978497558350004,0.8536907854258353,0.23258618138277656,0.0,0.0,0.0,1.0
000388,-0.08625427603096347,0.9537241220599196,0.28804600130432306,0.31021294440969704,-0.9008119398321573,0.048839812136273864,-0.43145396255721113,-0.011989438833551361,-0.4255561642394576,-0.296690026376906,0.8549134338202148,0.2379388113827766,0.0,0.0,0.0,1.0
000389,-0.08268797875373624,0.9560270261469092,0.2813805669308358,0.2979586444096971,-0.9017590476915761,0.04842272483283627,-0.42951817147374016,-0.012842454873551361,-0.4242561939158973,-0.28925346151163056,0.8581020434234709,0.24900656138277658,0.0,0.0,0.0,1.0
000390,-0.08145292972451024,0.9571479132445838,0.2779087843354946,0.2936330744096971,-0.902103346963549,0.04775401870048179,-0.42886956652940145,-0.01309322747355136,-0.4237628719419112,-0.2856351271631212,0.8595566313478424,0.25458441138277654,0.0,0.0,0.0,1.0
000391,-0.08050087411947654,0.9582109867961126,0.2745019381520293,0.28821190440969713,-0.9024107440250613,0.046888696617823966,-0.4283179884123676,-0.013557435873551361,-0.4232900404381559,-0.2821934707123855,0.8609253084636102,0.2605561813827766,0.0,0.0,0.0,1.0
000392,-0.08004751864307669,0.9590980575272188,0.2715203690454956,0.28249764440969705,-0.9027362128666663,0.0457536861960921,-0.42775452093299776,-0.014121481073551361,-0.4226815878864789,-0.2793519576573347,0.8621500791711263,0.2667827513827766,0.0,0.0,0.0,1.0
000393,-0.08107427585777116,0.9604938916444559,0.26623006199117794,0.2710415044096971,-0.9037036683006792,0.04182875724816598,-0.4261103553857502,-0.015314080673551361,-0.42041246614965444,-0.2751396721317419,0.8646106170555641,0.2796953813827766,0.0,0.0,0.0,1.0
000394,-0.08262064910937689,0.9610991197545374,0.263557034335642,0.2654030644096971,-0.9043495363148709,0.038809954595172724,-0.42502435646842485,-0.01582537007355136,-0.4187191714118465,-0.2734634700126768,0.8659630396620879,0.28635570138277655,0.0,0.0,0.0,1.0
000395,-0.0847442908479431,0.9616445090513452,0.26087974888840393,0.26080910440969707,-0.9049963524680913,0.03526057552494938,-0.4239555328487881,-0.01657378207355136,-0.4168932803345836,-0.27202303215912954,0.8672966405946835,0.29403751138277656,0.0,0.0,0.0,1.0
000396,-0.08699375192493536,0.9620654692328456,0.25857710655780736,0.25560394440969714,-0.9055318014718259,0.031831384381140804,-0.423082639080795,-0.01708117307355136,-0.41526406496254037,-0.27095533926860516,0.8684117459319758,0.3014467813827766,0.0,0.0,0.0,1.0
000397,-0.09134448185196659,0.9623083935715359,0.2561615531202238,0.24482122440969709,-0.9060975940688006,0.026390576719895698,-0.4222448193680082,-0.01802040807355136,-0.4130899849402383,-0.2706771012150101,0.869534686611128,0.3167557813827766,0.0,0.0,0.0,1.0
000398,-0.09341815993138625,0.9623575830093253,0.25522721214534266,0.23945644440969707,-0.9063684685086891,0.023885838523316938,-0.42181235877016626,-0.018444130073551362,-0.41203063804557954,-0.2707348317865432,0.8700191975866193,0.32460406138277653,0.0,0.0,0.0,1.0
000399,-0.0954950547985749,0.9625777088822983,0.2536234391217076,0.23417285440969707,-0.906960517371629,0.020869702217330477,-0.420698318820443,-0.01873956057355136,-0.410247869510622,-0.27020105457282234,0.8710270235014126,0.3324393613827765,0.0,0.0,0.0,1.0
000400,-0.09764584833117335,0.9630912555518172,0.2508396335974634,0.23008385440969711,-0.9079183685636185,0.01702585661490591,-0.4188010938754885,-0.01860753607355136,-0.4076144309619846,-0.2686360990004003,0.8727457373057654,0.3403330813827766,0.0,0.0,0.0,1.0
000401,-0.10048461443697437,0.9655319910626095,0.24010584436061805,0.2199970844096971,-0.9094905355570375,0.008706303980037244,-0.41563345149684466,-0.01849981577355136,-0.40339782844436006,-0.2601387600986826,0.8772673580503805,0.3560595413827766,0.0,0.0,0.0,1.0
000402,-0.10138749207480713,0.9667664252317398,0.23469822218206923,0.2146799244096971,-0.9088412836567663,0.00594499833529466,-0.41709972202809587,-0.01859524277355136,-0.4046332877704235,-0.2555921282814405,0.8780344904322731,0.3645154213827766,0.0,0.0,0.0,1.0
000403,-0.1022323558024536,0.9677064550130586,0.23041866754484042,0.2093502344096971,-0.9067106471763479,0.004628267474043324,-0.4217278523375439,-0.01886094637355136,-0.40917520419024545,-0.25203729102307043,0.8769565874144644,0.3735071313827766,0.0,0.0,0.0,1.0
000404,-0.10361488595542473,0.9688466376991397,0.22494476661508733,0.1998198644096971,-0.8995637647217875,0.005200350949156829,-0.4367585025498304,-0.02021727107355136,-0.42432179841248896,-0.24760684354249463,0.8710004950761587,0.3929113413827766,0.0,0.0,0.0,1.0
000405,-0.10408589921177602,0.9691099303781482,0.22358906151182134,0.1950144444096971,-0.8962305045383397,0.006074964740976019,-0.4435470409532107,-0.020806333073551363,-0.4312041376427518,-0.24655433000833088,0.8679135636881786,0.40231814138277655,0.0,0.0,0.0,1.0
000406,-0.10411901131918666,0.9692521134569617,0.2229564352987556,0.1900674744096971,-0.8936751065903329,0.007203851545299456,-0.44865678238902235,-0.02126323207355136,-0.43646767960832145,-0.24596431668460855,0.8654464279059688,0.4112332113827766,0.0,0.0,0.0,1.0
000407,-0.10346704497127612,0.9693988606919487,0.22262169591947517,0.18508595440969708,-0.8919850006165909,0.008593201328438549,-0.4519833133711342,-0.02168246507355136,-0.44006514208686404,-0.24534059138283718,0.8638001302037337,0.41967811138277655,0.0,0.0,0.0,1.0
000408,-0.10217434129718561,0.9696077617983383,0.2223087767968311,0.1800977344096971,-0.8910385063020334,0.010154202551893421,-0.45381413867086196,-0.02210488007355136,-0.44227907961775387,-0.2444538411049255,0.8629203528145112,0.4277197013827766,0.0,0.0,0.0,1.0
000409,-0.0976917816022162,0.9702034556440575,0.22172408634091673,0.17134827440969708,-0.8903781163899114,0.014327909276094175,-0.45499617676385956,-0.023053726073551363,-0.4446157055945485,-0.24186766148475786,0.8624482063675223,0.4429982513827766,0.0,0.0,0.0,1.0
000410,-0.09474589336390354,0.9704893053810313,0.22175149116007994,0.1666746444096971,-0.8904143919507772,0.016998475634990518,-0.45483322485611616,-0.02360533307355136,-0.44518021777433403,-0.24054429938605865,0.8625271089857214,0.45042386138277657,0.0,0.0,0.0,1.0
000411,-0.09187617438555329,0.9707309184087379,0.22190144800249373,0.16167043440969708,-0.8904162052273489,0.01967117562020332,-0.45472192196797234,-0.02418105407355136,-0.4457776912865908,-0.23936275586449773,0.862547228304717,0.45778071138277654,0.0,0.0,0.0,1.0
000412,-0.08944603620467456,0.9709743929665063,0.22182906664951918,0.15652230440969708,-0.8902795040204293,0.0219112013663042,-0.45488713322737956,-0.02471740007355136,-0.44654429940198603,-0.23817772242174545,0.8624787308760602,0.4650755813827766,0.0,0.0,0.0,1.0
000413,-0.08585368946208233,0.971391101271527,0.22142373941436094,0.1460107244096971,-0.8888431133402429,0.025724408964918066,-0.4574889885571348,-0.025689924073551362,-0.4500967272413486,-0.23608808346440557,0.8612057553063213,0.4796200013827766,0.0,0.0,0.0,1.0
000414,-0.08465944532858766,0.9714644009276665,0.2215619462969804,0.14170289440969708,-0.8871766553361402,0.0277340046453996,-0.46059570906914504,-0.026668871073551363,-0.45359713462855494,-0.23555836371604189,0.8595125925431142,0.4875462013827766,0.0,0.0,0.0,1.0
000415,-0.08375212668186405,0.9714964506718964,0.22176615523603382,0.13687885440969708,-0.8851176264484342,0.029708536050814416,-0.46441812005563216,-0.02728157107355136,-0.4577689030794415,-0.23518513817336567,0.8574004794469268,0.49497240138277654,0.0,0.0,0.0,1.0
000416,-0.08314206684601805,0.9714695980602378,0.22211307202695751,0.1319652844096971,-0.8828804236080429,0.03156397387531423,-0.468535882471003,-0.02774206707355136,-0.46217913662372867,-0.2350543247802062,0.8550671962318905,0.5021387013827766,0.0,0.0,0.0,1.0
000417,-0.082106276509611,0.9711120209403777,0.2240535698060243,0.12220037440969708,-0.878700172170272,0.035540424952806404,-0.4760492470555,-0.02857589907355136,-0.4702601054583111,-0.23596254147484852,0.8503982080384863,0.5158955413827766,0.0,0.0,0.0,1.0
000418,-0.08135523411540807,0.9708715797771962,0.2253657060489875,0.1173372244096971,-0.8768169778904243,0.037793257680824366,-0.4793366843430345,-0.029018942073551362,-0.4738916681744154,-0.23660102547284595,0.8482020051733357,0.5225211013827766,0.0,0.0,0.0,1.0
000419,-0.08047281569953685,0.9707021066590059,0.22641012800039748,0.11317456440969709,-0.8749370477637678,0.04002493012070746,-0.48257970058763844,-0.02987661807355136,-0.4775031815431292,-0.23692915628221126,0.8460823166333101,0.5296390813827766,0.0,0.0,0.0,1.0
000420,-0.07933883373253492,0.9706677768896345,0.22695686015209132,0.10854780440969708,-0.8731165960572563,0.04219447426315254,-0.4856820318181906,-0.03047657207355136,-0.4810122234947371,-0.2366932471571399,0.844158484882346,0.5362267413827766,0.0,0.0,0.0,1.0
000421,-0.07808010147173244,0.9707466979477791,0.22705582172154684,0.10374567440969709,-0.8713234256752372,0.04422566705580222,-0.48871216297841225,-0.03100121907355136,-0.4844574136327494,-0.23599775167774842,0.8423811937474119,0.5425755313827766,0.0,0.0,0.0,1.0
000422,-0.07451400036403028,0.9709750561832335,0.22727759242766446,0.0937455944096971,-0.8683032175657319,0.04890683243989896,-0.4936169001418941,-0.03211881407355136,-0.49040512447847273,-0.2341272346623987,0.839456521729739,0.5548603513827766,0.0,0.0,0.0,1.0
000423,-0.07227594752426064,0.9709162276343728,0.22824957026401843,0.0885965644096971,-0.8674946437631512,0.05173187266756307,-0.49474928639923305,-0.03274680707355136,-0.4921678884808654,-0.23376375310673342,0.8385256569012904,0.5608113813827766,0.0,0.0,0.0,1.0
000424,-0.07014494047670417,0.9706363901751125,0.23009712165376278,0.08331668440969708,-0.8671720720915168,0.05467539009267841,-0.4949981809084947,-0.03374072007355136,-0.49304389734589055,-0.23425541570269046,0.8378735677319906,0.5683032213827766,0.0,0.0,0.0,1.0
000425,-0.06843926153770347,0.9700889857416763,0.23290218380869562,0.07806697440969709,-0.8672468061770717,0.05754736032480273,-0.49454148308844204,-0.034549089073551364,-0.49315215162852355,-0.2358297289620902,0.83736807574795,0.5746505813827766,0.0,0.0,0.0,1.0
000426,-0.06719895040126056,0.9692604296499362,0.2366823199560747,0.07281008440969708,-0.8675231851871109,0.060413865450337056,-0.49371417644641113,-0.03532338707355136,-0.49283650861901285,-0.23850447454119048,0.8367961468577947,0.5806404813827766,0.0,0.0,0.0,1.0
000427,-0.06645693151076454,0.9682317457787997,0.24106174047391155,0.06753170440969708,-0.867910128832492,0.06309634168896444,-0.4926975339246553,-0.03609140407355136,-0.4922555073578568,-0.2419630924988507,0.8361449499603832,0.5865275213827766,0.0,0.0,0.0,1.0
000428,-0.06678650971915107,0.9659493134738216,0.24996296909539698,0.056926564409697095,-0.8685568191404308,0.06701527453178469,-0.49103768175577583,-0.03759390707355136,-0.49106884857847666,-0.24990173424544732,0.8345061468778567,0.5983572813827766,0.0,0.0,0.0,1.0
000429,-0.0680312686060191,0.9647986263600672,0.2540381016020683,0.05126845440969709,-0.868496633043381,0.06804369825617723,-0.4910027021513556,-0.03840502907355136,-0.4910044245056925,-0.2540347726224687,0.8332952594455845,0.6062171813827766,0.0,0.0,0.0,1.0
000430,-0.06981839233134907,0.9635958140438037,0.2580862244474225,0.045828564409697084,-0.8682343673632005,0.06869935892144102,-0.49137509238178356,-0.03921542107355136,-0.491217340310467,-0.2583863487900291,0.8318305232060605,0.6129927813827766,0.0,0.0,0.0,1.0
000431,-0.07210228721844059,0.9622521074602534,0.262435024084383,0.040460074409697094,-0.8679404289046836,0.06910340527401149,-0.4918375049264644,-0.04005003107355136,-0.4914068294708811,-0.26324057640841947,0.8301949932886489,0.6194696813827766,0.0,0.0,0.0,1.0
000432,-0.0747479659996862,0.9607170826843188,0.26727407023024496,0.03510392440969709,-0.8678360861604473,0.06935062904829875,-0.49198680653887694,-0.04090997407355136,-0.49119575439597074,-0.26872509612825046,0.8285611344820829,0.6258560313827766,0.0,0.0,0.0,1.0
000433,-0.08133909924279731,0.9572497985935016,0.27759101935594177,0.02441916040969709,-0.8687926451500911,0.06839602229166108,-0.49042973387406485,-0.04256777607355136,-0.48844988552304713,-0.2810601487713601,0.8260883137444464,0.6384553813827766,0.0,0.0,0.0,1.0
000434,-0.0852278508661008,0.9552377662918936,0.283296705392808,0.01917305440969709,-0.8695758601878152,0.06748789469698913,-0.4891658281687199,-0.043454079073551366,-0.486388771267766,-0.2880385285322814,0.8248998540826584,0.6454627413827766,0.0,0.0,0.0,1.0
000435,-0.08935028986085158,0.953080111485783,0.2892314415689091,0.013885754409697096,-0.8704689210058896,0.06640403475581724,-0.48772365303621534,-0.04424815107355136,-0.48404584830842645,-0.29534523063424556,0.8236933965238402,0.6520777313827766,0.0,0.0,0.0,1.0
000436,-0.09358032845790631,0.9508134838273332,0.29529043516145326,0.00861938440969709,-0.8712267295189888,0.06534679416532563,-0.4865118521310263,-0.04499784707355137,-0.48187831233347433,-0.3027928590050377,0.822258947435781,0.6586149813827766,0.0,0.0,0.0,1.0
000437,-0.09803670882296972,0.9484214035148884,0.30147246155828217,0.0034118984096970922,-0.871740029504863,0.06428843585716681,-0.4857327639493756,-0.045690400073551365,-0.48006054272562454,-0.3104252540788017,0.820474275616299,0.6651525813827766,0.0,0.0,0.0,1.0
000438,-0.10785858583013797,0.9434238723794693,0.31355688875744625,-0.006963945590302917,-0.8734189866152312,0.06073074218052388,-0.48316772530274127,-0.04658384007355136,-0.47487450898394756,-0.3259803275946717,0.8174539905942872,0.6780269813827766,0.0,0.0,0.0,1.0
000439,-0.11335789739371549,0.9402694084472437,0.3210037797857627,-0.01185394259030291,-0.8745107026760451,0.05892240308834634,-0.4814137319596776,-0.04720447007355136,-0.47157291907352544,-0.33529328945352455,0.8155963413625085,0.6853309813827766,0.0,0.0,0.0,1.0
000440,-0.1196438782344042,0.9365796911426878,0.3293991872183337,-0.01683396559030291,-0.8750298113512867,0.05727225220191717,-0.4806690320524634,-0.04758068007355136,-0.46905028690702577,-0.34574321579285955,0.8126828760873759,0.6922249113827766,0.0,0.0,0.0,1.0
000441,-0.12694988198367885,0.9326992806844356,0.3375733687290307,-0.021716570590302908,-0.8746682224564757,0.05524195678013427,-0.48156393847123863,-0.047787608073551355,-0.4678025524611416,-0.35639918353138506,0.8087894620289033,0.6990635813827766,0.0,0.0,0.0,1.0
000442,-0.14360765037788958,0.925384809028284,0.35077029231767654,-0.03109922859030291,-0.8716770159706974,0.049542275171849004,-0.48757024396410564,-0.04773356907355136,-0.46856805544270996,-0.3757772188285011,0.7995220192265841,0.7125875313827766,0.0,0.0,0.0,1.0
000443,-0.15156378368454915,0.9220456715140344,0.3561743942473364,-0.03579233559030291,-0.8701884794862154,0.046443964286645434,-0.4905251964484696,-0.047491202073551356,-0.46882878500012354,-0.3842847093283501,0.7953142979550498,0.7190920813827766,0.0,0.0,0.0,1.0
000444,-0.15875384351295824,0.9186748387287198,0.36170949373305694,-0.03994331359030291,-0.8695623450787084,0.0434131681500885,-0.4919111961039207,-0.047778750073551354,-0.4676093938225375,-0.3926217486563032,0.7919530398268486,0.7260907813827766,0.0,0.0,0.0,1.0
000445,-0.1649944885923439,0.9150791297766655,0.3679769082175286,-0.04460520859030291,-0.8697907389947238,0.04090550047556407,-0.4917222899054465,-0.04743187407355136,-0.4650170847325539,-0.4011943746839232,0.7891781703955151,0.7325340413827766,0.0,0.0,0.0,1.0
000446,-0.17033623761653877,0.9109980485894676,0.37559036412137137,-0.049452395590302914,-0.8702201302368678,0.03974366709452104,-0.4910573956844648,-0.046896654073551355,-0.4622796676095232,-0.41049116481608006,0.7859990537670938,0.7389181213827766,0.0,0.0,0.0,1.0
000447,-0.17983394921557533,0.9011918122504073,0.3943514526946192,-0.05893932059030291,-0.8686931697735877,0.042607706141694845,-0.4935147010637673,-0.045999594073551364,-0.46155381863683737,-0.4313211111343492,0.7751968598953326,0.7523030813827766,0.0,0.0,0.0,1.0
000448,-0.18481135402743953,0.8961947298977532,0.40333580243518946,-0.06339151259030291,-0.866013034868386,0.04551493401732354,-0.49794559363393,-0.045641651073551365,-0.464614019225198,-0.4413200617294578,0.7677046412875954,0.7591957813827767,0.0,0.0,0.0,1.0
000449,-0.19005611642168035,0.8917561688134056,0.41066970669133357,-0.0660221525903029,-0.862908865173838,0.047776753361579105,-0.503096086491066,-0.04535835407355136,-0.4682595039239545,-0.4499870189477293,0.7604240394434072,0.7654401813827766,0.0,0.0,0.0,1.0
000450,-0.1951667505919495,0.8880953287785545,0.4161689878704215,-0.0695938673903029,-0.8603268019049324,0.04871224904762067,-0.50741000257854,-0.044771371073551364,-0.47090098044855583,-0.4570708958076787,0.7545452026341133,0.7714870813827766,0.0,0.0,0.0,1.0
000451,-0.19994898703013864,0.8849561255720633,0.42056278770012895,-0.07340940979030292,-0.8587776609408835,0.04836484512274292,-0.5100605560373768,-0.04399871607355137,-0.47172166756947503,-0.4631560186035969,0.7503100497639213,0.7771040813827766,0.0,0.0,0.0,1.0
000452,-0.20425625308199746,0.8819651498143202,0.42475505599098756,-0.07726761519030291,-0.8584273671598344,0.04717774279094239,-0.5107609185286074,-0.043159092073551356,-0.4705123148100781,-0.46894747584154417,0.7474666725104915,0.7822798813827766,0.0,0.0,0.0,1.0
000453,-0.211398593035178,0.8752957633987714,0.43493443349418753,-0.08492579859030291,-0.8602757619205151,0.04459212682147723,-0.5078751378809706,-0.041747900073551364,-0.46393560794018046,-0.4815276407452639,0.7435690168931703,0.7918886513827766,0.0,0.0,0.0,1.0
000454,-0.2143423915985333,0.8712258147614647,0.44161399304940896,-0.08687305259030291,-0.861387418837184,0.044558580121884406,-0.5059903631557973,-0.042167324073551365,-0.46050955889409617,-0.48885592215983636,0.7409121631721409,0.7973410413827766,0.0,0.0,0.0,1.0
000455,-0.21710554194346532,0.8668771943644757,0.4487639842369363,-0.08994761659030291,-0.8620257624298044,0.04544567231657903,-0.5048230143079934,-0.04228745407355136,-0.4580139392690451,-0.4964459897697525,0.737403967087771,0.8026801313827766,0.0,0.0,0.0,1.0
000456,-0.22021213800787237,0.8623455135567606,0.4559241488696651,-0.09324052759030291,-0.8619177739834782,0.04682888225310905,-0.5048809826863062,-0.04242839407355137,-0.45673226858343124,-0.5041500481359208,0.7329586371680064,0.8081773413827766,0.0,0.0,0.0,1.0
000457,-0.2241138225392872,0.8578645524502145,0.4624298911145587,-0.09643850259030291,-0.8610863525998412,0.04790862553654707,-0.5061966583902953,-0.04260413407355136,-0.4564025502920983,-0.5116377363414397,0.7279584732924513,0.8138324813827766,0.0,0.0,0.0,1.0
000458,-0.23371403814001912,0.8496873211076438,0.47266182913918653,-0.10238379859030292,-0.8584528093354774,0.04793657946839702,-0.510647489461073,-0.04289881407355137,-0.4565484886847314,-0.5251033619181903,0.7182130162994136,0.8253145113827766,0.0,0.0,0.0,1.0
000459,-0.23857112495411487,0.8459707535739563,0.4768829022261553,-0.10474190559030291,-0.8571834441974598,0.04735436390056147,-0.5128295108643356,-0.04332241607355136,-0.4564212542508386,-0.5311224419256692,0.7138547403716009,0.8320309413827766,0.0,0.0,0.0,1.0
000460,-0.24298371758397663,0.8427132470473374,0.48040950889840195,-0.10741148359030292,-0.8560923649078577,0.04658683259917884,-0.514718884222104,-0.04352127407355136,-0.4561411796094953,-0.5363432205960186,0.7101205348285239,0.8380814113827766,0.0,0.0,0.0,1.0
000461,-0.2468377499011129,0.8396324452313166,0.4838269134087476,-0.11014885259030291,-0.8551665129876849,0.0461057657997051,-0.5162988412000425,-0.04368843407355136,-0.45580846886410487,-0.5411946186677238,0.7066449068923213,0.8439614813827766,0.0,0.0,0.0,1.0
000462,-0.251580237413927,0.8339110442961336,0.49122271358690656,-0.11578737059030292,-0.8538204933440418,0.04776472571850132,-0.5183715811295729,-0.04425385007355136,-0.45573890473437667,-0.5498280651057822,0.6999936782096983,0.8558313213827766,0.0,0.0,0.0,1.0
000463,-0.25220896392685743,0.8312961526549235,0.49531539961529836,-0.11870453359030292,-0.8535035345733589,0.05009722120025023,-0.5186732930263481,-0.04467390407355136,-0.45598503811608104,-0.5535674981509796,0.6968792363136822,0.8618959113827767,0.0,0.0,0.0,1.0
000464,-0.25203480526551464,0.8286412740794125,0.49983206762553983,-0.12211922559030292,-0.8534936717339601,0.053096981501949025,-0.5183910327787944,-0.045121157073551355,-0.4560997799219569,-0.5572560896458916,0.6938577961713142,0.8684967813827766,0.0,0.0,0.0,1.0
000465,-0.2516405884048713,0.8259695093058378,0.504431743612874,-0.1251811055903029,-0.8537097742739163,0.05608717922748124,-0.5177198563272263,-0.045639278073551365,-0.45591296930053393,-0.5609176392514132,0.691024432563851,0.8748101813827766,0.0,0.0,0.0,1.0
000466,-0.25158740931271745,0.8199269303304837,0.5142213573881832,-0.1307159795903029,-0.8547982998613355,0.06093023210928111,-0.5153711025749113,-0.04679785807355136,-0.45389827277649547,-0.5692164225792677,0.6855428668118246,0.8873563813827766,0.0,0.0,0.0,1.0
000467,-0.2523757862654105,0.8164517146727713,0.5193390608406105,-0.13319232859030292,-0.8554943268374332,0.06252243729052726,-0.5140237364015587,-0.04742501407355136,-0.45214590483148565,-0.5740187648876505,0.6826906607688241,0.8937427313827766,0.0,0.0,0.0,1.0
000468,-0.2536516672734198,0.812826780175675,0.5243791158300065,-0.13552029959030293,-0.8560965998510657,0.06371551662729863,-0.5128732247489248,-0.048111194073551355,-0.4502881781846587,-0.5790103266524368,0.6796966957525833,0.9002659813827766,0.0,0.0,0.0,1.0
000469,-0.25540128776678384,0.8089900940438409,0.5294385799561703,-0.1373101055903029,-0.8566466683033439,0.06453154001271044,-0.5118517031605626,-0.04921061407355136,-0.4482484443830778,-0.584269379723536,0.6765372303322452,0.9070411813827766,0.0,0.0,0.0,1.0
000470,-0.25947470926416805,0.8015865943544124,0.5386388465415114,-0.14110975559030292,-0.8575496196206726,0.06527574413833936,-0.510242811919605,-0.05091911707355136,-0.44416384943026915,-0.5943046432415622,0.670462874349359,0.9209186413827766,0.0,0.0,0.0,1.0
000471,-0.2617870672549883,0.7978713136226316,0.5430183222655831,-0.1428050955903029,-0.8579941458138749,0.06524310514891735,-0.5094991491451645,-0.05171232407355136,-0.4419429569154276,-0.5992868295971668,0.6674891150455002,0.9280913413827766,0.0,0.0,0.0,1.0
000472,-0.2641457518571313,0.7943565518444385,0.5470143419670507,-0.1443668055903029,-0.8585223135365588,0.0647975615046944,-0.5086656202092692,-0.05248002107355136,-0.4395070635788076,-0.6039858810972818,0.6648568240602444,0.9353859813827766,0.0,0.0,0.0,1.0
000473,-0.2665148804340475,0.7912861841123653,0.5503053637210134,-0.14585117559030292,-0.8592392896197409,0.06361385869988623,-0.5076033098346319,-0.05320373407355136,-0.4366665337313907,-0.6081278252260806,0.6629501387772759,0.9427549213827766,0.0,0.0,0.0,1.0
000474,-0.27139180036089294,0.7866139789376684,0.5546034068023045,-0.1478155015903029,-0.8607959960308041,0.05939838057555202,-0.5054721412722343,-0.054967591073551356,-0.4305539965140365,-0.6145813864126142,0.6609939300484837,0.9575340813827766,0.0,0.0,0.0,1.0
000475,-0.2739628588699136,0.7844495390998774,0.5564020781465624,-0.14906806559030292,-0.8614679104575518,0.05704513108777559,-0.5045977529389895,-0.05573306007355136,-0.42757150420920553,-0.6175635786096586,0.6601498581103451,0.9653351213827766,0.0,0.0,0.0,1.0
000476,-0.27661271527428766,0.7822497480851678,0.5581852177989645,-0.15028558559030292,-0.8620416617091593,0.054718954649115026,-0.5038749939020785,-0.056510886073551356,-0.4246993986648642,-0.6205571429149773,0.659195914088447,0.9733452113827766,0.0,0.0,0.0,1.0
000477,-0.27934995780097727,0.7798378456562913,0.5601933019581244,-0.15145443959030291,-0.8625245771655408,0.052558227184913986,-0.5032782396851504,-0.05733243407355136,-0.42191818503354056,-0.6237712459205963,0.6579471695361792,0.9815358413827766,0.0,0.0,0.0,1.0
000478,-0.2856490453555472,0.7740646447128429,0.5650031404275953,-0.15305704559030292,-0.8631802769909179,0.04830661750384185,-0.5025796256507218,-0.05942260407355136,-0.4163225099623448,-0.6312609575373072,0.6543585952577802,0.9979007213827766,0.0,0.0,0.0,1.0
000479,-0.28942114158312787,0.7707577174925369,0.5675984000421548,-0.1538335155903029,-0.8633573994764634,0.045859960130845756,-0.5025045918457223,-0.06039637907355136,-0.41333933223679276,-0.6354757312301487,0.6521665365867451,1.0063066413827766,0.0,0.0,0.0,1.0
000480,-0.29321645288333803,0.7674775598367105,0.5700897358360365,-0.1430703734895784,-0.8636194662557783,0.043160646611508924,-0.502293316786279,-0.03887009962970952,-0.4101042907146888,-0.6396212580356949,0.6501531488858892,0.8736731061963415,0.0,0.0,0.0,1.0
000481,-0.2967832503143456,0.7644114372079055,0.5723590280572124,-0.1440946344895784,-0.8637548400283409,0.040720889901477264,-0.5022642585863013,-0.03966251362970952,-0.40724351272975196,-0.6434414998983016,0.6481788006006955,0.8824933461963416,0.0,0.0,0.0,1.0
000482,-0.3040822454125101,0.7583152029032936,0.5766212284252319,-0.1463201794895784,-0.8623422916779697,0.038119511531410966,-0.504888774706068,-0.041233378629709515,-0.40484535320103904,-0.6507725838465723,0.6423358032253712,0.9010475061963414,0.0,0.0,0.0,1.0
000483,-0.30854748858444303,0.7550623662527458,0.5785147105796339,-0.14735631948957842,-0.8602692424223792,0.03800409039443026,-0.5084215963699004,-0.04224000362970952,-0.40587593896443136,-0.6545506185025698,0.637830863150761,0.9098950061963416,0.0,0.0,0.0,1.0
000484,-0.3140369984023655,0.7515177282097446,0.5801739978841669,-0.1482905994895784,-0.8574948643498462,0.037794946721872835,-0.5131024260475971,-0.04300713162970952,-0.4075332149016467,-0.6586293693639507,0.6325535807844053,0.9193652061963415,0.0,0.0,0.0,1.0
000485,-0.32020235706288175,0.7479161128935612,0.5814567383783258,-0.1491421794895784,-0.8545956239491672,0.03682667621526353,-0.517986597747345,-0.04353720362970952,-0.40882364175559677,-0.6627709136595556,0.6273738486329898,0.9288953061963414,0.0,0.0,0.0,1.0
000486,-0.3323037160332401,0.7406513640984285,0.5839604414424296,-0.1508157394895784,-0.8495371914075271,0.03390865032268592,-0.5264378062494226,-0.04410138362970952,-0.4097081897227717,-0.6710333525931713,0.6179429091604323,0.9476023061963414,0.0,0.0,0.0,1.0
000487,-0.3377325173422989,0.7369745287687391,0.5854957648657495,-0.15165367948957842,-0.8470915853469959,0.03319255365744589,-0.530409370595968,-0.04432645762970952,-0.41033229554100065,-0.6751050276274002,0.6130747172313179,0.9568404061963416,0.0,0.0,0.0,1.0
000488,-0.3425977512052199,0.7336700166338044,0.5868177635021623,-0.1523161094895784,-0.84459096566403,0.03303363974028295,-0.5343920652144927,-0.045204933629709516,-0.41145216196761886,-0.6787025013494961,0.6083338171383453,0.9648278061963416,0.0,0.0,0.0,1.0
000489,-0.35080690980844464,0.72849400189421,0.5884139709718054,-0.1541235034895784,-0.8402960324099021,0.032453057270302066,-0.5411555940669811,-0.04576570362970952,-0.41332443666788754,-0.6842830469023541,0.6007658626912853,0.9819553061963415,0.0,0.0,0.0,1.0
000490,-0.353456613860279,0.726790203352985,0.5889349899849322,-0.15531319948957842,-0.8392014652192322,0.03179177565686381,-0.5428905817699152,-0.04577897862970952,-0.41329084540105543,-0.6861233732432601,0.5986863901885282,0.9903425061963416,0.0,0.0,0.0,1.0
000491,-0.35503685598480017,0.7255874307752797,0.5894673113866092,-0.15675930948957842,-0.8389259617056206,0.030935817239481467,-0.5433656282725526,-0.04567696862970952,-0.4124949232035816,-0.68743425541113,0.5977307778746357,0.9985346061963416,0.0,0.0,0.0,1.0
000492,-0.35589093115737186,0.7246174724086919,0.5901450362410731,-0.1584217134895784,-0.8393075498391481,0.02987731327521237,-0.5428353184295036,-0.045466983629709516,-0.41097990450014044,-0.6885033513582148,0.5975438504959798,1.0065803061963414,0.0,0.0,0.0,1.0
000493,-0.3569705633980834,0.722451163225318,0.5921455341566292,-0.1620754694895784,-0.8403586632072991,0.02842560109456338,-0.5412848625029653,-0.045337303629709516,-0.40788397129538706,-0.6908373918345746,0.596970990922931,1.0215607061963414,0.0,0.0,0.0,1.0
000494,-0.35816256105592553,0.7203742158469093,0.5939533390770781,-0.16398480948957841,-0.8398067839406311,0.029412049933438877,-0.5420880896736312,-0.04534938862970952,-0.40797566778565897,-0.6929617020165423,0.5944408583140819,1.0295834061963416,0.0,0.0,0.0,1.0
000495,-0.3602398970695226,0.7172189640207308,0.5965099950615829,-0.16582149948957842,-0.838270730176414,0.0316801284776797,-0.5443331263014769,-0.04550336662970952,-0.4093035542098818,-0.6961273785081775,0.5898112184440805,1.0378669061963415,0.0,0.0,0.0,1.0
000496,-0.36574951011191303,0.7087849145781824,0.6032008295081281,-0.1694185594895784,-0.8342715650816952,0.03762407355030983,-0.550068527354201,-0.045959483629709516,-0.4125751465479157,-0.7044205945001034,0.5775581135219956,1.0543219061963416,0.0,0.0,0.0,1.0
000497,-0.36772500644165146,0.7044296400290123,0.6070891218643965,-0.1713501844895784,-0.8331590253396507,0.040414960204448014,-0.5515547746931002,-0.04629284362970952,-0.41306701409404634,-0.7086222641437887,0.572040320805413,1.0618399061963415,0.0,0.0,0.0,1.0
000498,-0.3687642835737011,0.700302005690547,0.611220094553649,-0.1734511894895784,-0.8327713128039197,0.04320103778356715,-0.5519289908178938,-0.04663946062970952,-0.41292232166741827,-0.7125382594360948,0.5672604208902374,1.0689849061963415,0.0,0.0,0.0,1.0
000499,-0.369337564359062,0.6963162853405209,0.6154131899162499,-0.1756727894895784,-0.8326825689288133,0.04604825909648791,-0.5518326714107233,-0.04682760662970952,-0.4125887819069106,-0.7162563707247296,0.5628030814066416,1.0763090061963416,0.0,0.0,0.0,1.0
000500,-0.37120130486309477,0.6882029786780961,0.623366867427626,-0.1801352694895784,-0.8320274429624153,0.0515235073557081,-0.5523365480820467,-0.04730675662970952,-0.412237705002054,-0.7236863881049319,0.5534781714270918,1.0910205061963416,0.0,0.0,0.0,1.0
000501,-0.3729970138141576,0.6839754610166565,0.6269376335910722,-0.1823302394895784,-0.8310872235800105,0.054122365207329604,-0.5535023002539685,-0.04769444062970952,-0.412513338557423,-0.7274945623930236,0.5482557862902975,1.0983705061963416,0.0,0.0,0.0,1.0
000502,-0.3751573598686353,0.6797930224166413,0.6301891795405911,-0.1849696794895784,-0.8299695597235668,0.05641883202748607,-0.5549481465190447,-0.048129520629709516,-0.4128044152727343,-0.7312307173979375,0.5430415754479888,1.1054868061963414,0.0,0.0,0.0,1.0
000503,-0.3773057058668951,0.6756855684530463,0.6333162060965815,-0.1878592594895784,-0.8290464455284898,0.05831503334490257,-0.5561306933109874,-0.048572319629709516,-0.41270133932041075,-0.7348798333539072,0.5381721240020452,1.1124619061963414,0.0,0.0,0.0,1.0
000504,-0.3803779498454868,0.667090939722189,0.6405484317457274,-0.1933928394895784,-0.829344814472036,0.06045986618823043,-0.5554563738844349,-0.049365983629709516,-0.4092673868996749,-0.7425188770132836,0.5302508116912635,1.1262897061963415,0.0,0.0,0.0,1.0
000505,-0.38113703526411113,0.6623742473526517,0.6449766792637485,-0.1963778694895784,-0.830676296142075,0.06089949437436981,-0.5534149822805937,-0.049716793629709516,-0.4058465860122117,-0.7466937846459917,0.5270075337158646,1.1330205061963414,0.0,0.0,0.0,1.0
000506,-0.38168221998176954,0.6571757103254305,0.6499528972995305,-0.1995000494895784,-0.8325244705209178,0.06104022815249263,-0.550615198238259,-0.05006773362970952,-0.40152420715774256,-0.7512617229071088,0.5238168904884499,1.1396731061963414,0.0,0.0,0.0,1.0
000507,-0.3841553366675516,0.6452382908745381,0.6603727926702806,-0.2054971094895784,-0.836146771076211,0.060167286967308914,-0.5451958132614557,-0.05100730362970952,-0.3915140540627714,-0.7616084594910292,0.5164003291081782,1.1519960061963415,0.0,0.0,0.0,1.0
000508,-0.38665120725482566,0.6383378487121631,0.6656017088544118,-0.2085755694895784,-0.8374189978040294,0.059303107849804415,-0.5433346699008351,-0.05142892362970952,-0.3863033342404397,-0.767468522026071,0.5116266232848299,1.1585887061963416,0.0,0.0,0.0,1.0
000509,-0.38984010813175246,0.6310026346966219,0.6707163074637034,-0.2116397094895784,-0.8384666223844334,0.05795261152498102,-0.5418627298169478,-0.051797723629709524,-0.38078657176831154,-0.7736130620816559,0.5064823954863389,1.1652277061963414,0.0,0.0,0.0,1.0
000510,-0.39337916762427844,0.6233352991662157,0.6758002184762848,-0.2147083294895784,-0.839676605049691,0.055774521859555753,-0.5402151438487848,-0.05202964362970952,-0.3744276023632005,-0.7799630167672711,0.5014595328277673,1.1718667061963415,0.0,0.0,0.0,1.0
000511,-0.4019679074168545,0.6067419495744545,0.6857740211130089,-0.2206305494895784,-0.841526924522321,0.05040461972543214,-0.53785854052375,-0.052319239629709524,-0.36090751822443246,-0.7932991749251507,0.49032864728889347,1.1850912061963415,0.0,0.0,0.0,1.0
000512,-0.40854533373250373,0.5983289260483944,0.6892700534182319,-0.2233523394895784,-0.8405083928531127,0.047805126714761614,-0.5396853818691618,-0.05253613362970952,-0.3558600171821423,-0.7998232092866278,0.483369922582658,1.1917132061963416,0.0,0.0,0.0,1.0
000513,-0.4168304192411776,0.5901324088839176,0.6913726502980058,-0.2260228094895784,-0.8383021203035791,0.044487805507667816,-0.5433878819550867,-0.05266962362970952,-0.35142845173626375,-0.8060797573106376,0.47616537900636574,1.1983651061963416,0.0,0.0,0.0,1.0
000514,-0.43214273772671324,0.574725010690667,0.6949415920181166,-0.2317185694895784,-0.835301194283073,0.0353456328207378,-0.5486552661460325,-0.05239557362970952,-0.33988905404460046,-0.8175829305502377,0.4647941292804291,1.2110788061963416,0.0,0.0,0.0,1.0
000515,-0.4375174807202335,0.5669032191742828,0.6979965574084555,-0.2348257694895784,-0.8352029874025927,0.03142405289519967,-0.5490432576158497,-0.05213339962970952,-0.3331882709490308,-0.823184832822784,0.4597306897657806,1.2172828061963414,0.0,0.0,0.0,1.0
000516,-0.4417221908776092,0.5590197584247215,0.701696811861826,-0.2378183094895784,-0.8353675863871831,0.028945987413807023,-0.5489290713983837,-0.05210837362970952,-0.3271735039698921,-0.8286489241551005,0.4542009013604633,1.2236576061963416,0.0,0.0,0.0,1.0
000517,-0.4488366760469259,0.5437388219775043,0.7091500064934518,-0.2437252694895784,-0.8350313432922649,0.027401311307219095,-0.5495196300935579,-0.05190548362970952,-0.31822679641202856,-0.8388070467116742,0.44174024542956986,1.2365495061963416,0.0,0.0,0.0,1.0
000518,-0.4518431063910814,0.5365911514416484,0.7126764647449666,-0.2466141294895784,-0.8346056376371105,0.027883903240100316,-0.550141724980435,-0.05160771362970952,-0.31507338324779166,-0.8433815412579424,0.4352428506410731,1.2428410061963415,0.0,0.0,0.0,1.0
000519,-0.45449333059283936,0.5300602034879971,0.7158714920465064,-0.2494059794895784,-0.8340211449158084,0.028990814382874014,-0.5509702918622219,-0.051241793629709514,-0.31280112256824183,-0.8474642844153852,0.42890528600189454,1.2489618061963415,0.0,0.0,0.0,1.0
000520,-0.45995494685144256,0.5199435895229565,0.719791713331621,-0.2545227094895784,-0.8321396779609589,0.03043366160779426,-0.5537303934264166,-0.05034439962970952,-0.3098144658177189,-0.8536582782092177,0.41866757793619014,1.2603431061963415,0.0,0.0,0.0,1.0
000521,-0.46253536722955024,0.516404967865734,0.7206850513403309,-0.2569187294895784,-0.8313342043721345,0.029891226677774885,-0.5549684272178445,-0.04974801762970952,-0.30813061305682554,-0.8558226590429164,0.41547936358613136,1.2655344061963416,0.0,0.0,0.0,1.0
000522,-0.46461880229766483,0.5103659632370611,0.7236407617876363,-0.2620694294895784,-0.831945872313783,0.02832438346085997,-0.5541333727918044,-0.04785382362970952,-0.3033074909914725,-0.859490728786919,0.41143681536511634,1.2751947061963416,0.0,0.0,0.0,1.0
000523,-0.464213357679807,0.5073603445866531,0.7260106330437265,-0.2646515894895784,-0.8331724135506301,0.028005029914419693,-0.5523037638815352,-0.04684707862970952,-0.3005489774560176,-0.8612788160871051,0.40971833387064494,1.2797545061963416,0.0,0.0,0.0,1.0
000524,-0.4635238676078679,0.504351766479634,0.7285430116381023,-0.2671200194895784,-0.8343741855202049,0.028330694245953802,-0.5504698813750274,-0.04593829362970952,-0.29827058637307513,-0.8630334103685758,0.4076861414032208,1.2842505061963416,0.0,0.0,0.0,1.0
000525,-0.4632024283940892,0.49827545432022813,0.7329154671254995,-0.2707242594895784,-0.8350967428001277,0.03150558738183623,-0.5492001712748669,-0.044888493629709515,-0.29674389714775307,-0.8664461723533066,0.40151474433682754,1.2928938061963415,0.0,0.0,0.0,1.0
000526,-0.46346498229661187,0.49534972766172075,0.7347304658786518,-0.27243701948957844,-0.8349790211788479,0.03346506379523265,-0.5492632553670365,-0.04440923362970952,-0.29666520587358175,-0.8680488101544983,0.39809674554477986,1.2971367061963415,0.0,0.0,0.0,1.0
000527,-0.46334292271752076,0.49282106481138044,0.7365057596826807,-0.27415459948957843,-0.8352399700292863,0.03485446564824077,-0.5487798818195257,-0.04390327362970952,-0.2961208004059536,-0.8694323230145937,0.395474281419645,1.3011341061963415,0.0,0.0,0.0,1.0
000528,-0.4615406676156949,0.4885582446363579,0.740466780979876,-0.2774913694895784,-0.8371658525819541,0.03627017999249951,-0.5457451871652572,-0.04302091362970952,-0.2934851740848055,-0.8717771020399381,0.39226411631865976,1.3083885061963416,0.0,0.0,0.0,1.0
000529,-0.4603634009037131,0.48677832636621166,0.7423694498620459,-0.2787965794895784,-0.8381536956075889,0.03721366758724387,-0.5441631423424844,-0.04301210062970952,-0.29251311363374444,-0.872732492763284,0.39086324261495353,1.3118017061963416,0.0,0.0,0.0,1.0
000530,-0.459403593389191,0.4852259019132861,0.7439786035186342,-0.27994220948957843,-0.8388096426286331,0.038487003735422604,-0.5430627348444141,-0.043185580629709515,-0.29214161260307275,-0.8735413983641003,0.3893310975632033,1.3152018061963415,0.0,0.0,0.0,1.0
000531,-0.4590179649065221,0.48296373536937576,0.7456866219875036,-0.28197099948957843,-0.8387495077747608,0.04115596640118274,-0.5429598968958766,-0.043601948629709515,-0.2929193935209329,-0.8746726340452433,0.3861942673728917,1.3219502061963415,0.0,0.0,0.0,1.0
000532,-0.45907157068118065,0.4825671218091939,0.745910360526722,-0.2828394394895784,-0.8384299949029469,0.04228121778690905,-0.5433667658860821,-0.04385238862970952,-0.29374893470335894,-0.8748378544457518,0.38518864441906286,1.3252304061963416,0.0,0.0,0.0,1.0
000533,-0.45911265734567697,0.48211808295890146,0.7461753962367188,-0.2838864994895784,-0.8374695936456188,0.045367307103251236,-0.5445975460514314,-0.045157517629709515,-0.29641229324039964,-0.8749308324263312,0.3829305301040049,1.3313550061963415,0.0,0.0,0.0,1.0
000534,-0.4589106162302079,0.4821251185702514,0.7462951268464988,-0.2842054894895784,-0.8372642529049529,0.046402004395767193,-0.5448260500339224,-0.04607000362970952,-0.2973039137292374,-0.8748726901850783,0.382371754774855,1.3339765061963416,0.0,0.0,0.0,1.0
000535,-0.4579329903704812,0.48234077988050295,0.7467561505569387,-0.28495191948957843,-0.8379248178865105,0.04639861300458201,-0.5438098640895633,-0.046501036629709516,-0.29695012359015305,-0.8747539887165531,0.3829178545383769,1.3362788061963415,0.0,0.0,0.0,1.0
000536,-0.45480479387547906,0.48266632595536246,0.7484556214343207,-0.2865922394895784,-0.8402885710274539,0.045879341140337204,-0.5401945977674789,-0.047166469629709516,-0.2950723925895521,-0.8746017973027957,0.3847128530296289,1.3402828061963414,0.0,0.0,0.0,1.0
000537,-0.45422728881112373,0.48257908042205244,0.7488624715114935,-0.2871645094895784,-0.8406022732914977,0.046246959243112146,-0.5396749363254997,-0.047694127629709517,-0.29506844669747756,-0.8746305791016985,0.38465044113294045,1.3422336061963416,0.0,0.0,0.0,1.0
000538,-0.4549816664934507,0.48267199732647387,0.748344456885808,-0.28744526948957844,-0.8398683754718901,0.046740728946294274,-0.5407739048250917,-0.048559706629709515,-0.2959945861617248,-0.8745530557115684,0.38411477153125434,1.3438974061963416,0.0,0.0,0.0,1.0
000539,-0.45932785871782533,0.4837843377887986,0.7449635109963111,-0.2878257194895784,-0.8362449723993178,0.04728006023744072,-0.5463139592219917,-0.05041876062970952,-0.29952005666158893,-0.873909211768704,0.38284517137250273,1.3471815061963415,0.0,0.0,0.0,1.0
000540,-0.46148445675435257,0.48534725256726896,0.7426103558391464,-0.2882007394895784,-0.834396341903957,0.04688637133476328,-0.549167017218217,-0.051267823629709525,-0.3013550079083387,-0.8730634069805367,0.383334640490659,1.3487022061963416,0.0,0.0,0.0,1.0
000541,-0.4640355922371341,0.4902068656075394,0.7378131186475094,-0.2894837394895784,-0.8313183635964516,0.046645476262933666,-0.5538356957541847,-0.053081913629709515,-0.3059097047895831,-0.8703570695154005,0.3858728081377517,1.3513872061963415,0.0,0.0,0.0,1.0
000542,-0.464509536146819,0.49299424091332655,0.7356545175929798,-0.2903525494895784,-0.8297010404641099,0.04810682498548072,-0.5561312047013632,-0.054521988629709514,-0.30955948423758617,-0.8687015666016201,0.3866917556690992,1.3526368061963416,0.0,0.0,0.0,1.0
000543,-0.4644627682772488,0.49598665700755573,0.7336699346127687,-0.29143505948957843,-0.8279802448135354,0.05072349814567334,-0.5584584504995733,-0.056116203629709524,-0.31420224550876996,-0.8668473699598653,0.3871079773279176,1.3538934061963415,0.0,0.0,0.0,1.0
000544,-0.4631827307182975,0.5036570376995302,0.7292402528248659,-0.2944270894895784,-0.8246469896566444,0.05651961540123049,-0.5628169111932676,-0.05907915862970951,-0.32468307688355835,-0.8620528530494115,0.38916035015761086,1.3562229061963416,0.0,0.0,0.0,1.0
000545,-0.4619625820892416,0.5085062002987792,0.72664435386724,-0.2963372394895784,-0.8234333030461873,0.058444074755143405,-0.5643951501921868,-0.060482818629709514,-0.32946649022910757,-0.8590726013461919,0.3917219644497872,1.3571493061963416,0.0,0.0,0.0,1.0
000546,-0.46072801375017686,0.5138323842472496,0.7236753265412629,-0.2984362994895784,-0.822285198671445,0.05974730599233086,-0.5659304828974323,-0.061884713629709515,-0.33403106051934583,-0.8558075369646176,0.39498950654780135,1.3579911061963414,0.0,0.0,0.0,1.0
000547,-0.4584801615309692,0.5272711232979124,0.7153887782308959,-0.30356984948957844,-0.8186889321062965,0.06259138510596601,-0.5708158643180552,-0.06527980362970952,-0.34575189649398635,-0.8473886245676621,0.4029741245094249,1.3588535061963416,0.0,0.0,0.0,1.0
000548,-0.4572711063689764,0.5349870908601009,0.710416742407679,-0.3064217494895784,-0.8161213525324991,0.06494780753319279,-0.5742192266348766,-0.06702921362970952,-0.3533398834275812,-0.842360133737155,0.4069156323732301,1.3597875061963416,0.0,0.0,0.0,1.0
000549,-0.4557139455003161,0.5429392363179759,0.7053664193474118,-0.30945403948957845,-0.8132850403072134,0.06811311944913934,-0.5778650760959709,-0.06886519862970952,-0.36179033028679736,-0.8370051305848496,0.4105242602887309,1.3608924061963414,0.0,0.0,0.0,1.0
000550,-0.45234768756070415,0.5588460495007905,0.6950342887339034,-0.3160376394895784,-0.8071248313771597,0.07499364272930054,-0.585598377836364,-0.07276482362970951,-0.3793824931818473,-0.8258735051492749,0.41713532259876485,1.3631457061963415,0.0,0.0,0.0,1.0
000551,-0.45078510289849466,0.5670583115025115,0.6893748344411148,-0.31958907948957843,-0.8036723013812211,0.07826483076362717,-0.5899029142648411,-0.07497820362970951,-0.38846315526366887,-0.8199509056165872,0.42044843843345786,1.3640040061963414,0.0,0.0,0.0,1.0
000552,-0.44781229436008735,0.5858820765598344,0.6754304859760855,-0.32720189948957845,-0.7957664906796201,0.08329583492707193,-0.5998478942158955,-0.07946797762970952,-0.4077006761478287,-0.806104209299107,0.42892442506677664,1.3656236061963416,0.0,0.0,0.0,1.0
000553,-0.44604176527953415,0.5971635327948994,0.6666651773763437,-0.3312634394895784,-0.7913261174985495,0.08487488943454624,-0.6054743833624548,-0.08165949962970952,-0.41815035500521613,-0.7976164292712308,0.4346933544070154,1.3664011061963415,0.0,0.0,0.0,1.0
000554,-0.4437493890364262,0.6090537842704238,0.6573735373405858,-0.33543023948957845,-0.7868142581016011,0.08634091651263665,-0.6111207486117495,-0.08382693362970951,-0.4289636382933005,-0.7884153309022054,0.44089847246337843,1.3671339061963415,0.0,0.0,0.0,1.0
000555,-0.4362789267460553,0.6339025190801999,0.6386143549757453,-0.3442235394895784,-0.7788397879758917,0.08940227327765038,-0.6208186677271043,-0.08812329362970951,-0.45063209244679703,-0.7682283708875671,0.4547041757235757,1.3682600061963415,0.0,0.0,0.0,1.0
000556,-0.43076011556642396,0.6474871264004719,0.6286542324544234,-0.34899513948957844,-0.7756748895619506,0.09041417228676435,-0.6246228807470591,-0.09008705962970952,-0.46127452622083587,-0.7566939266277737,0.4632926859603816,1.3685590061963415,0.0,0.0,0.0,1.0
000557,-0.42387418225351203,0.6618793498824824,0.6182607894877848,-0.3540000394895784,-0.7730364466713371,0.09132369852517536,-0.627753641331881,-0.09174339762970952,-0.47195903396022587,-0.7440266851980682,0.4729471027255639,1.3688063061963416,0.0,0.0,0.0,1.0
000558,-0.4155384415309661,0.6764224625541891,0.6080957619998205,-0.3591481094895784,-0.7711430149154922,0.09254548473701746,-0.6298998204491213,-0.09313615362970952,-0.4823549047714356,-0.7306763889759385,0.483162250632251,1.3689821061963414,0.0,0.0,0.0,1.0
000559,-0.39544329984401744,0.7054927671285514,0.5881365080810529,-0.36960673948957845,-0.7689694820466819,0.09588991963692295,-0.6320530507741279,-0.09517978362970952,-0.5023052182581148,-0.7022001700664308,0.5045833814835201,1.3690734061963414,0.0,0.0,0.0,1.0
000560,-0.3842646982764024,0.7205373216192233,0.5772058643260145,-0.3745599694895784,-0.7679291857688525,0.09758852267271084,-0.633057063689321,-0.09598067762970952,-0.5124699086804343,-0.6865147109832054,0.5158218144870509,1.3683627061963415,0.0,0.0,0.0,1.0
000561,-0.37220122849186715,0.7360611255482284,0.5654027458067566,-0.3796090394895784,-0.7669786839871403,0.09914428344537152,-0.6339669623643318,-0.09657769962970952,-0.522694885969338,-0.6696151361168434,0.5276415693107604,1.3674203061963415,0.0,0.0,0.0,1.0
000562,-0.34505461242690894,0.7680453878489425,0.5394845657170213,-0.39047675948957844,-0.7661588307277848,0.1015300630498843,-0.634580406563991,-0.09705153362970952,-0.5421604564524687,-0.632295760306088,0.5534113397448563,1.3654837061963416,0.0,0.0,0.0,1.0
000563,-0.33049775962101235,0.7837609801093816,0.5258231232491336,-0.3959702794895784,-0.7661629059607781,0.10254816087319066,-0.6344117560632546,-0.09706920362970951,-0.5511493739588459,-0.6125378361860664,0.5665966526774266,1.3641790061963415,0.0,0.0,0.0,1.0
000564,-0.3154261728573337,0.7992633347115189,0.5115510250819538,-0.4015099394895784,-0.7662574477862277,0.10347175151710558,-0.6341475540835261,-0.09700902362970952,-0.559781969331553,-0.5920065189031322,0.5798037843852724,1.3625865061963416,0.0,0.0,0.0,1.0
000565,-0.2998623711978229,0.8145479713341717,0.49658248130094645,-0.4066784894895784,-0.7664295653309063,0.10424991716966445,-0.6338120195742555,-0.09682819362970951,-0.5680389772949542,-0.5706518703776443,0.5930330202511485,1.3604851061963414,0.0,0.0,0.0,1.0
000566,-0.2836803092560596,0.829413199625462,0.48124757290550496,-0.41195019948957845,-0.7666833401410041,0.10525489992916387,-0.6333388208464207,-0.09666836362970951,-0.5759532429725692,-0.5486302491915248,0.6060385396832662,1.3581038061963415,0.0,0.0,0.0,1.0
000567,-0.24948042195955056,0.8575648517065899,0.4498244592908868,-0.4234922794895784,-0.7671005905881072,0.10849457920142525,-0.6322860193008244,-0.09670648362970952,-0.5910297818031349,-0.5028035912773097,0.6307712308122324,1.3528357061963416,0.0,0.0,0.0,1.0
000568,-0.23170569139207658,0.8707892343190236,0.4336341568310886,-0.4294704194895784,-0.7670889537391177,0.11057945377626083,-0.6319388589523278,-0.09691001362970952,-0.5982365833246459,-0.4790598019001732,0.6423509138900803,1.3498218061963416,0.0,0.0,0.0,1.0
000569,-0.213639673523985,0.8833104591274991,0.4172777524533654,-0.4355110794895784,-0.7669640647890931,0.11290661604300006,-0.6316788894493076,-0.09724871362970952,-0.6050819888401547,-0.4549887128816335,0.6533460476130222,1.3465244061963415,0.0,0.0,0.0,1.0
000570,-0.1952457187922198,0.8951410536179237,0.4007512987141811,-0.44132896948957845,-0.766970433761628,0.11531266216684,-0.6312363611829538,-0.09777143962970952,-0.6112572805528043,-0.4306105944723024,0.6640324185605706,1.3424102061963414,0.0,0.0,0.0,1.0
000571,-0.1768140802487505,0.9063182664141956,0.38382806175389994,-0.4471697194895784,-0.7671633435672947,0.1174014397498177,-0.6306166079571003,-0.09838533362970951,-0.6166013179619693,-0.40596071473559747,0.6745359240091853,1.3379486061963415,0.0,0.0,0.0,1.0
000572,-0.15868982195068826,0.9167976197701817,0.36646918668966993,-0.4531851994895784,-0.7672712176450822,0.11908777781453905,-0.6301690088766886,-0.09905920362970952,-0.6213794484714568,-0.38118266691826935,0.684534407797288,1.3335383061963415,0.0,0.0,0.0,1.0
000573,-0.12371192763850769,0.9356060013885917,0.33066110918221936,-0.46523567948957845,-0.766387937525204,0.12158803053058737,-0.6307661056584742,-0.10071094362970952,-0.6303529869651044,-0.33144797630600176,0.701995264105697,1.3243302061963416,0.0,0.0,0.0,1.0
000574,-0.10665315427458938,0.9439670760417814,0.3123319772812422,-0.4712421594895784,-0.7652523286442688,0.1226304512435587,-0.6319419640539194,-0.10169522362970952,-0.6348338193478705,-0.30641137670936913,0.709294078669253,1.3195175061963416,0.0,0.0,0.0,1.0
000575,-0.08956579744065829,0.9516635632559385,0.2937931760606926,-0.4772174394895784,-0.7636682962500376,0.12374156784069673,-0.6336392962016252,-0.10274017362970952,-0.6393658586688717,-0.2811129430661926,0.7156722797546933,1.3142932061963415,0.0,0.0,0.0,1.0
000576,-0.07228542272610727,0.9586766844761795,0.2751614658760695,-0.4832334794895784,-0.7617598348856701,0.12501740873641154,-0.6356827836805,-0.10387875362970952,-0.6438142368853491,-0.25555755155070725,0.7212444566366822,1.3089020061963414,0.0,0.0,0.0,1.0
000577,-0.054985010621880104,0.964940053293392,0.25664633673025167,-0.48929827948957844,-0.7595461143302156,0.1264217706177443,-0.6380495561629564,-0.10513191362970951,-0.6481252570397045,-0.23001788944345275,0.7259651656403334,1.3035410061963415,0.0,0.0,0.0,1.0
000578,-0.03782897060204582,0.9704872074243727,0.2381670615530887,-0.4953721694895784,-0.7570504061558374,0.12773650448138074,-0.6407480534205002,-0.10646839362970952,-0.6522604169520572,-0.2045433099578703,0.7298755940768313,1.2980743061963416,0.0,0.0,0.0,1.0
000579,-0.004045302334494072,0.9796561488627646,0.2006426313732938,-0.5075126594895784,-0.7515416213688813,0.129382335146488,-0.6468735600581268,-0.10927546362970952,-0.6596732728247034,-0.1534080876206296,0.7357289798379059,1.2866389061963415,0.0,0.0,0.0,1.0
000580,0.012555474764462615,0.9832678921619065,0.18173225442094815,-0.5133637394895784,-0.7486113204658507,0.12973088847230663,-0.6501930386020457,-0.11083151762970953,-0.6628902253946836,-0.12788334066510465,0.7377143080193838,1.2802664061963416,0.0,0.0,0.0,1.0
000581,0.02915839914981405,0.9861778742716077,0.16310422451964085,-0.5193709994895784,-0.7454059347147025,0.13016807082580023,-0.6537784531701779,-0.11239146362970952,-0.6659728074412057,-0.10251572384089547,0.7388983327320859,1.2740302061963416,0.0,0.0,0.0,1.0
000582,0.0458535700356158,0.9884198204598121,0.14465029774314958,-0.5254565094895784,-0.7419111961214561,0.13066074308680847,-0.6576439365535377,-0.11400038362970953,-0.6689284170855798,-0.07716235311468922,0.7393109928015306,1.2677168061963415,0.0,0.0,0.0,1.0
000583,0.06274230843188577,0.990016837509752,0.12621435805734477,-0.5315893594895784,-0.7384420232182285,0.13112447521501658,-0.6614451982930679,-0.11562128362970951,-0.6713916748649833,-0.051701387280962074,0.7392970887777232,1.2612317061963416,0.0,0.0,0.0,1.0
000584,0.09709562210769201,0.991211023498995,0.08985069316146355,-0.5437980594895784,-0.7327454931649955,0.13228627166032542,-0.667521074256535,-0.11876519362970951,-0.6735402604253945,-0.0010243164968801177,0.7391498280875173,1.2477015061963415,0.0,0.0,0.0,1.0
000585,0.11432549001062625,0.9908311495489504,0.07199524579675715,-0.5495993194895784,-0.7305546329748438,0.1329614148072426,-0.6697844357787418,-0.1200680436297095,-0.673215872193178,0.02397697345291183,0.7390571656991203,1.2404722061963416,0.0,0.0,0.0,1.0
000586,0.1313472089800699,0.9898459913152563,0.054339894831177904,-0.5553336994895784,-0.7283403151502311,0.1335420244733201,-0.6720765678302058,-0.1213285936297095,-0.6725089560890678,0.048697445278831575,0.7384851134608655,1.2331659061963416,0.0,0.0,0.0,1.0
000587,0.16460409327522274,0.9861576588037353,0.01996407923690885,-0.5667661394895784,-0.723421465474489,0.1344587733558914,-0.67718699157498,-0.12390166362970952,-0.6704974837893016,0.09702530726756209,0.7355400831918344,1.2186104061963414,0.0,0.0,0.0,1.0
000588,0.1806883615866836,0.9835372871831605,0.002474006368169246,-0.5723119394895785,-0.7215531968410602,0.1342670476128664,-0.6792152413291171,-0.12496094362970951,-0.6683656934011248,0.12094116191650439,0.7339349666276432,1.2111166061963414,0.0,0.0,0.0,1.0
000589,0.19635183380107668,0.9804123729914163,-0.015412211012520827,-0.5777189394895784,-0.7202138267509703,0.1335387091134529,-0.6807785667344676,-0.12582938362970952,-0.6653856033306385,0.1447722074628024,0.7323271173640027,1.2034580061963416,0.0,0.0,0.0,1.0
000590,0.22719380009382328,0.9725334863758015,-0.05061220284335177,-0.5881893894895784,-0.7174388570293329,0.1320046099708586,-0.6840001969085141,-0.12742576362970953,-0.6585320520850694,0.19171176496023976,0.7277239418573895,1.1885623061963415,0.0,0.0,0.0,1.0
000591,0.24240940798841976,0.9678453846987316,-0.06717879305308211,-0.5933501994895785,-0.7155059647911,0.13158490199605494,-0.6861024908241088,-0.12816198362970954,-0.6552014142743143,0.21438452575699948,0.724396563940557,1.1808465061963416,0.0,0.0,0.0,1.0
000592,0.25705451996056367,0.9628202372394628,-0.0830672289774318,-0.5984190994895784,-0.7133896230422336,0.1310695958578783,-0.688401050825253,-0.12882642362970953,-0.6519188749403597,0.2362159008276059,0.7205579981463661,1.1730308061963415,0.0,0.0,0.0,1.0
000593,0.28413460052190814,0.9520569781284105,-0.11338006519337979,-0.6081546794895785,-0.7098727653931365,0.129405967082648,-0.6923400556348779,-0.12962228362970954,-0.6444751242207545,0.2772031855524102,0.7126080326380271,1.1571307061963416,0.0,0.0,0.0,1.0
000594,0.2967398103875373,0.9463252773228484,-0.12811695606360018,-0.6128018794895784,-0.708765008613424,0.12833593326367487,-0.6936728701618327,-0.12966420362970954,-0.6399981621039091,0.2966451714307442,0.7088046238354,1.1490076061963415,0.0,0.0,0.0,1.0
000595,0.30907631241954864,0.9402745738405499,-0.14267290874621483,-0.6174388394895785,-0.7082481794566454,0.1274476430799621,-0.6943641800739075,-0.12975022362970953,-0.6347096575580686,0.3156593481307575,0.7053388026616602,1.1406037061963414,0.0,0.0,0.0,1.0
000596,0.33369496052728964,0.9269834268535875,-0.17131666485625405,-0.6265776394895785,-0.7092252489123756,0.12715492167850218,-0.69341991044252,-0.12968881362970952,-0.6210050077284959,0.3528928339194683,0.699871008218241,1.1230848061963414,0.0,0.0,0.0,1.0
000597,0.3461002542410578,0.9197655643501095,-0.18505653365931124,-0.6310741394895785,-0.7099962587785662,0.12783390821719437,-0.6925054544408711,-0.12954013362970954,-0.6132861701805403,0.3710657604059455,0.6972734577765334,1.1141145061963416,0.0,0.0,0.0,1.0
000598,0.3582479747388525,0.9122978329635968,-0.1984214014803752,-0.6354572394895784,-0.7105711235462354,0.12857312899080264,-0.6917785981683413,-0.12927128362970952,-0.6055964555525003,0.38882079994701946,0.694313559244531,1.1051122061963414,0.0,0.0,0.0,1.0
000599,0.38067002679946305,0.8970348270945214,-0.2245414208470193,-0.6447258894895784,-0.7119053623653684,0.12932373181893497,-0.6902652587403323,-0.12878500362970954,-0.5901534425316265,0.4226155361175524,0.6878335720944014,1.0868390061963416,0.0,0.0,0.0,1.0
000600,0.39073784446104076,0.8892460504263463,-0.23783481390890476,-0.6227266087284045,-0.7132976257899536,0.1291873979917626,-0.6888520256503085,-0.1473077750232944,-0.5818336823769785,0.4388075637466403,0.6847755019350381,1.3544915864248186,0.0,0.0,0.0,1.0
000601,0.39983762416155444,0.8814558237004522,-0.2513274859011656,-0.6262439987284044,-0.7152475235767752,0.128577704786205,-0.6869415942052146,-0.14622391502329438,-0.5731935574674001,0.4544264568623493,0.681869299045937,1.3451405864248187,0.0,0.0,0.0,1.0
000602,0.40805415779652976,0.8736567720772496,-0.26498235584379104,-0.6294798587284045,-0.7175463143294175,0.12745399934804114,-0.684750147749132,-0.14495588502329437,-0.5644635427529695,0.4695522576388598,0.6788973311547308,1.3357209864248187,0.0,0.0,0.0,1.0
000603,0.42268385784924595,0.8580799152547962,-0.291611411556544,-0.6365095587284044,-0.7222532517478102,0.12457657273527917,-0.6803167775861814,-0.14229003502329438,-0.5474382126353554,0.49817621035317744,0.6724075154136471,1.3164741864248186,0.0,0.0,0.0,1.0
000604,0.4294470300794411,0.8502161509805835,-0.3044794655928529,-0.6396029587284044,-0.7245698193935763,0.12313714827074179,-0.6781119520696487,-0.14096848502329437,-0.5390490007224833,0.511829795271349,0.6689218455788248,1.3067928864248186,0.0,0.0,0.0,1.0
000605,0.4359001744943376,0.8422799415604157,-0.3171049320347896,-0.6423100087284045,-0.7268780656290007,0.12171322753789993,-0.6758950864962324,-0.1396874350232944,-0.5306970092088782,0.5251194057424368,0.6652896317615824,1.2970742864248186,0.0,0.0,0.0,1.0
000606,0.447813824916279,0.826249568926172,-0.34172273565445865,-0.6471643587284045,-0.7316013704126993,0.11888318625233835,-0.6712869899206688,-0.1373569050232944,-0.5140254984182325,0.5506164162788889,0.6577228512831835,1.2773875864248185,0.0,0.0,0.0,1.0
000607,0.45365812377026393,0.8180529168592676,-0.35353038335521925,-0.6494272587284045,-0.7336541828142007,0.117623842804224,-0.6692653970161574,-0.13638007502329438,-0.5059109079437519,0.5629867288151752,0.653528956054372,1.2673914864248186,0.0,0.0,0.0,1.0
000608,0.45954836140265876,0.8097018163035448,-0.36496338474821305,-0.6522879587284045,-0.7353547876982327,0.11643785962375852,-0.6676043446949137,-0.1359767250232944,-0.4980648951104852,0.575174054978994,0.6489269348220975,1.2567686864248186,0.0,0.0,0.0,1.0
000609,0.46562236154107833,0.8012751588145703,-0.37570458647665506,-0.6549834587284045,-0.7366416618005831,0.115635560241871,-0.6663238546737043,-0.13565992502329438,-0.49046394213294064,0.5870149376925886,0.6440951671866368,1.2461408864248187,0.0,0.0,0.0,1.0
000610,0.47810915026459877,0.7848013647925365,-0.3943329281876359,-0.6592469087284044,-0.7380021636678131,0.11554555142308187,-0.664832333726303,-0.13483531502329438,-0.47619790723489075,0.6088809763542525,0.6344284906740889,1.2255211864248186,0.0,0.0,0.0,1.0
000611,0.48321546697147283,0.7770725214609355,-0.4033126688685664,-0.6609861587284045,-0.7389947070171881,0.11500261478308232,-0.6638231854896566,-0.13430130502329438,-0.469456745057649,0.6188155581297212,0.629823522533479,1.2153049864248187,0.0,0.0,0.0,1.0
000612,0.48701384458178265,0.7697114673569416,-0.4127490426456428,-0.6625081187284044,-0.7407683346488831,0.11367157686823581,-0.6620732942762521,-0.13360882502329438,-0.46268757230683333,0.6281902813889372,0.6255375135044231,1.2050809864248186,0.0,0.0,0.0,1.0
000613,0.4940440077968326,0.755711040287748,-0.42990852741862823,-0.6657795587284044,-0.7436646789863273,0.1111342875346793,-0.6592511019045192,-0.1335111950232944,-0.4504257581313558,0.6454068435656454,0.61690083699929,1.1843334864248187,0.0,0.0,0.0,1.0
000614,0.4989601539367837,0.7487728075375758,-0.4363233290527534,-0.6671960187284045,-0.7429270335815689,0.11034587462531475,-0.6602145187186241,-0.1330601950232944,-0.4462041993942586,0.6535771344267411,0.6113417553197704,1.1744796864248186,0.0,0.0,0.0,1.0
000615,0.5038309163333274,0.7418453025419153,-0.4425154854275879,-0.6684028587284044,-0.7415889099867586,0.10878398232107911,-0.6619757803537969,-0.1324624250232944,-0.44294502630842447,0.6616884404966292,0.6049529827860739,1.1648554864248186,0.0,0.0,0.0,1.0
000616,0.5075287780468025,0.7350572549584118,-0.44956130993149757,-0.6693183087284045,-0.7411502578298779,0.10632685507163597,-0.6628656690531507,-0.13167056102329439,-0.43944377885347874,0.6696158837897888,0.5987518128602161,1.1553366164248187,0.0,0.0,0.0,1.0
000617,0.511883553107734,0.721589408693268,-0.46613726875192135,-0.6709105587284044,-0.7440943761015745,0.10126771217102837,-0.6603547606594913,-0.12935470502329438,-0.4293003465079081,0.6848748613676408,0.5887678971843188,1.1363695264248186,0.0,0.0,0.0,1.0
000618,0.5138824864538263,0.7148302709147809,-0.4742810073152139,-0.6715755587284045,-0.7460665386335661,0.09950076851035927,-0.6583952589419045,-0.12831061502329438,-0.4234495366007179,0.6921829822017794,0.5844426482580549,1.1271005864248187,0.0,0.0,0.0,1.0
000619,0.5162033794267515,0.7082502550330825,-0.4815762113248279,-0.6722255187284044,-0.7476406304115397,0.09833159410697379,-0.6567833625772026,-0.12745791502329437,-0.41781282750322196,0.6990797335397125,0.580275768344507,1.1181025464248187,0.0,0.0,0.0,1.0
000620,0.5211822959691508,0.6959830398320714,-0.49393989779570646,-0.6736542587284045,-0.7501303323777562,0.09754588636249722,-0.6540560255059127,-0.1260851250232944,-0.4070300957118047,0.7114017207737575,0.5729171780152653,1.1009980864248188,0.0,0.0,0.0,1.0
000621,0.5233343591494292,0.6905115859623813,-0.4993144281766487,-0.6744044287284044,-0.7513417417116829,0.09748386051479685,-0.6526733364408162,-0.12546126902329438,-0.4020034025917087,0.7167221543881903,0.5698268313389954,1.0929991864248187,0.0,0.0,0.0,1.0
000622,0.5252918090857509,0.6853257214576566,-0.5043780038978326,-0.6752971287284044,-0.7524564513380901,0.09732857192402827,-0.6514111128365236,-0.12419238502329438,-0.3973384000409574,0.7217034048664119,0.56680366200045,1.0858450864248186,0.0,0.0,0.0,1.0
000623,0.5271811860680137,0.6803696332094862,-0.5090944502371942,-0.6761194887284044,-0.7534698338737493,0.09726701158687373,-0.6502479049556584,-0.12337349002329438,-0.392890832799884,0.7263857726190317,0.5639153330407548,1.0787690864248187,0.0,0.0,0.0,1.0
000624,0.530518255452503,0.6716820767253173,-0.5171011201279664,-0.6777603587284045,-0.7550842835746139,0.09723227239613652,-0.6483776753585022,-0.12208255002329438,-0.3852247465185027,0.7344311220329978,0.5587600752193261,1.0656201864248187,0.0,0.0,0.0,1.0
000625,0.5315923780303875,0.6680895801447316,-0.5206398529905616,-0.6785520587284045,-0.7556998066185746,0.09649814447477689,-0.6477699517495188,-0.12139260502329438,-0.38252757534149934,0.7377970052900467,0.556172844616125,1.0597269564248186,0.0,0.0,0.0,1.0
000626,0.5322093842721616,0.6648242276338658,-0.5241773723117776,-0.6793091587284045,-0.7561590919915697,0.09482179882388608,-0.6474814700563152,-0.12059431502329439,-0.38075792689204924,0.7409572003961065,0.55317793546926,1.0542757864248187,0.0,0.0,0.0,1.0
000627,0.5319592710489929,0.6590230073341397,-0.5317029337414736,-0.6803878987284044,-0.7574814636068636,0.08970204426890849,-0.6466648092682806,-0.11833756502329439,-0.37847214724075406,0.7467544570059456,0.5469155462269542,1.0478008864248187,0.0,0.0,0.0,1.0
000628,0.5311039652929955,0.6568004085034411,-0.5352959942310136,-0.6811584087284045,-0.758957412952149,0.0878833267075414,-0.6451822736342007,-0.11726178502329439,-0.3767123881358795,0.7489257268090931,0.5451587221612013,1.0437177864248186,0.0,0.0,0.0,1.0
000629,0.529954842062498,0.6549792033382488,-0.5386558349901223,-0.6820452587284045,-0.7608189450479367,0.08666270281069655,-0.6431516996772143,-0.11617544502329438,-0.374569617335226,0.7506609215457655,0.5442479054928964,1.0398054864248187,0.0,0.0,0.0,1.0
000630,0.5275612991314251,0.6522897063865029,-0.544240033993249,-0.6842292587284045,-0.7644685245580908,0.08512446282017072,-0.6390161975956111,-0.11401195502329438,-0.3704955473669539,0.7531745911618283,0.543563321618994,1.0329647864248186,0.0,0.0,0.0,1.0
000631,0.5264436706350835,0.6518005619794012,-0.5459057510702712,-0.6845536587284045,-0.7657063717247079,0.08440710379685246,-0.6376277857251919,-0.11271775902329438,-0.36952782567547415,0.7536786239717593,0.5435234289518642,1.0352400864248188,0.0,0.0,0.0,1.0
000632,0.5250629911549701,0.6518766284028391,-0.547143232309002,-0.6856637587284045,-0.7671338075879911,0.0841255211263473,-0.6359470244845647,-0.11162565502329438,-0.3685302926150669,0.753644317989174,0.5442477977793625,1.0345915564248187,0.0,0.0,0.0,1.0
000633,0.5232611158910401,0.6522954932733767,-0.5483688485423888,-0.6870573587284045,-0.7688993129520616,0.08394962107262516,-0.633834605921458,-0.11060303102329438,-0.36741209988010853,0.7533014340733758,0.5454771290207174,1.0332687464248187,0.0,0.0,0.0,1.0
000634,0.5192447626802219,0.6531225405963155,-0.5511949050872785,-0.6902771587284044,-0.7730634740732267,0.0839781201995155,-0.6287452110207989,-0.10873993502329438,-0.3643593576168908,0.7525813061010549,0.5485103793222483,1.0309617864248186,0.0,0.0,0.0,1.0
000635,0.5175983323283581,0.6534957455792391,-0.5522999881230647,-0.6921370587284045,-0.7750215350193518,0.08457974726803708,-0.6262490611636262,-0.10797913002329439,-0.3625377037318336,0.7521898542668,0.5502516120021276,1.0302954864248186,0.0,0.0,0.0,1.0
000636,0.5165588386584594,0.6538861976246341,-0.5528108236637757,-0.6930811287284044,-0.7764349462466799,0.08551434250731305,-0.6243685381827448,-0.10715111002329439,-0.3609927152322321,0.751744729134525,0.5518732841583479,1.0347976864248187,0.0,0.0,0.0,1.0
000637,0.5144784739783652,0.6549159852615402,-0.553531346954984,-0.6971718587284045,-0.7793312051180384,0.08783427706928176,-0.6204256704078117,-0.10608993502329438,-0.35770766352170685,0.7505799038214538,0.5555853088745406,1.0374744564248186,0.0,0.0,0.0,1.0
000638,0.5128046728998339,0.655811022576697,-0.5540246114740768,-0.6995513587284045,-0.7808995493782046,0.08819729530956522,-0.6183988445016652,-0.10562545502329439,-0.35668930630593854,0.749755386620853,0.5573505171792738,1.0385463864248188,0.0,0.0,0.0,1.0
000639,0.510719336305394,0.6571315074956704,-0.5543860941440049,-0.7020686087284045,-0.7823651719116648,0.08786617110578687,-0.6165908479330843,-0.10518729502329438,-0.3564694900035753,0.7486372404787757,0.5589917574212653,1.0399316564248187,0.0,0.0,0.0,1.0
000640,0.5067681183576386,0.6609923147626857,-0.5534213892152393,-0.7075879587284044,-0.7840567217250469,0.0865145407359722,-0.6146302070017521,-0.10496873502329439,-0.3583868459277366,0.7453887536486653,0.5620982784176256,1.0480540364248188,0.0,0.0,0.0,1.0
000641,0.5050279528974073,0.6634896462224332,-0.5520219707112068,-0.7106634187284044,-0.7844949915778513,0.08619001524875208,-0.6141163484720846,-0.10493161902329438,-0.3598810567139108,0.7432043935735648,0.5640326713865329,1.0519970864248187,0.0,0.0,0.0,1.0
000642,0.5031066492322549,0.6663223605780367,-0.5503618912061459,-0.7138880587284044,-0.7850075002836135,0.08599743618693118,-0.6134881135504967,-0.10482731102329439,-0.36145113638881443,0.7406881616193061,0.5663339326230129,1.0554233164248188,0.0,0.0,0.0,1.0
000643,0.49762435407532374,0.672426624387764,-0.5479164507893457,-0.7205228087284045,-0.7872193422607424,0.08487090965790722,-0.6108049081862417,-0.10440710502329438,-0.3642193149761289,0.7352818259064451,0.5715810765674483,1.0626144864248186,0.0,0.0,0.0,1.0
000644,0.4939364130389401,0.6758074122635781,-0.5470933753975021,-0.7239098987284045,-0.7888983757084235,0.08375295630499269,-0.6087896148217258,-0.10410632502329438,-0.365603846641193,0.7323044338523292,0.5745120046451448,1.0666552864248187,0.0,0.0,0.0,1.0
000645,0.48977923550547,0.6795175101100216,-0.54623461435683,-0.7273866987284044,-0.7908169534767017,0.08248715687517927,-0.6064688079732365,-0.10378947502329439,-0.36704883402826155,0.7290074227362344,0.577774463812626,1.0710372364248186,0.0,0.0,0.0,1.0
000646,0.485511845175376,0.683500035782721,-0.5450742603347002,-0.7308274987284045,-0.7926691129369847,0.08120832067715406,-0.6042192367415077,-0.10418261502329439,-0.36871930460730606,0.7254191269451168,0.5812169686718456,1.0787451864248188,0.0,0.0,0.0,1.0
000647,0.47685968373027465,0.6924036066803475,-0.5414629142320913,-0.7383391087284045,-0.7960627975259812,0.07902126602435045,-0.600033050682225,-0.10421970502329438,-0.3726779634319302,0.7171700530362067,0.5888788080753742,1.0913094264248187,0.0,0.0,0.0,1.0
000648,0.47280918743194633,0.697047441982805,-0.5390513295644219,-0.7423171587284044,-0.7971836394666851,0.07772624691548957,-0.5987126819327304,-0.10410967102329438,-0.3754327066820272,0.7127997574113369,0.592424500327043,1.0973670864248186,0.0,0.0,0.0,1.0
000649,0.4688866667904761,0.7017332238016528,-0.5363914394535545,-0.7463921187284045,-0.7980373889485711,0.07632300504115752,-0.5977550708623344,-0.10399491502329439,-0.37852558638256395,0.708339806529625,0.5957961890943155,1.1036671364248187,0.0,0.0,0.0,1.0
000650,0.4608951240739113,0.710707254139411,-0.5314798994491818,-0.7544655087284045,-0.7998634046891262,0.07324027291148894,-0.5956965639173769,-0.10322025502329438,-0.38444013635937235,0.6996649636343591,0.6022248087039572,1.1181505364248188,0.0,0.0,0.0,1.0
000651,0.45655081339546577,0.7149695377888313,-0.5295091262877004,-0.7586089187284044,-0.8010437501065851,0.07134464642140093,-0.5943390041400485,-0.10308682502329439,-0.38715664168798375,0.695505932009951,0.6052943361174397,1.1251703864248186,0.0,0.0,0.0,1.0
000652,0.4522484891594709,0.7190890523375615,-0.5276194072067889,-0.7628201587284045,-0.8021779879337094,0.06937052484206907,-0.5930414875518921,-0.10302892502329439,-0.38984840608575166,0.6914467912221469,0.6082101242013284,1.1323231464248187,0.0,0.0,0.0,1.0
000653,0.44439444562242336,0.7272380901950313,-0.5231045181122242,-0.7716264587284045,-0.8038145118315998,0.06592481445266363,-0.591215823036147,-0.10313746502329438,-0.3954690977419928,0.6832120307846351,0.6138611518269166,1.1471801864248188,0.0,0.0,0.0,1.0
000654,0.44124522487242634,0.7313312460072224,-0.5200550549132322,-0.7764104587284044,-0.8039601839545581,0.06469158807792574,-0.5911539740606577,-0.10359675502329438,-0.39868618504161224,0.6789474258331636,0.6165060574004816,1.1553174264248187,0.0,0.0,0.0,1.0
000655,0.4385044371083213,0.7354973466418573,-0.5164857323480503,-0.7812515987284044,-0.8035544526261367,0.0634765808114871,-0.5918369415245998,-0.10390624502329439,-0.40250975180860404,0.6745475348493021,0.6188469301270756,1.1633490364248187,0.0,0.0,0.0,1.0
000656,0.433710639907675,0.7434901857159859,-0.5090357792679056,-0.7910551287284044,-0.801271475796888,0.05984005680651783,-0.5953009236307885,-0.10421669502329438,-0.4121396643192113,0.6660641946129529,0.6216907476788168,1.1796476864248187,0.0,0.0,0.0,1.0
000657,0.43164760241555333,0.7470724661758411,-0.5055324693932635,-0.7959509987284045,-0.799585207642911,0.057468891400079825,-0.5977966395354599,-0.10421710102329439,-0.4175450191866108,0.6622537706976022,0.6221544021778359,1.1878833864248186,0.0,0.0,0.0,1.0
000658,0.42968969889256986,0.7502276115806658,-0.5025189483866077,-0.8008254587284045,-0.7979337950524984,0.054963378843312316,-0.6002338591742754,-0.10409871502329439,-0.42269187522204643,0.6588911577856361,0.6222491629670335,1.1960761864248186,0.0,0.0,0.0,1.0
000659,0.4260286280496894,0.755696137850068,-0.49741627971005387,-0.8116912087284045,-0.7956754731042353,0.051298974495908645,-0.6035469797091355,-0.10416139502329438,-0.43058117653057126,0.6529102254170625,0.6231437137317442,1.2125157864248186,0.0,0.0,0.0,1.0
000660,0.42478104859298804,0.7583666042485457,-0.4944099051564111,-0.8168431587284045,-0.7947750176939845,0.05090310626333361,-0.604765694316626,-0.10397144002329438,-0.43346710602509214,0.6498376469036506,0.624353506165344,1.2204528864248185,0.0,0.0,0.0,1.0
000661,0.42417609707880044,0.7612833710917767,-0.4904306959868406,-0.8220339587284045,-0.7935355526171827,0.05153420643346096,-0.6063378202782805,-0.10380860502329438,-0.4363209431135973,0.6463682034772551,0.6259649991285834,1.2283982864248186,0.0,0.0,0.0,1.0
000662,0.42403738579085554,0.7645891398029674,-0.48538205853432137,-0.8272199587284045,-0.7917768605929822,0.05280831877334863,-0.6085233639704012,-0.10366874502329439,-0.4396381449341925,0.6423509389451304,0.6277766901973434,1.2364005864248186,0.0,0.0,0.0,1.0
000663,0.42283314703366925,0.7711676684116372,-0.4759333534920227,-0.8371764587284045,-0.7889032638436103,0.05481421388937113,-0.6120678412174496,-0.10295919502329438,-0.44591901738600737,0.6342679474419699,0.6315539571416272,1.2523525864248186,0.0,0.0,0.0,1.0
000664,0.4205465072749057,0.7741274997837011,-0.47314611833715126,-0.8416258587284045,-0.7890104985868895,0.05460966244386933,-0.6119478882122518,-0.10238450502329438,-0.44788733889064736,0.6306698017555641,0.6337606273783911,1.2599377864248187,0.0,0.0,0.0,1.0
000665,0.4171788134742778,0.776841670731962,-0.47167664368989903,-0.8457478587284044,-0.790190557097688,0.05366445401372283,-0.6105071742813959,-0.10170653102329438,-0.44895514370796497,0.6274050884315359,0.6362406258235775,1.2672175864248187,0.0,0.0,0.0,1.0
000666,0.41346435414237565,0.7793647443207335,-0.47078426392935663,-0.8497173087284045,-0.7918631707920213,0.05256448681552034,-0.6084321601206065,-0.10101559502329438,-0.44944404167463897,0.6243617301178052,0.6388837792333335,1.2742963864248187,0.0,0.0,0.0,1.0
000667,0.40779241897724927,0.7841431986457245,-0.46778711722570554,-0.8577698887284044,-0.7942789436989942,0.05194998256703365,-0.6053281415130932,-0.09993990902329439,-0.4503624125313902,0.6184016844486578,0.644013240585913,1.2882028864248187,0.0,0.0,0.0,1.0
000668,0.40642105567946296,0.7864341757121361,-0.46512709313945994,-0.8617716587284044,-0.7945848267991676,0.05290562863182979,-0.6048437380676166,-0.09992059502329438,-0.45106194532561444,0.6154041612883714,0.6463906247371077,1.2943410864248186,0.0,0.0,0.0,1.0
000669,0.40529346460523763,0.7886084070028702,-0.46242187226890386,-0.8659397587284045,-0.7948247699402774,0.05406694865390693,-0.6044256365779341,-0.09972769502329439,-0.451653398789014,0.6125141185863809,0.6487184766096004,1.3008216864248185,0.0,0.0,0.0,1.0
000670,0.40212979257862536,0.7937474129264558,-0.4563514811997765,-0.8743164587284045,-0.7958686211853844,0.05662594110315056,-0.6028155941966477,-0.09920251002329439,-0.4526419862685593,0.6056059339758327,0.6544896370456238,1.3138602864248186,0.0,0.0,0.0,1.0
000671,0.4002728359222855,0.7968591432681562,-0.4525452050488116,-0.8785260587284045,-0.7961927465801415,0.057904588062701434,-0.6022658623684886,-0.09896348002329439,-0.453716615428509,0.6013838744689025,0.6576311035929411,1.3203552864248187,0.0,0.0,0.0,1.0
000672,0.3986436890482862,0.8002076951151212,-0.44805228920352425,-0.8828057587284045,-0.7959140046456222,0.059145218851227144,-0.6025136847375411,-0.09877832502329438,-0.45563593623741083,0.596799369776465,0.6604743793997406,1.3268626864248187,0.0,0.0,0.0,1.0
000673,0.39723901576256115,0.8038562991323709,-0.44273718468319306,-0.8873390987284044,-0.7950080741866478,0.06043435327183133,-0.6035808569882357,-0.09913053502329439,-0.4584357384999879,0.5917455021289335,0.6630791313079812,1.3341152864248187,0.0,0.0,0.0,1.0
000674,0.39450472927872,0.8114002935183271,-0.43127205132618585,-0.8964150987284044,-0.7925093982069107,0.06289849062346592,-0.6066074790430875,-0.09920744502329439,-0.4650751254694706,0.5810966731583156,0.6678561103365708,1.3475321864248186,0.0,0.0,0.0,1.0
000675,0.39300580792551987,0.8148200026989123,-0.4261628774759174,-0.9010117587284044,-0.7913337047448321,0.06365247958826736,-0.6080619455097349,-0.09918731502329438,-0.468334712221535,0.5762089248215525,0.6698103256029742,1.3540055864248186,0.0,0.0,0.0,1.0
000676,0.3913663974729523,0.817853088428228,-0.4218396243567594,-0.9056531587284045,-0.7904669931623993,0.06407142694608303,-0.6091443055384231,-0.09916907902329439,-0.47116268490813046,0.5718489118617798,0.6715612752032832,1.3603565864248186,0.0,0.0,0.0,1.0
000677,0.38738371107332714,0.8236338355451837,-0.4141994270157624,-0.9153729587284045,-0.7900913057136797,0.06508210850408913,-0.6095244439629259,-0.09930981502329438,-0.4750679835883588,0.5633752072090064,0.6759576812726514,1.3730570864248186,0.0,0.0,0.0,1.0
000678,0.3852581054783678,0.8266248730768139,-0.41020423129699685,-0.9203871587284045,-0.7901926756608203,0.06591791876010222,-0.6093031784902571,-0.09947622902329438,-0.4766253533911225,0.5588793673030682,0.6785883327229475,1.3793481864248187,0.0,0.0,0.0,1.0
000679,0.38312747667826,0.8297282753690056,-0.4059117215199938,-0.9255314587284045,-0.7902927564783184,0.06695973660482907,-0.6090597283778604,-0.09970556502329438,-0.47817433606588566,0.5541366101666515,0.6813823607938219,1.3856168864248186,0.0,0.0,0.0,1.0
000680,0.3808793975675599,0.8328230514210135,-0.4016673368975434,-0.9308250587284045,-0.7904637891211506,0.06791812804543346,-0.6087315713605115,-0.09996456502329439,-0.4796851911376939,0.5493567992703796,0.6841850805875542,1.3918707864248185,0.0,0.0,0.0,1.0
000681,0.3751838943094886,0.8391924783250966,-0.39369154140436996,-0.9417975587284044,-0.7914701318460133,0.06894141110536722,-0.6073072634428596,-0.10042208102329438,-0.4825060371087813,0.5394470003229075,0.69006148856185,1.4044348864248186,0.0,0.0,0.0,1.0
000682,0.37165966823835156,0.8424671165635029,-0.39002339482925363,-0.9476102587284044,-0.7923826333833628,0.06896183220286384,-0.6061138737990341,-0.10060815502329438,-0.4837342796592009,0.5343158459267341,0.6931866440391021,1.4103278864248185,0.0,0.0,0.0,1.0
000683,0.36781527058618435,0.8457226285652211,-0.38660724547833414,-0.9534153587284044,-0.7934795307833666,0.0686608884784552,-0.6047114325206341,-0.10072783002329438,-0.4848733452680404,0.5291870349187345,0.6963181177611979,1.4165217864248187,0.0,0.0,0.0,1.0
000684,0.35901860820166565,0.8524981263271025,-0.37993760484284567,-0.9651763587284045,-0.7960875853323937,0.06721621941456368,-0.6014370593231282,-0.10077912502329438,-0.48718599676568874,0.5183907063754063,0.7027950484309273,1.4293237864248187,0.0,0.0,0.0,1.0
000685,0.35418757570567483,0.8559414107279585,-0.37671668746787634,-0.9711414587284045,-0.797441872777965,0.06600796937450748,-0.5997744638774031,-0.10074268502329438,-0.4885054971605838,0.5128423240920027,0.7059427242091276,1.4358232864248186,0.0,0.0,0.0,1.0
000686,0.34902984679130344,0.8594506238309635,-0.37352749730830626,-0.9771317587284044,-0.7988495181721459,0.06449369161700413,-0.5980635510192382,-0.10066689902329438,-0.4899159247921724,0.5071342908324956,0.709081940044204,1.4423590864248186,0.0,0.0,0.0,1.0
000687,0.3434869787547674,0.8631599230058259,-0.3700968018539186,-0.9835775587284045,-0.8005906264445263,0.06309242941146975,-0.5958808557086891,-0.10084831502329439,-0.49099016718777866,0.5009733452665276,0.7127091714418875,1.4488274864248187,0.0,0.0,0.0,1.0
000688,0.3308083889854444,0.8710219241567336,-0.36316197132292916,-0.9956244587284044,-0.8060582307273028,0.06067697335059974,-0.5887176178625716,-0.10050046102329438,-0.4907503830397132,0.4874824228044655,0.7221668429130923,1.4618025864248185,0.0,0.0,0.0,1.0
000689,0.324600665482464,0.8752650157443833,-0.3585325092405515,-1.0016184587284045,-0.8092636174654089,0.06078107732455218,-0.5842927845575944,-0.10022486502329438,-0.4896190411076166,0.479809142110956,0.7280497110305084,1.4684140864248187,0.0,0.0,0.0,1.0
000690,0.3192665257344982,0.8795704907568388,-0.35273876641956575,-1.0076524587284046,-0.8116835249496629,0.06169142742387279,-0.5808304598656093,-0.09994920502329438,-0.4891203746223552,0.47175196827589283,0.7336288840804375,1.4752664864248186,0.0,0.0,0.0,1.0
000691,0.309336602644516,0.8871886477382817,-0.34235532650839173,-1.0195221187284045,-0.8138780721444904,0.06079130401137822,-0.5778467798984116,-0.09885398502329439,-0.49184687652430603,0.4573846528698956,0.7408683617029199,1.4895554864248186,0.0,0.0,0.0,1.0
000692,0.3036415585273005,0.8902158832726987,-0.33958428276956676,-1.0251099587284045,-0.8148076984413746,0.05787973347975889,-0.5768347692476438,-0.09792353502329439,-0.49385242582757694,0.45184689621742585,0.7429294474463215,1.4966328864248186,0.0,0.0,0.0,1.0
000693,0.2971860161451505,0.8927370580130709,-0.33867538596411434,-1.0304862587284045,-0.8165972683397711,0.053819685177599275,-0.5746932597720359,-0.09674743502329439,-0.49482256733883817,0.4473521954093346,0.7450011007472741,1.5034544864248187,0.0,0.0,0.0,1.0
000694,0.28289486915076134,0.8975456686496819,-0.3382044732057361,-1.0412190587284045,-0.8224459165239963,0.04556717452446479,-0.5670152969707792,-0.09389222502329438,-0.4935111015987155,0.4385606061812356,0.7510734899493989,1.5166629864248187,0.0,0.0,0.0,1.0
000695,0.27620651680857816,0.9004733587833917,-0.33594298652275745,-1.0469238587284044,-0.8253379920777169,0.04312313426385822,-0.5629898703568152,-0.09240169502329439,-0.4924704650084053,0.43276798103905306,0.755105764566651,1.5233860864248185,0.0,0.0,0.0,1.0
000696,0.2709819363947938,0.9039439913915949,-0.3308384055317033,-1.0518452587284044,-0.8269856525904898,0.042736445950008084,-0.5605964025901731,-0.09105655902329439,-0.49260889208093805,0.4255101134104733,0.759129516504395,1.5298297864248187,0.0,0.0,0.0,1.0
000697,0.2677977876888097,0.9078989016201795,-0.3224964020665206,-1.0577691587284044,-0.8267411866274761,0.044653714787093346,-0.5608075035959359,-0.08984200502329438,-0.49475585417736284,0.4168040669098427,0.7625555812953201,1.5369996864248185,0.0,0.0,0.0,1.0
000698,0.26392086157741,0.9159140688798562,-0.3024023763996967,-1.0700367587284045,-0.823402638794039,0.05065731510103311,-0.5651919416037069,-0.08732637502329438,-0.5023483584637766,0.398164858889758,0.7675355834709217,1.5518300864248187,0.0,0.0,0.0,1.0
000699,0.26054874788606214,0.9195634041865128,-0.2941385654005901,-1.0757152587284045,-0.8226436135188031,0.051986254971291,-0.5661756921934975,-0.08570560502329438,-0.505343284423303,0.3894875800009185,0.7700179153197001,1.5589171864248186,0.0,0.0,0.0,1.0
000700,0.25566284152479085,0.9228567892997847,-0.28804836036117754,-1.0809727587284044,-0.8233443494990634,0.051685481910896225,-0.5651837693242815,-0.08381785502329438,-0.5066957604040455,0.38165947833498326,0.7730429800377433,1.5655939864248187,0.0,0.0,0.0,1.0
000701,0.24961582423174783,0.9258827088186848,-0.2836073867227006,-1.0857920587284045,-0.8253751570548576,0.05026796529067251,-0.5623424061745697,-0.08201466502329438,-0.5064067440405726,0.37445205457589625,0.7767482657940832,1.5724666864248187,0.0,0.0,0.0,1.0
000702,0.2384272517060514,0.9311150034461116,-0.27600234781872185,-1.0953002587284044,-0.8306919616332503,0.048307369032243974,-0.5546325477062134,-0.07846223502329439,-0.5030937392989518,0.3615124457812346,0.7849875419543092,1.5847792864248187,0.0,0.0,0.0,1.0
000703,0.23438368709951518,0.9335889992005003,-0.27106432408829706,-1.1002058587284045,-0.832930438649165,0.049074436554913614,-0.5511974093267563,-0.07707336502329439,-0.5012895087605032,0.35496940748271055,0.7891169420041794,1.5908816864248185,0.0,0.0,0.0,1.0
000704,0.23134871432459714,0.9360631439030814,-0.2650727504038001,-1.1052438587284044,-0.8346059220616403,0.05095423349777073,-0.5484857527304554,-0.07598803502329438,-0.4999107192689466,0.34812276098372835,0.7930320397342536,1.5970939864248186,0.0,0.0,0.0,1.0
000705,0.22691032402365263,0.9407832797190865,-0.2518700566809797,-1.1145750587284045,-0.8361889503816766,0.05560880199534435,-0.5456149745014633,-0.07442390502329438,-0.4992992530648037,0.3344166289849259,0.7992907944842649,1.6092162864248187,0.0,0.0,0.0,1.0
000706,0.22499900231864478,0.9428952171132492,-0.2456095651650663,-1.1193754587284044,-0.8361841712356066,0.057458809696977475,-0.5454305794170583,-0.07391843502329438,-0.5001714513350757,0.32809616689800714,0.8013622305400966,1.6154567864248186,0.0,0.0,0.0,1.0
000707,0.22299779716540935,0.9448636073731154,-0.23980147189130868,-1.1242832587284044,-0.8359309128914623,0.05879881851682167,-0.5456759183008466,-0.07356389502329438,-0.5014892733965715,0.3221419910581187,0.8029527048745084,1.6218578864248185,0.0,0.0,0.0,1.0
000708,0.22096015429870314,0.9466035259098988,-0.23477302857705118,-1.1291688587284046,-0.8355346813852071,0.05956775888922167,-0.5461991196472549,-0.07332298502329439,-0.503049109347004,0.3168492493850398,0.8040821766146313,1.6282834864248186,0.0,0.0,0.0,1.0
000709,0.21779626853970613,0.9491600522469483,-0.22728832048468817,-1.1388945587284045,-0.8344417735477401,0.060298178422583115,-0.5477874188382026,-0.07324935502329438,-0.5062328633827344,0.30896492502788797,0.8051515156377893,1.6410935864248186,0.0,0.0,0.0,1.0
000710,0.2169922966136698,0.9500104826891005,-0.22448702855877256,-1.1438470587284044,-0.8335574288724792,0.060642492040871576,-0.5490942550515117,-0.07333133502329438,-0.5080318454406444,0.30627205380167294,0.8050472489725545,1.6484235864248187,0.0,0.0,0.0,1.0
000711,0.2169385538740316,0.9505127945046384,-0.22240299306894934,-1.1487868587284045,-0.8325039077603259,0.061166917844513224,-0.5506322291014116,-0.07369140902329438,-0.5097792732220787,0.30460472032518765,0.8045750785034194,1.6552109864248186,0.0,0.0,0.0,1.0
000712,0.21940908354978295,0.9502412635511064,-0.22113614607440774,-1.1588017587284045,-0.8308773257916584,0.06318979961128879,-0.5528561464887481,-0.07497250502329439,-0.5113731744442089,0.30503867012213814,0.8033983359386369,1.6681522864248186,0.0,0.0,0.0,1.0
000713,0.22171535683993354,0.949656666634887,-0.2213470489011675,-1.1639034587284045,-0.8305374429255069,0.06497355587242598,-0.5531600066310406,-0.07586367002329439,-0.5109303831639894,0.30648108025326404,0.8031310546895141,1.6744825864248187,0.0,0.0,0.0,1.0
000714,0.22429455768079298,0.9490504402615806,-0.22134862374561462,-1.1690436587284045,-0.8304018481950323,0.06725534701300362,-0.5530908504146811,-0.07692487502329438,-0.510024236589843,0.30786357390483965,0.8031782479334755,1.6808625864248186,0.0,0.0,0.0,1.0
000715,0.22922693270956707,0.9482574703850205,-0.21968792224327205,-1.1786732587284046,-0.8301373617136548,0.07260022904439978,-0.552812054345592,-0.08017008502329438,-0.5082587667789477,0.3090905637538989,0.8038258825085447,1.6942112864248187,0.0,0.0,0.0,1.0
000716,0.23152499587976982,0.948035236872651,-0.21823236682648386,-1.1838354587284046,-0.8298127497904824,0.07537221674422001,-0.5529284123900856,-0.08175925502329438,-0.5077469611608039,0.30910874880999206,0.8041422789787206,1.7010787864248187,0.0,0.0,0.0,1.0
000717,0.2335548152241329,0.9479337232306253,-0.21650359038072628,-1.1890711587284044,-0.8292383972996462,0.07790757169303675,-0.5534384254068454,-0.08340136502329439,-0.5077556781854194,0.3087912994807634,0.8042587299093782,1.7081980864248187,0.0,0.0,0.0,1.0
000718,0.2366047913203016,0.9476752741527975,-0.21431226629312766,-1.1996454587284044,-0.8274472491859731,0.08092276260532433,-0.555682064050018,-0.08665798502329439,-0.5092634117417454,0.3088091340160492,0.8032980120785904,1.7231113864248186,0.0,0.0,0.0,1.0
000719,0.23773703183936745,0.9473719105855694,-0.21440048210219897,-1.2042171587284045,-0.8265356185735546,0.08136498910692302,-0.5569727190597953,-0.08830462502329438,-0.5102156161089534,0.309622676141587,0.8023800991409763,1.7309103864248185,0.0,0.0,0.0,1.0
000720,0.23950520776605533,0.9467685256318975,-0.21509675573039666,-1.079687980848035,-0.8258734685327375,0.08218780540690684,-0.557833468533488,-0.09152152570174106,-0.5104608402479511,0.31124672450517404,0.8015954135710583,1.5252044696323623,0.0,0.0,0.0,1.0
000721,0.24006984525175767,0.9466120482077374,-0.21515598896788707,-1.084962780848035,-0.8259863474357332,0.08274443442677037,-0.5575839958438283,-0.09288956570174105,-0.5100127677329005,0.3115750130535925,0.8017530717060461,1.5331713696323623,0.0,0.0,0.0,1.0
000722,0.24062602738155703,0.946409830017297,-0.2154241133048974,-1.0902284808480351,-0.8262303837005702,0.08325111134257412,-0.5571468437586583,-0.09413648570174106,-0.5093549528536839,0.3120539794760795,0.801984941190646,1.5412109696323624,0.0,0.0,0.0,1.0
000723,0.24115240145127692,0.9454993820661782,-0.2188068504109446,-1.099627880848035,-0.8280172525357096,0.08285532289699737,-0.5545470448671144,-0.09683855070174105,-0.5061945760056079,0.314906198700676,0.8028705607022799,1.5565989696323623,0.0,0.0,0.0,1.0
000724,0.24053337384373547,0.9446729204302649,-0.22301741966291433,-1.104242080848035,-0.8299848133830672,0.08104733618105081,-0.5518664139548911,-0.09741776570174106,-0.5032582891724937,0.3178433618997105,0.8035587667840259,1.5643367696323622,0.0,0.0,0.0,1.0
000725,0.23975374464805005,0.9433705528908783,-0.2292817957570893,-1.1086952808480353,-0.8321826786549252,0.07806919492867476,-0.5489783148266437,-0.09756536970174105,-0.4999901311765569,0.32242394567021004,0.8037740154947176,1.5720297696323622,0.0,0.0,0.0,1.0
000726,0.23904776841561676,0.9390735424314178,-0.2469758010834705,-1.1168534808480353,-0.83550878776223,0.06932731829935862,-0.5450860377128627,-0.09689521970174106,-0.4947537063909705,0.33665205307962665,0.8011767377861578,1.5871572696323624,0.0,0.0,0.0,1.0
000727,0.23721134347156392,0.9362595389762476,-0.25913095956369225,-1.1198132808480352,-0.8380885930701796,0.062338835952870264,-0.5419606809517531,-0.09611942570174105,-0.49126193491259074,0.34573392255898944,0.7994559187959721,1.5940090696323623,0.0,0.0,0.0,1.0
000728,0.22868202719993946,0.9321233267969704,-0.2808035506838805,-1.1248244808480352,-0.8438290110804079,0.045959161673912785,-0.5346403983214253,-0.09351870570174105,-0.48544529093893507,0.35921283259257264,0.7970627393160674,1.6080841696323622,0.0,0.0,0.0,1.0
000729,0.22370520833856883,0.9309589579884292,-0.28856784003643887,-1.1274640808480352,-0.8456199226809857,0.038165468529345936,-0.5324193303937594,-0.09185822570174106,-0.48464721821877943,0.3631236918090498,0.7957752561620429,1.6156208696323624,0.0,0.0,0.0,1.0
000730,0.21363974232884397,0.9297224417093695,-0.2999570667272801,-1.1325718808480352,-0.8474028213720994,0.02359182920523284,-0.53042613427824,-0.08841091570174105,-0.4860725448204944,0.3675045672868842,0.7928895725099487,1.6306503696323622,0.0,0.0,0.0,1.0
000731,0.20855537443745564,0.929369870321157,-0.30459202210906405,-1.1348741808480352,-0.8471262125646468,0.016020113397725133,-0.5311502009343505,-0.08699150570174105,-0.4887553946291842,0.36880211510505184,0.7906346590650517,1.6379372696323622,0.0,0.0,0.0,1.0
000732,0.20438958547437946,0.9289338875614999,-0.3087178807414461,-1.137264180848035,-0.8454819192666208,0.008582304043956657,-0.5339350786851602,-0.08575394970174105,-0.4933408776321322,0.37014615572389176,0.7871509396932597,1.6452045696323623,0.0,0.0,0.0,1.0
000733,0.20129098191891343,0.9285381907548907,-0.3119275058531293,-1.1400489808480352,-0.8432419871009723,0.0022258229253347417,-0.5375295311909002,-0.08444860070174105,-0.49842240297575263,0.3712302170108724,0.7834304271535139,1.6526112696323623,0.0,0.0,0.0,1.0
000734,0.19907308705201004,0.9277719950368268,-0.315608984721552,-1.146733680848035,-0.8396126472593146,-0.0046172791527599455,-0.5431659813495604,-0.08263120970174105,-0.5053914409383962,0.3731190238497784,0.7780499247912052,1.6668274696323624,0.0,0.0,0.0,1.0
000735,0.19953425737417962,0.928188246802579,-0.3140902077933808,-1.150670580848035,-0.8383432419113064,-0.004245483955321316,-0.5451262097969842,-0.08229129970174105,-0.507313205895308,0.3720867565011413,0.7772932244402269,1.6736669696323623,0.0,0.0,0.0,1.0
000736,0.19973742785973253,0.9295380974062243,-0.3099417451431713,-1.1546486808480352,-0.8371182763389756,-0.0025166111193490326,-0.5470161406098875,-0.08220173570174105,-0.5092523454351883,0.3687174963829224,0.7776306684602075,1.6799959696323623,0.0,0.0,0.0,1.0
000737,0.1997565292621803,0.9312389188462884,-0.3047809131870357,-1.1586638808480352,-0.8355184702377019,-0.0006070065630603971,-0.5494620254709898,-0.08220450070174105,-0.5118654265612964,0.36440870951313453,0.777946063375986,1.6861397696323623,0.0,0.0,0.0,1.0
000738,0.19934936461147973,0.9341447089265107,-0.29602954854812036,-1.1668889808480352,-0.8322161722064765,0.0018934481410206039,-0.5544480657123239,-0.08204020070174105,-0.51737421036132,0.35688944736254374,0.7777877916335911,1.6987149696323622,0.0,0.0,0.0,1.0
000739,0.1986036297956622,0.9353350699405516,-0.29275400111918387,-1.170890780848035,-0.8316177092586452,0.0027624367358691226,-0.5553416557315722,-0.08182764970174106,-0.5186218119973275,0.35375228039206175,0.7783898382160606,1.7046557696323623,0.0,0.0,0.0,1.0
000740,0.1977331377223937,0.9364617115455145,-0.28972585154884406,-1.1748684808480352,-0.8317051612418389,0.0038428132922178615,-0.555204248497513,-0.08158597570174106,-0.5188141584518912,0.3507487642105771,0.779619890327722,1.7103786696323624,0.0,0.0,0.0,1.0
000741,0.19713800274663423,0.9374417447099391,-0.28694874655285285,-1.178684980848035,-0.8322565111825376,0.005328335721930755,-0.5543651399869088,-0.08146027570174105,-0.5181560647790766,0.34810139918365707,0.78124241335135,1.7159675696323622,0.0,0.0,0.0,1.0
000742,0.19679374797423244,0.93877763758824,-0.2827874960504747,-1.1865558808480352,-0.8340427694332646,0.00867071086115112,-0.5516316502243617,-0.08113140570174106,-0.515407488803126,0.3444145263158993,0.7846870424240802,1.7266717696323624,0.0,0.0,0.0,1.0
000743,0.19564898648492857,0.939504759106044,-0.28116237604721295,-1.1906317808480351,-0.8355817396619728,0.009625648508124862,-0.5492818067570318,-0.08072503570174105,-0.513346501333058,0.34240057609164765,0.7869162694094058,1.7318647696323624,0.0,0.0,0.0,1.0
000744,0.19395508487915192,0.9402662573970493,-0.27978704446429736,-1.1947734808480353,-0.8376101772155271,0.01025973655775092,-0.5461720688855654,-0.08023017070174106,-0.5106766257373585,0.3402853258756705,0.7895665145630192,1.7369369696323622,0.0,0.0,0.0,1.0
000745,0.19019851552177558,0.9421748132927046,-0.27591873058958805,-1.2035110808480352,-0.8424606602520144,0.01233352687109246,-0.5386166726370986,-0.07933531570174106,-0.5040680119002319,0.3348947675192564,0.7960910337814202,1.7469736696323623,0.0,0.0,0.0,1.0
000746,0.18828666431016078,0.9433794367444139,-0.2730995612789318,-1.2082915808480352,-0.8446795055458236,0.013681654247561126,-0.535097510037108,-0.07909485170174105,-0.5010635338495664,0.3314333276314294,0.7994293492118874,1.7527884696323623,0.0,0.0,0.0,1.0
000747,0.1860593921351631,0.9444444848111282,-0.2709363720657242,-1.2129026808480352,-0.8465472979994704,0.014120187932281536,-0.5321261998272152,-0.07867443070174106,-0.49873798215905907,0.32836753098106397,0.8021441203108768,1.7581923696323623,0.0,0.0,0.0,1.0
000748,0.17887577430670965,0.9463475111590113,-0.26912793517084,-1.2216289808480352,-0.8495873440306035,0.010618067093049799,-0.527341067540005,-0.07732165570174106,-0.49619028832616185,0.3229762294261797,0.8059041835084663,1.7689358696323623,0.0,0.0,0.0,1.0
000749,0.17416817275756658,0.9472463723044593,-0.2690534477651832,-1.2258195808480352,-0.8511844499177967,0.007438649108841955,-0.5248139658179586,-0.07647700570174105,-0.4951267310663285,0.3204200003986599,0.8075769582696714,1.7743176696323624,0.0,0.0,0.0,1.0
000750,0.16481887003807172,0.9490232349357333,-0.2686812975096876,-1.234694780848035,-0.8548244662262507,0.0015473354994205435,-0.5189149619098082,-0.07529846570174105,-0.4920466156985319,0.31520232439651885,0.8115033103288322,1.7872882696323622,0.0,0.0,0.0,1.0
000751,0.1608332661057147,0.949902353973869,-0.26798913863936913,-1.2393797808480351,-0.8566148910590449,-0.0005247367230892808,-0.5159560573026277,-0.07485411570174105,-0.4902484971212756,0.3125463846635793,0.8136161063450359,1.7930865696323623,0.0,0.0,0.0,1.0
000752,0.15719765550389664,0.9510423742438232,-0.26609641015381963,-1.2443051808480352,-0.8584653693753432,-0.001602309709921701,-0.5128690302473419,-0.07454890570174105,-0.48818654906432396,0.3090563621675908,0.8161850637670364,1.7987127696323624,0.0,0.0,0.0,1.0
000753,0.15080520168808254,0.9548579936841086,-0.2559374983103794,-1.2548649808480352,-0.8616390145510957,4.799530708199384e-05,-0.5075216313615283,-0.07442834570174105,-0.48459880287432955,0.297062635809368,0.8227501386561764,1.8103167696323623,0.0,0.0,0.0,1.0
000754,0.14806470823457513,0.9569828285658403,-0.2495209570467654,-1.260383680848035,-0.8631148245819286,0.0018680550374385319,-0.5050042672664102,-0.07465247570174105,-0.4828142932456711,0.29013854656095034,0.8262626592296074,1.8171602696323623,0.0,0.0,0.0,1.0
000755,0.14143341701766965,0.961057469290412,-0.23741341426257812,-1.2710622808480352,-0.8664774490333086,0.004195822310472996,-0.4991985831228578,-0.07500222570174106,-0.4787623824690447,0.2763167309379718,0.8333280538517328,1.8304516696323623,0.0,0.0,0.0,1.0
000756,0.13751573706962855,0.9629155675908351,-0.2321271887337135,-1.276162680848035,-0.867596572399851,0.004031905562145333,-0.4972523818923025,-0.07506039970174105,-0.4778761446423404,0.26977278111173153,0.8359766964174391,1.8365973696323623,0.0,0.0,0.0,1.0
000757,0.13327783856043102,0.9645726462273563,-0.227676586188863,-1.281137380848035,-0.8681621697432278,0.002816917819010889,-0.49627261862884564,-0.07507402570174106,-0.47804964676839834,0.263802341013032,0.8377809141420287,1.8427916696323623,0.0,0.0,0.0,1.0
000758,0.12448109129031854,0.9669504896340935,-0.22251114243461742,-1.2908606808480352,-0.868387366152473,-0.00231785458288597,-0.49588104405885836,-0.07485209570174105,-0.48000816682421377,0.2549536784330044,0.8393990598252646,1.8554227696323622,0.0,0.0,0.0,1.0
000759,0.12007193724653259,0.9679022775374457,-0.22078929100771696,-1.2957162808480351,-0.8681048452537619,-0.0055312892168835615,-0.49635006042765994,-0.07462480170174106,-0.4816396033683352,0.2512659666119246,0.8395765042506658,1.8620190696323622,0.0,0.0,0.0,1.0
000760,0.11609290600334199,0.9688958944581793,-0.21854789607265565,-1.3007028808480352,-0.8672292126485718,-0.008383157412812259,-0.49783854350655743,-0.07455300570174106,-0.48418584232155903,0.24732664307323848,0.8392815985838635,1.8686210696323622,0.0,0.0,0.0,1.0
000761,0.11032792405772884,0.9715104107783922,-0.2097504968344817,-1.3109051808480352,-0.8638465165132286,-0.010635948995203481,-0.5036428024869728,-0.07472337570174105,-0.4915251215157497,0.2367581008923904,0.8380624419342251,1.8822738696323622,0.0,0.0,0.0,1.0
000762,0.10789198626053947,0.9727976646213435,-0.2049976170788721,-1.315805180848035,-0.8622115303189458,-0.011092337092030002,-0.5064269315931951,-0.07470056570174105,-0.49492483902691475,0.23139071667873168,0.8375605888227344,1.8889349696323623,0.0,0.0,0.0,1.0
000763,0.10524028231206872,0.9737941029547373,-0.2016172810784192,-1.3207123808480352,-0.8610698535431199,-0.012190464175502846,-0.5083405353721221,-0.07454670570174106,-0.49747682388037534,0.22710446414318675,0.8372218177210445,1.8954485696323622,0.0,0.0,0.0,1.0
000764,0.10038690170265402,0.9750976198105838,-0.19775515620654643,-1.329577680848035,-0.8603517709888824,-0.014753052582088866,-0.5094871711788274,-0.07389533570174106,-0.4997172201583964,0.22128483743637753,0.8374459508517076,1.9072830696323624,0.0,0.0,0.0,1.0
000765,0.09914103553277304,0.9756343092445336,-0.19572621106645777,-1.3335431808480351,-0.8608467216658127,-0.014566971814506335,-0.5086558022173526,-0.07360241570174106,-0.499113190439516,0.21891893010221278,0.8384274119875794,1.9127054696323622,0.0,0.0,0.0,1.0
000766,0.09844026219606994,0.9761583511671406,-0.19345384003792293,-1.3373130808480351,-0.8617721520164072,-0.013594054871296724,-0.5071133597936128,-0.07339214570174106,-0.4976527632675007,0.21663350414653187,0.8398878806682564,1.9180637696323624,0.0,0.0,0.0,1.0
000767,0.09761144713739522,0.9774185199059863,-0.1874167610768427,-1.3443342808480352,-0.8631025586438749,-0.01062105620308429,-0.5049169896404034,-0.07322610570174105,-0.4955057806425066,0.21104556406122765,0.8425756887306555,1.9292795696323624,0.0,0.0,0.0,1.0
000768,0.09726707073664548,0.978309692098853,-0.1828913975444434,-1.3482122808480352,-0.8629137148251238,-0.008665685084671415,-0.505276980149223,-0.07404381570174105,-0.49590224613024014,0.20696630703440727,0.8433539648543322,1.9365446696323623,0.0,0.0,0.0,1.0
000769,0.09685968027646358,0.9793118730810773,-0.17766951786722865,-1.351536980848035,-0.862379703546005,-0.00654540330491854,-0.5062197196944035,-0.07438720570174105,-0.4969099005339356,0.20225086634674325,0.8439046971153474,1.9432840696323623,0.0,0.0,0.0,1.0
000770,0.09508137639404801,0.9812575452941555,-0.16761014786194103,-1.357168780848035,-0.8608717603727535,-0.0034943375664874265,-0.508809985945331,-0.07454934570174106,-0.49985932426606783,0.19266919683296496,0.8444046639710195,1.9566294696323623,0.0,0.0,0.0,1.0
000771,0.09368983424453792,0.9820109281547494,-0.163941306399207,-1.3595489808480352,-0.8603638881214398,-0.0030028682078131474,-0.5096714263121732,-0.07446030570174106,-0.5009952045437057,0.18880021124769475,0.8446054021003159,1.9633072696323621,0.0,0.0,0.0,1.0
000772,0.09235507430566608,0.9825832372369668,-0.16124739424535553,-1.3616181808480352,-0.8602218137271455,-0.0028253723437942635,-0.5099121968134306,-0.07460420570174105,-0.5014867609797639,0.18580150476258567,0.8449785970011214,1.9698320696323623,0.0,0.0,0.0,1.0
000773,0.09140794728410184,0.9834151708226644,-0.15664989297518286,-1.3654959808480351,-0.8608780596996093,-0.0010310802307994527,-0.50881028213018,-0.07507810570174106,-0.5005332691251827,0.18136575936319135,0.8465062952095928,1.9831372696323624,0.0,0.0,0.0,1.0
000774,0.09195521972501586,0.983807841100042,-0.1538387771512722,-1.367434280848035,-0.861556207438619,0.0011452014984529857,-0.5076609005404213,-0.07536062570174105,-0.4992645981734612,0.17922282305443876,0.8477110596819473,1.9901335696323623,0.0,0.0,0.0,1.0
000775,0.09293215350011685,0.9842105368955502,-0.15064273600012687,-1.369334280848035,-0.8622255307408017,0.003887864201369884,-0.5065096431961537,-0.07574109970174106,-0.4979264493723685,0.1769590449107502,0.8489727601282043,1.9973670696323622,0.0,0.0,0.0,1.0
000776,0.09536359466657762,0.9850229413910745,-0.14365093019380146,-1.372859280848035,-0.8633594710236558,0.010012561847353885,-0.5044900121895436,-0.07669682570174105,-0.49549592188636793,0.172132372139957,0.8513837195151488,2.0124285696323625,0.0,0.0,0.0,1.0
000777,0.09662567939002836,0.9853717436250142,-0.14037807858712967,-1.374515080848035,-0.8642678709012093,0.013111616639785828,-0.5028609478145838,-0.07731281570174105,-0.49366438539791957,0.16991354382299897,0.8528920577747243,2.0197445696323624,0.0,0.0,0.0,1.0
000778,0.09767914615188217,0.9857023907922748,-0.13729377696542736,-1.3759728808480352,-0.8655634101000151,0.016055765670660305,-0.5005419018271713,-0.07781230570174105,-0.4911809926117582,0.16772897535942352,0.8547562361994241,2.027294769632362,0.0,0.0,0.0,1.0
000779,0.09923520637161787,0.9862681621885936,-0.1320132041483592,-1.3785196808480351,-0.8685825848546618,0.021125119644203494,-0.49509395331311823,-0.07866655570174105,-0.48550660871256573,0.16379512072449545,0.8587517052811433,2.0427926696323624,0.0,0.0,0.0,1.0
000780,0.09992643559387243,0.9864916329175843,-0.12980356564094042,-1.3796702808480352,-0.86986761954076,0.02327837647477765,-0.4927356711901324,-0.07908424570174105,-0.4830580006003372,0.16214923796397188,0.860443253610433,2.0507682696323624,0.0,0.0,0.0,1.0
000781,0.10049382619496078,0.9866053840823947,-0.1284943850770413,-1.380716580848035,-0.8710582708696006,0.024835539359150116,-0.49055140885986803,-0.07945605570174105,-0.48078943379233935,0.16122348490331698,0.8618865982652657,2.058812069632362,0.0,0.0,0.0,1.0
000782,0.10095927848268721,0.9863992643919628,-0.1297062654433086,-1.3841865808480351,-0.8737730759940037,0.025569970928048524,-0.48566118668750546,-0.07935100570174106,-0.4757392518557119,0.16236584552711064,0.8644706452217068,2.075691869632362,0.0,0.0,0.0,1.0
000783,0.10124570549042478,0.9861492882793019,-0.13137308836277178,-1.3851127808480352,-0.8751053607921551,0.02546576510216958,-0.483261939656532,-0.07931149970174105,-0.473222901635771,0.16389348990727975,0.865562828068208,2.0839025696323623,0.0,0.0,0.0,1.0
000784,0.10226268712858338,0.9858656584909493,-0.13270737066737612,-1.3859779808480353,-0.8760158756555703,0.02604280414968546,-0.4815786103549715,-0.07926613570174106,-0.47131574174925006,0.16550128627967822,0.8662971752344146,2.0921920696323624,0.0,0.0,0.0,1.0
000785,0.10556786041830502,0.9849681351786362,-0.136723076067724,-1.387676480848035,-0.8766997136385067,0.02729864975649199,-0.48026284035685324,-0.07895408070174105,-0.4693112388946819,0.17056540213124044,0.8664031421012661,2.1086288696323625,0.0,0.0,0.0,1.0
000786,0.10736882122855784,0.984397875601372,-0.13940143019171536,-1.389184780848035,-0.8763651199657541,0.02749031834844784,-0.4808622036555903,-0.07906550570174105,-0.46952754204135816,0.1737961590732278,0.8656435654217005,2.1169558696323625,0.0,0.0,0.0,1.0
000787,0.10913622448689486,0.9838806072967791,-0.1416623982927977,-1.3902713808480351,-0.8755063159628301,0.027655225231458136,-0.48241463413394725,-0.07883697970174106,-0.47072069766894564,0.17667523624639217,0.8644118727107712,2.1251455696323625,0.0,0.0,0.0,1.0
000788,0.11174916926537426,0.9832242625367956,-0.14416023282262436,-1.3919812808480352,-0.8732743259140524,0.02793277177418718,-0.48642749918191147,-0.07804250570174105,-0.4742405242784046,0.18024929908320225,0.8617459691302062,2.1411827696323624,0.0,0.0,0.0,1.0
000789,0.11214373077603929,0.983043117575008,-0.14508622483213263,-1.392604780848035,-0.8723482922250027,0.02747594044511187,-0.4881122102025086,-0.07754928070174105,-0.4758489683710079,0.18130444474713128,0.8606372392681958,2.1489249696323625,0.0,0.0,0.0,1.0
000790,0.1125227161201724,0.98262522674192,-0.14760183646326883,-1.3935922808480352,-0.871079035050919,0.026077948790769856,-0.4904500538093823,-0.07687308570174105,-0.47807944219731835,0.18375963745408413,0.8588785959558223,2.163087569632362,0.0,0.0,0.0,1.0
000791,0.11243095972495709,0.9823803233608659,-0.14929226225335937,-1.3939222808480352,-0.8710458428587542,0.02513894322274468,-0.4905580222278769,-0.07650863570174106,-0.4781614987991063,0.18519431364662461,0.8585246922827253,2.1698738696323625,0.0,0.0,0.0,1.0
000792,0.1123650013194833,0.982083181029396,-0.1512836145048619,-1.3942261808480352,-0.8712627633957606,0.024170028470676563,-0.4902213855430114,-0.07615092570174105,-0.4777816484529891,0.1868915066633843,0.8583683714691699,2.176555069632362,0.0,0.0,0.0,1.0
000793,0.11329887117761184,0.9817277871464538,-0.15288530908627568,-1.3951966808480352,-0.8713156568828879,0.02422896815594988,-0.4901244568197342,-0.07588856170174105,-0.4774645451346314,0.18874191120846767,0.8581399064795638,2.189872169632362,0.0,0.0,0.0,1.0
000794,0.11483452823429863,0.981806060216829,-0.15122794466207173,-1.3959611808480352,-0.8708999398650088,0.026271079090482763,-0.49075770513212097,-0.07607847570174106,-0.47785596770191147,0.18806033745830125,0.8580716657754991,2.196615869632362,0.0,0.0,0.0,1.0
000795,0.11679817051440622,0.9820270492254252,-0.1482601158575418,-1.396397880848035,-0.8703823357518946,0.02931566438332589,-0.4915029821199869,-0.07711544570174106,-0.47832287941887497,0.18644963505292314,0.8581630128437534,2.202917769632362,0.0,0.0,0.0,1.0
000796,0.1192928327837971,0.982823485003695,-0.14080915230058386,-1.3975422808480351,-0.8697043205598061,0.0350267464828552,-0.49232867256582974,-0.07836803970174105,-0.4789400952582934,0.18119361014124585,0.858944271066499,2.2158507696323624,0.0,0.0,0.0,1.0
000797,0.11936806996126659,0.9832190735858893,-0.1379547650885163,-1.3980869808480352,-0.8694047008156546,0.03641198773880472,-0.4927571748321391,-0.07860642170174105,-0.4794650457263431,0.17875799418715432,0.8591617132070196,2.2223369696323623,0.0,0.0,0.0,1.0
000798,0.1183729795981438,0.9839130157657938,-0.13380214911472108,-1.3990807808480352,-0.8677095923930389,0.03698343339126303,-0.49569374509237046,-0.07897930570174105,-0.48277106476068277,0.17477815384439394,0.858128601066636,2.2354163696323623,0.0,0.0,0.0,1.0
000799,0.11682529482871906,0.984427305027286,-0.1313572670425876,-1.3990734808480352,-0.8664495594556192,0.03638211684955417,-0.49793724754501856,-0.07923646570174106,-0.4854039672348656,0.1719861119109918,0.8572069562844163,2.2413233696323624,0.0,0.0,0.0,1.0
000800,0.11452104934810847,0.9850406687443873,-0.12876261171558329,-1.3991233808480352,-0.8652230596080026,0.035212501945041774,-0.5001491145941745,-0.07944333070174106,-0.48813316459627537,0.1686859823055265,0.8563124739222504,2.247602369632362,0.0,0.0,0.0,1.0
000801,0.10884188004485279,0.9863512048241353,-0.12355058029114566,-1.399597780848035,-0.8632646695369298,0.032162718505311216,-0.5037257883686757,-0.07980839570174106,-0.4928768157233586,0.161483312699254,0.854982797629331,2.2610065696323622,0.0,0.0,0.0,1.0
000802,0.10566537865495085,0.9871426587443234,-0.11993414459983495,-1.399951780848035,-0.8624833800510975,0.030949244488279737,-0.5051381626854565,-0.08008089570174105,-0.49493155778283104,0.15681682165122762,0.8546644005443699,2.2678982696323624,0.0,0.0,0.0,1.0
000803,0.10220138254600813,0.9881015770099688,-0.1149354206330547,-1.4001030808480353,-0.8619512085376997,0.030285768172815086,-0.5060858487910735,-0.08023966570174106,-0.49658331778875076,0.1507913981518681,0.8547905958404791,2.2738181696323623,0.0,0.0,0.0,1.0
000804,0.0958420415748174,0.9901913188317384,-0.10166344071018674,-1.4010064808480351,-0.8614443420703208,0.03133838497842284,-0.5068841594900911,-0.08098270570174106,-0.4987263263372036,0.1361582084826576,0.8559982439707398,2.2862745696323623,0.0,0.0,0.0,1.0
000805,0.09305514848422419,0.9912342238608142,-0.09378407534133001,-1.4019345808480352,-0.8609701657528342,0.03280073639423503,-0.5075967743943345,-0.08166939970174106,-0.5000711079677729,0.12797978410297928,0.8564753714128848,2.293371569632362,0.0,0.0,0.0,1.0
000806,0.08692979942422524,0.9932607870760221,-0.07665649893639193,-1.4040781808480352,-0.8593676970913208,0.03584371131563108,-0.5101003720397402,-0.08323439570174106,-0.5039150436016211,0.11021904198568774,0.8566921218359216,2.308175269632362,0.0,0.0,0.0,1.0
000807,0.08296428148959978,0.9942112959352878,-0.0682702499745641,-1.4050923808480351,-0.8589589666953115,0.03660686780528799,-0.5107342075514509,-0.08395702570174106,-0.5052785583523576,0.10101403993584845,0.857023769918432,2.315634169632362,0.0,0.0,0.0,1.0
000808,0.07866022025853942,0.99507748910692,-0.06027736243022977,-1.4056382808480352,-0.8588495831844275,0.03694381868886604,-0.5108938712928734,-0.08489682570174105,-0.506152114697561,0.0919562120432948,0.8575278956709427,2.3224717696323625,0.0,0.0,0.0,1.0
000809,0.06972233203586303,0.9965752238481826,-0.04445919058446346,-1.4073553808480352,-0.8588078634385872,0.03728986827434316,-0.510938860745717,-0.08636006570174105,-0.5075311321599197,0.07380575137499049,0.8584665753262868,2.3371364696323624,0.0,0.0,0.0,1.0
000810,0.06480336160025152,0.9972272194973323,-0.0365841088305629,-1.4081896808480352,-0.8588099172248654,0.03706382114216428,-0.5109518560868151,-0.08696906570174105,-0.5081791518761143,0.06453019336683471,0.8588304860346494,2.3445843696323623,0.0,0.0,0.0,1.0
000811,0.059512511024224335,0.9978075230471009,-0.02895527555042174,-1.4089282808480352,-0.8589732490805966,0.03641132702537614,-0.5107241649150494,-0.08747508570174105,-0.5085501139470082,0.05526628461241431,0.8592568995298348,2.3519512696323623,0.0,0.0,0.0,1.0
000812,0.04797743709010971,0.9987394893278163,-0.014751202916296446,-1.4098283808480352,-0.8611149734563632,0.03387378922913031,-0.5072805623050303,-0.08776448570174106,-0.5061414506039905,0.03704050297274114,0.8616547064340884,2.3657082696323624,0.0,0.0,0.0,1.0
000813,0.04221388710568286,0.999080484579776,-0.0074948693963727275,-1.410337080848035,-0.8632290250179393,0.03269475583706971,-0.5037526211418978,-0.08772871570174105,-0.5030443699138345,0.02773514507974348,0.8638154453501043,2.3722865696323625,0.0,0.0,0.0,1.0
000814,0.03684197701120295,0.9993209212089684,0.0006042879816689772,-1.4110430808480352,-0.865259780603785,0.03220206698761596,-0.5002884557444983,-0.08768674970174105,-0.4999681797868698,0.01790874969906861,0.8658585888497152,2.378845869632362,0.0,0.0,0.0,1.0
000815,0.027023511973393755,0.9994876063074465,0.01715385199989458,-1.4130328808480352,-0.8676918741292443,0.03197402875787819,-0.49607305213553937,-0.08754017570174105,-0.49636734518973247,-0.0014786219262614697,0.8681113248348369,2.391775569632362,0.0,0.0,0.0,1.0
000816,0.02236232464740301,0.9994472663899294,0.02459853942942905,-1.4140824808480352,-0.868277026841858,0.031612198800108515,-0.4950713822729864,-0.08778409570174106,-0.49557535359925564,-0.010287399706409767,0.8685040231986568,2.3975969696323625,0.0,0.0,0.0,1.0
000817,0.017872571827771744,0.999335602455734,0.03176357726542453,-1.4152525808480352,-0.8683784343043148,0.03126122148797278,-0.4949157815894206,-0.08810836570174105,-0.4955799289836589,-0.01873738763849872,0.868360204231537,2.403290169632362,0.0,0.0,0.0,1.0
000818,0.010084679259462492,0.9988062191314205,0.04779577249747213,-1.418436280848035,-0.866830273528057,0.03256083722664477,-0.49753901231398256,-0.08827132570174105,-0.49850133012812226,-0.03641330118921235,0.8661238337310642,2.4157075696323624,0.0,0.0,0.0,1.0
000819,0.00648570764370332,0.9983824023705061,0.05648463714371793,-1.4201798808480353,-0.8656670455694544,0.03388178280390369,-0.49947231255504176,-0.08825215570174105,-0.5005781675337155,-0.045657457560908554,0.8644864919463238,2.4219565696323624,0.0,0.0,0.0,1.0
000820,0.0030470999695966783,0.9978988904526163,0.0647187732826636,-1.4219210808480351,-0.8646883006264683,0.0351377939422049,-0.5010783154324138,-0.08813059570174106,-0.5022995699196702,-0.054434730368696393,0.8629785641533639,2.4279635696323623,0.0,0.0,0.0,1.0
000821,-0.004108259280710069,0.9967934000665915,0.07991270105162496,-1.4242996808480353,-0.864039807126131,0.03669089354207428,-0.5020846442907034,-0.08774378570174106,-0.5034067281107003,-0.07111044870318348,0.8611184414342263,2.4387611696323623,0.0,0.0,0.0,1.0
000822,-0.007820357285445168,0.9961828551429065,0.08693998580201426,-1.425515180848035,-0.864342846127974,0.03698568841470473,-0.5015411281239889,-0.08737027070174105,-0.5028422082118018,-0.07906818558571352,0.8607542829802601,2.4438470696323624,0.0,0.0,0.0,1.0
000823,-0.011520915146342015,0.9955113569734204,0.09393831300981709,-1.426672380848035,-0.864784393967226,0.0372446396986027,-0.5007602108439324,-0.08700277570174106,-0.5020111756374843,-0.08700560298429555,0.8604735931941262,2.4487821696323624,0.0,0.0,0.0,1.0
000824,-0.015209824973665298,0.994762813843996,0.10107227818470105,-1.4276888808480352,-0.8651448684391739,0.03758556634943133,-0.5001116693455141,-0.08671266570174105,-0.501291350252161,-0.09504877377098361,0.8600422738255356,2.453611069632362,0.0,0.0,0.0,1.0
000825,-0.02389550986683675,0.9930013596370747,0.11566029728097998,-1.4290053808480352,-0.8654918966461099,0.037355638276602376,-0.49952811044911855,-0.08629340570174106,-0.5003526570811061,-0.11203952895236752,0.8585419981014373,2.462983569632362,0.0,0.0,0.0,1.0
000826,-0.029237310379234105,0.9919828933791198,0.12294355991664471,-1.4285984808480352,-0.8657471163567784,0.03634780208228522,-0.4991600623083837,-0.08659533570174105,-0.4996269710511141,-0.12103213014310002,0.857743617447144,2.467411469632362,0.0,0.0,0.0,1.0
000827,-0.03483809406181876,0.9909180804381841,0.12987557531285318,-1.428323680848035,-0.8661346696901402,0.034897236859534,-0.4985909313458493,-0.08661619570174105,-0.49859506732707626,-0.1298596962890115,0.8570527510701043,2.4715920696323623,0.0,0.0,0.0,1.0
000828,-0.04047155813015668,0.9898141983279093,0.13649141281046054,-1.4279375808480352,-0.8664296954323344,0.033271700313339925,-0.49818929819024754,-0.08660817570174105,-0.49765614218609766,-0.13842271037202497,0.8562578568385303,2.4756105696323623,0.0,0.0,0.0,1.0
000829,-0.051177845883513595,0.9873615822745366,0.14999311297205115,-1.426641580848035,-0.8654137851103844,0.031113405997843346,-0.5000909282401856,-0.08689672570174105,-0.49843736680915135,-0.15539968409085178,0.8528840070917163,2.4836489696323625,0.0,0.0,0.0,1.0
000830,-0.056124553983774694,0.9860747784842733,0.1565457303068786,-1.4257327808480351,-0.8638580777061181,0.03065467739365807,-0.5028016630201033,-0.08718582570174105,-0.5005988973439846,-0.16345281273530407,0.8501081825196748,2.4876903696323622,0.0,0.0,0.0,1.0
000831,-0.060961279492018905,0.9848133228935375,0.162562115679162,-1.4248755808480351,-0.8617004869824251,0.030269250145990245,-0.5065136160359868,-0.08765812570174106,-0.5037419906429754,-0.17095757235931017,0.8467688677059779,2.492508569632362,0.0,0.0,0.0,1.0
000832,-0.06581489521914435,0.983621124039955,0.16780311054825067,-1.4236655808480352,-0.8593564786444299,0.029593092455990788,-0.5105200206561316,-0.08790773570174105,-0.5071240895275423,-0.17780251185308543,0.8433335191960503,2.496632569632362,0.0,0.0,0.0,1.0
000833,-0.07556630724507274,0.9814901653854486,0.17597382890926788,-1.4205844808480352,-0.8548547752061117,0.027085714311632036,-0.5181598955800584,-0.08789822570174105,-0.5133352184651387,-0.18958749782586842,0.836984787287962,2.503811969632362,0.0,0.0,0.0,1.0
000834,-0.08034608368195206,0.9804078121314324,0.1798472372560401,-1.4188064808480352,-0.8527520568806644,0.0258127345507681,-0.5216777091469479,-0.08774911570174106,-0.5160992504574762,-0.19527986236852277,0.833970826246675,2.5071062696323625,0.0,0.0,0.0,1.0
000835,-0.08485606037928817,0.9793152003402066,0.18368774428232354,-1.4169403808480352,-0.850651913085694,0.02479244987670276,-0.5251444155589591,-0.08757104570174105,-0.5188359777237466,-0.20081601731867119,0.8309525590596081,2.5102857696323624,0.0,0.0,0.0,1.0
000836,-0.08892625287654682,0.9782575243970836,0.1873615155516894,-1.415255480848035,-0.8486375003174619,0.024063980771922233,-0.5284272115290227,-0.08766367570174105,-0.5214465596820699,-0.20599306005275525,0.8280461005317492,2.5145255696323625,0.0,0.0,0.0,1.0
000837,-0.09600257601884221,0.9759970144167951,0.1954823092948534,-1.4114898808480352,-0.8455262498230836,0.02366742351580886,-0.5334090493460304,-0.08722976570174105,-0.5252322022285562,-0.21649406669381413,0.8229589618131122,2.520941869632362,0.0,0.0,0.0,1.0
000838,-0.09914913018177873,0.9746704458808536,0.20046688482294084,-1.4094799808480352,-0.8446746545550216,0.02405811116842116,-0.5347391282105346,-0.08681825570174105,-0.5260172791235582,-0.2223482161237761,0.8208940813832336,2.5237816696323625,0.0,0.0,0.0,1.0
000839,-0.10226793669806195,0.9732329884473189,0.20581258300070598,-1.407365380848035,-0.844533581314261,0.024382813536538206,-0.5349472015410035,-0.08628358170174105,-0.5256465534520605,-0.22852358434512549,0.8194343611553196,2.5264190696323623,0.0,0.0,0.0,1.0
000840,-0.10522801365273421,0.9717068066601706,0.21145436158422953,-1.533141402967666,-0.8451280265139705,0.024682524639504433,-0.5339938124903904,-0.0771069163801877,-0.5241046498012605,-0.23489711549466583,0.8186193628231524,2.4202445528399057,0.0,0.0,0.0,1.0
000841,-0.1076309185955584,0.9699989234320313,0.21798549012027468,-1.531046302967666,-0.8462367844305646,0.02569876665951687,-0.5321868826538266,-0.0769274213801877,-0.521822661484622,-0.2417471032564399,0.818082788003895,2.423741052839906,0.0,0.0,0.0,1.0
000842,-0.11069262048019418,0.9661146889335177,0.23317279343465408,-1.5262730029676659,-0.8482965291024527,0.03039623026280125,-0.5286483404859434,-0.0763199563801877,-0.517822500944058,-0.25631714147263523,0.8161870989566902,2.429533352839906,0.0,0.0,0.0,1.0
000843,-0.11145750890095352,0.9645239284220103,0.2393132157047887,-1.523687602967666,-0.8492946312135677,0.03259302929809321,-0.5269120646113388,-0.07597618638018769,-0.5160192371427677,-0.2619757354079696,0.8155322562327316,2.4322527528399056,0.0,0.0,0.0,1.0
000844,-0.11259971243791805,0.9630892825479606,0.2445001811863399,-1.520882802967666,-0.8502084268781439,0.03396855063892429,-0.5253491871440205,-0.0755428163801877,-0.5142634885195433,-0.26703028181976984,0.815001774824426,2.434994252839906,0.0,0.0,0.0,1.0
000845,-0.1147690891729955,0.9614800734373784,0.24976814158986507,-1.517770402967666,-0.8511111954297793,0.034488628205013694,-0.5238513792466608,-0.0749922303801877,-0.5122868231611014,-0.2727024072269811,0.8143682262392834,2.437856752839906,0.0,0.0,0.0,1.0
000846,-0.12097080329560778,0.9584045717337811,0.2585086877259702,-1.511018102967666,-0.8530529829183792,0.032799175508384626,-0.5207924945888004,-0.07286319638018769,-0.5076087795577131,-0.2835222935956853,0.8136021361514307,2.4440310528399056,0.0,0.0,0.0,1.0
000847,-0.12396624847725457,0.9573705209520078,0.26091005126394884,-1.507378402967666,-0.854319402917731,0.030774788690414445,-0.5188364580282996,-0.0720044563801877,-0.504748181806301,-0.2872187284860463,0.8140851767291257,2.446793052839906,0.0,0.0,0.0,1.0
000848,-0.12723582334682448,0.9566344126649735,0.2620336729552085,-1.503608402967666,-0.8558636887176116,0.027632412088273273,-0.5164627732343031,-0.0711099463801877,-0.5013066841684231,-0.28997767208411984,0.8152328244745399,2.4494322528399057,0.0,0.0,0.0,1.0
000849,-0.1311001108129468,0.9560714135776373,0.26218354846269654,-1.499717502967666,-0.8572379683258599,0.02351170409451947,-0.5143833837043373,-0.0702154323801877,-0.4979516307889601,-0.2921894110166038,0.8164983291375341,2.4521240528399058,0.0,0.0,0.0,1.0
000850,-0.13544211656763538,0.9556021329148859,0.26168682929830395,-1.495763702967666,-0.858046504675099,0.01892846395078651,-0.5132230597579467,-0.0693885513801877,-0.4953903802805664,-0.29405148668385334,0.8173873587868186,2.455020052839906,0.0,0.0,0.0,1.0
000851,-0.144111176522413,0.9544635793302834,0.2612111110449734,-1.487165402967666,-0.8581065854851304,0.010929022220205975,-0.5133552808926392,-0.0690529563801877,-0.4928337009056667,-0.29812720809301146,0.817456488778632,2.4637556528399056,0.0,0.0,0.0,1.0
000852,-0.14831548826428514,0.9533480469525865,0.26292587798201983,-1.483172702967666,-0.8575006912019868,0.008466889121799326,-0.5144131378344787,-0.06864419638018769,-0.4926409245373774,-0.3017545578119549,0.8162408384237276,2.467876252839906,0.0,0.0,0.0,1.0
000853,-0.15274846688573618,0.9515568704814782,0.26684719991701705,-1.479159102967666,-0.8564773583921298,0.00725464316011154,-0.5161336113006578,-0.0682947023801877,-0.4930663651332306,-0.3073872027136373,0.8138787791693484,2.472309652839906,0.0,0.0,0.0,1.0
000854,-0.15724268635964384,0.9491412747195513,0.27277385910337465,-1.475107002967666,-0.8552793373983161,0.007209009663899091,-0.5181170574292675,-0.06801856138018769,-0.49373271372869326,-0.31476796343244784,0.8106473564939869,2.4769810528399057,0.0,0.0,0.0,1.0
000855,-0.1612530704848354,0.9466423503505204,0.27904427566616685,-1.471096402967666,-0.8545047183655778,0.007543479454707014,-0.5193888545287446,-0.06774689138018769,-0.4937804507573965,-0.322197697758006,0.8076939457549891,2.4815774528399057,0.0,0.0,0.0,1.0
000856,-0.16688488133444612,0.9428845808430144,0.2883021047278025,-1.462708102967666,-0.854912712240558,0.007292766149466889,-0.5187206088169063,-0.0668537663801877,-0.49119618364914097,-0.3330397615456481,0.8048669619248495,2.4900618528399057,0.0,0.0,0.0,1.0
000857,-0.16871562553608355,0.9417049243979998,0.2910788090269121,-1.459006902967666,-0.8559041049558889,0.0064889408295728535,-0.5170938568254017,-0.0665111463801877,-0.48883862451695315,-0.336377361026969,0.804914324738295,2.493785252839906,0.0,0.0,0.0,1.0
000858,-0.17035226863595698,0.9408981806968988,0.2927297698080069,-1.455472402967666,-0.857422369341426,0.0048592720173157855,-0.5145903885892128,-0.06616571638018769,-0.48559961400676377,-0.33865469291998257,0.8059193593901031,2.497262352839906,0.0,0.0,0.0,1.0
000859,-0.1718345868510041,0.9404580840952746,0.2932771160891865,-1.452134002967666,-0.8592862506246465,0.002501852548625283,-0.5114888857260366,-0.0658070663801877,-0.4817675936062764,-0.33990047483590013,0.8076927961528118,2.5006144528399057,0.0,0.0,0.0,1.0
000860,-0.17293583231747128,0.9402492505976339,0.293299411269868,-1.449052002967666,-0.8609389837360619,0.000336711595660677,-0.508708121528267,-0.06550656638018769,-0.4784111873526582,-0.3404867594722137,0.8094390047680743,2.5040787528399058,0.0,0.0,0.0,1.0
000861,-0.1736637958011718,0.939797424132396,0.294315625854359,-1.445847802967666,-0.8617411460643635,-0.0003540884905426367,-0.5073480775572318,-0.0666934663801877,-0.47670020265110746,-0.34173187766940183,0.8099236016915043,2.5091107528399057,0.0,0.0,0.0,1.0
000862,-0.1766440479992501,0.9362138642778561,0.30380994164174857,-1.440103702967666,-0.8616815139977219,0.002089242342527109,-0.507445172901495,-0.0674409263801877,-0.4757119388254122,-0.35142457996042087,0.8063491277719653,2.518522552839906,0.0,0.0,0.0,1.0
000863,-0.17967076311996077,0.9330582158862044,0.3116420745777828,-1.437154402967666,-0.8613298180344848,0.003824307240510305,-0.5080318092785252,-0.0676156263801877,-0.4752150686211166,-0.359705074250258,0.8029837471045377,2.523359352839906,0.0,0.0,0.0,1.0
000864,-0.18350712805819813,0.9296697656637188,0.3194358476480032,-1.4341389029676659,-0.8604078851487983,0.005256472234456744,-0.5095788856236302,-0.0677723723801877,-0.47541918884875106,-0.36835647993542153,0.7989305968380362,2.5282712528399056,0.0,0.0,0.0,1.0
000865,-0.1879287459290384,0.9266405192267491,0.3256073318902997,-1.431101802967666,-0.858418067616431,0.006137355831509872,-0.5129139830937248,-0.06797540638018769,-0.47728524766978847,-0.37589849825528476,0.7942915783049762,2.5332532528399057,0.0,0.0,0.0,1.0
000866,-0.19268051404055447,0.9243224320157433,0.329396814164268,-1.427911702967666,-0.855512284497842,0.0061701988856204815,-0.5177457481418802,-0.06935610638018769,-0.48059645294399655,-0.38156253788627303,0.789580318333376,2.538577052839906,0.0,0.0,0.0,1.0
000867,-0.19738583671649118,0.9226722922153076,0.3312320525581434,-1.424846202967666,-0.8523950652220457,0.005354975951309238,-0.5228708989967459,-0.0699888963801877,-0.48421223058575774,-0.3855478769371074,0.7854243122926956,2.5435220528399056,0.0,0.0,0.0,1.0
000868,-0.20361534513195212,0.9214628191215166,0.33082784677747884,-1.4191121029676659,-0.8481905902833511,0.0027452132458312684,-0.5296840438969397,-0.0706183463801877,-0.4889923453200226,-0.38845686604932333,0.7810171249323293,2.5524636528399056,0.0,0.0,0.0,1.0
000869,-0.20465165395438578,0.9214319375638835,0.3302739544242046,-1.416444102967666,-0.8475813104094196,0.0019587963176256884,-0.5306619313288234,-0.0708506863801877,-0.48961579098144414,-0.38853487302204076,0.7805876181873251,2.5566595528399056,0.0,0.0,0.0,1.0
000870,-0.2049662336030058,0.9209534881928457,0.3314113994237795,-1.413794902967666,-0.8479019993044369,0.0020697334293459657,-0.530148956218033,-0.07109212638018769,-0.48892846374304755,-0.38966702296827904,0.7804540784395337,2.560921552839906,0.0,0.0,0.0,1.0
000871,-0.20508166096364638,0.9196533522178738,0.33493167077901,-1.411241002967666,-0.849066465794635,0.003054201712649751,-0.5282772080214195,-0.07253966638018769,-0.4868548541397114,-0.39271921726129666,0.7802204607636707,2.565592852839906,0.0,0.0,0.0,1.0
000872,-0.20540650361210877,0.9175729883687217,0.34039385906614444,-1.408531602967666,-0.8506018173718656,0.004638880154918368,-0.5257899096355764,-0.0732523963801877,-0.48402966495611405,-0.3975403021166556,0.779536395324471,2.570392252839906,0.0,0.0,0.0,1.0
000873,-0.20630179853488645,0.9148746251111508,0.34705041168251444,-1.405710002967666,-0.8520603540859357,0.006411903050070666,-0.5234042801642214,-0.07376876638018769,-0.4810745481900091,-0.4036871410226094,0.7782056098851838,2.575481252839906,0.0,0.0,0.0,1.0
000874,-0.2080841718553066,0.9117139605060617,0.3542296312304246,-1.402763802967666,-0.8532570075210385,0.007850296261542988,-0.5214315410145886,-0.0742261463801877,-0.47817722294096543,-0.41075056551021005,0.7762928032601546,2.5808795528399058,0.0,0.0,0.0,1.0
000875,-0.21572139861493067,0.9044335065948386,0.36805476539257387,-1.396361602967666,-0.8546289448124076,0.007437925857721184,-0.51918594351905,-0.07496041638018769,-0.4723067275282551,-0.4265497736577754,0.7713505336253107,2.5924704528399056,0.0,0.0,0.0,1.0
000876,-0.22162164872742257,0.9006718358101465,0.37372996801664066,-1.392916202967666,-0.8546788068566163,0.005107150812870609,-0.5191320199339714,-0.0757259563801877,-0.4694762847317098,-0.43446997731598785,0.7686532748161263,2.5986955528399056,0.0,0.0,0.0,1.0
000877,-0.2283588410940856,0.8969519858885766,0.3785886616166755,-1.389340902967666,-0.8544557272731736,0.0017418459251871132,-0.5195212951389437,-0.07611296638018769,-0.4666451005038398,-0.44212453108068134,0.7660079955147006,2.6049485528399057,0.0,0.0,0.0,1.0
000878,-0.23563031000399115,0.8933964890510654,0.3825193725272653,-1.385660102967666,-0.8541113721979355,-0.002588361882491119,-0.5200837089016777,-0.0763476163801877,-0.46365086098225106,-0.4492616317180837,0.7636699976929973,2.6112390528399056,0.0,0.0,0.0,1.0
000879,-0.24331567129360376,0.8899635764111269,0.3856971827281859,-1.381863302967666,-0.8535997839620313,-0.007634913377512653,-0.5208734173651903,-0.0765351713801877,-0.46061360479572994,-0.4559676970567483,0.7615304106323324,2.617608652839906,0.0,0.0,0.0,1.0
000880,-0.25137677033299277,0.8864185827239499,0.38867957952356824,-1.377938102967666,-0.8529054326314724,-0.013027279106749112,-0.5219028769673487,-0.07671763638018769,-0.45756097115540184,-0.4627011845681172,0.7593059801388282,2.6241440528399056,0.0,0.0,0.0,1.0
000881,-0.25974193774518534,0.8824330929727404,0.39223202597816964,-1.373877102967666,-0.8521329198835859,-0.018353738384829843,-0.5230034676156323,-0.0769147863801877,-0.4543166435725756,-0.4700797556945678,0.7567175236897088,2.6308952528399057,0.0,0.0,0.0,1.0
000882,-0.2754641604426285,0.8731343926872939,0.40218879723113676,-1.365674202967666,-0.8515971894112067,-0.02754409244620165,-0.523472587590075,-0.07828491038018769,-0.4459839944421452,-0.48670078618994,0.7511462050916073,2.6444840528399056,0.0,0.0,0.0,1.0
000883,-0.28158525238922455,0.8683130485710249,0.4083407833148553,-1.361653702967666,-0.852314469980411,-0.03086091963473353,-0.5221184232540634,-0.07868689638018769,-0.4407604677133686,-0.49505560629144624,0.7487657556141982,2.6514073528399056,0.0,0.0,0.0,1.0
000884,-0.286025747254946,0.8635449899108792,0.41530629938284,-1.357774502967666,-0.8538531761243869,-0.032987069238171185,-0.519467618707242,-0.07911696138018769,-0.43488392190278347,-0.5031917166079898,0.7467757834903045,2.658369852839906,0.0,0.0,0.0,1.0
000885,-0.28889395453452954,0.8588903699207293,0.4229037898752316,-1.354038302967666,-0.8560201259005158,-0.03394367612540339,-0.5158268807500817,-0.0795841723801877,-0.428683831146763,-0.5110334228879032,0.7450335654215903,2.6654625528399056,0.0,0.0,0.0,1.0
000886,-0.29085893590451156,0.8542231885693897,0.4309336648659978,-1.350391802967666,-0.8583322240806807,-0.03398348909897991,-0.5119676899701502,-0.0800798263801877,-0.4226900430684494,-0.5187946285178793,0.7430916907837067,2.672819052839906,0.0,0.0,0.0,1.0
000887,-0.29665915369996304,0.8423223861457796,0.4499848267705281,-1.342726402967666,-0.8603502553813132,-0.031226602812537252,-0.5087458474937143,-0.0820083263801877,-0.41447651874543057,-0.5380686731955955,0.7339559375972105,2.6884067528399056,0.0,0.0,0.0,1.0
000888,-0.30148763765788494,0.8349384276941862,0.460416144698498,-1.338662502967666,-0.8596910599715661,-0.029204244657332123,-0.5099788167159103,-0.0827956263801877,-0.4123548056521631,-0.549567952171117,0.7265938206467295,2.6968997528399057,0.0,0.0,0.0,1.0
000889,-0.30646553503378765,0.827894763232097,0.4697543367009228,-1.334625602967666,-0.8587282954312361,-0.027541905767298258,-0.5116904904846958,-0.08351883138018769,-0.4106879477927464,-0.5602068407647082,0.7193773037135707,2.7053654528399056,0.0,0.0,0.0,1.0
000890,-0.31103860598028205,0.8217424317132528,0.47748755115901503,-1.330719002967666,-0.8580792848933599,-0.026811491051164926,-0.5128168140618182,-0.08411240638018769,-0.40860118260565886,-0.5692280034130467,0.7134595669718456,2.7135482528399058,0.0,0.0,0.0,1.0
000891,-0.3152194498721979,0.8166532759992298,0.48343988790954634,-1.326975002967666,-0.8580535719412612,-0.02762386087901253,-0.5128167216354982,-0.0845072463801877,-0.40543897950383595,-0.5764671275188749,0.7094398387383001,2.721363852839906,0.0,0.0,0.0,1.0
000892,-0.3193705335649626,0.8124188974993255,0.48782988559170054,-1.323004002967666,-0.8583474001086296,-0.029867543359389848,-0.5121988584333539,-0.0844362163801877,-0.4015497516089222,-0.5823087367021513,0.7068764617266283,2.729140552839906,0.0,0.0,0.0,1.0
000893,-0.3284902773173495,0.8051866692740274,0.4937292429372287,-1.315813702967666,-0.8574639783685852,-0.035038926640783785,-0.5133495879224804,-0.08453435638018769,-0.39604250214880915,-0.5919853893832684,0.701928511494191,2.7446995528399056,0.0,0.0,0.0,1.0
000894,-0.3336245819067514,0.801240488047976,0.49669741156984715,-1.312272502967666,-0.8558621699754296,-0.036549629959173546,-0.5159109133898951,-0.08458120638018769,-0.3952146054392396,-0.5972250872681826,0.6979452777868889,2.7529540528399057,0.0,0.0,0.0,1.0
000895,-0.33909617194884933,0.7963432042558803,0.5008505637464269,-1.308658402967666,-0.8535933520479196,-0.03664701024829509,-0.5196492913296983,-0.0845905863801877,-0.39546450600430966,-0.6037337970292359,0.6921801259899252,2.7616153528399057,0.0,0.0,0.0,1.0
000896,-0.3447687182637062,0.7899698315504062,0.5070327367606797,-1.304916102967666,-0.8511797024639833,-0.035363850046208956,-0.5236816897918379,-0.0845067663801877,-0.39576210659956657,-0.6121250389831581,0.6845986354278988,2.7705412528399056,0.0,0.0,0.0,1.0
000897,-0.3503308661048455,0.7818915178482518,0.5156684386029319,-1.301202102967666,-0.8493216321752953,-0.03308638366907385,-0.5268377893951756,-0.0842386763801877,-0.39486839500436266,-0.6225358989911022,0.6756685615699602,2.7791026528399057,0.0,0.0,0.0,1.0
000898,-0.359916891031511,0.7631373672810065,0.5367319537810527,-1.293381802967666,-0.8478402023975358,-0.027426072809079716,-0.5295420679500137,-0.0832430363801877,-0.3893928899565544,-0.6456540630939184,0.6568896467912988,2.7961467528399058,0.0,0.0,0.0,1.0
000899,-0.36344265651935176,0.7543787478202741,0.5466462661166468,-1.289572402967666,-0.8480317789407132,-0.02497436149035498,-0.5293565746968659,-0.08257073638018769,-0.3856832085129012,-0.655964165260012,0.648813899794024,2.8041392528399056,0.0,0.0,0.0,1.0
000900,-0.3662103895949396,0.7470585135084351,0.5547914274277226,-1.2859235029676659,-0.8487676711648942,-0.023786200435393756,-0.5282306854530222,-0.08176921638018769,-0.38142285057144254,-0.6643325929558287,0.642789868462891,2.8116095528399057,0.0,0.0,0.0,1.0
000901,-0.36827986450512384,0.7412617770790912,0.5611603329188862,-1.282441202967666,-0.8500812712215882,-0.024067935482302905,-0.5261012894870231,-0.08083362638018769,-0.3764728060808328,-0.6707844007750682,0.6389964897857079,2.8185550528399057,0.0,0.0,0.0,1.0
000902,-0.3697235565081174,0.7369802393253924,0.5658309099076121,-1.279169602967666,-0.8517811706397476,-0.025562578861859198,-0.5232737256021098,-0.0798336163801877,-0.37117829826994175,-0.6754307376821242,0.6371969785612699,2.8243270528399056,0.0,0.0,0.0,1.0
000903,-0.3720854127593698,0.7299397314527265,0.5733589051008195,-1.272615802967666,-0.8547838166650501,-0.028692028448920714,-0.5181904999814412,-0.0778219313801877,-0.3617970043812126,-0.6829090392945517,0.6346165548349437,2.836643552839906,0.0,0.0,0.0,1.0
000904,-0.37351163974615587,0.7256913699396963,0.5778071395969284,-1.2692036029676659,-0.8561289980916331,-0.02988169958373904,-0.5158974923922419,-0.0768071913801877,-0.3571164986398051,-0.6873711658376671,0.6324465880801413,2.8429425528399057,0.0,0.0,0.0,1.0
000905,-0.3749893943102174,0.7208409471821579,0.5828990332985515,-1.265714702967666,-0.8573185746046889,-0.03043946900840705,-0.5138854934363012,-0.0758153963801877,-0.3526865687726723,-0.692431778294451,0.6294048114014885,2.8493285528399057,0.0,0.0,0.0,1.0
000906,-0.3764231034905876,0.7156933147516764,0.5882930616438309,-1.262189102967666,-0.8581792593896793,-0.030122602794013187,-0.5124655964592116,-0.0748929863801877,-0.34904728320371714,-0.6977647941969213,0.6255320024326749,2.855794752839906,0.0,0.0,0.0,1.0
000907,-0.37792254128492897,0.7104807726588748,0.5936258286755973,-1.258741802967666,-0.8587838732334675,-0.02944394725374999,-0.5114912638982626,-0.0736816563801877,-0.34592602079471413,-0.7031003666989278,0.6212769611734917,2.861947652839906,0.0,0.0,0.0,1.0
000908,-0.3812257759977399,0.7013467109353289,0.6023119613415602,-1.251760602967666,-0.8593713872341262,-0.028666986795604033,-0.5105477672768279,-0.0717252963801877,-0.3408045283123662,-0.7122436345298262,0.6136458901952565,2.8743863528399056,0.0,0.0,0.0,1.0
000909,-0.3827640605020402,0.6981938923645845,0.604993357527817,-1.248388002967666,-0.8595787333975209,-0.029170029958277388,-0.5101700799174198,-0.0707593263801877,-0.3385499595018493,-0.7153141953135165,0.6113178607764311,2.880371152839906,0.0,0.0,0.0,1.0
000910,-0.3839993033834178,0.6962722688877403,0.6064235010114373,-1.245158602967666,-0.859858542552786,-0.03035295361162821,-0.5096292623133503,-0.06977460638018769,-0.3364339783673004,-0.7171357094615838,0.6103511713882281,2.886120852839906,0.0,0.0,0.0,1.0
000911,-0.38474325943063703,0.6957230824139481,0.6065822425023042,-1.242098102967666,-0.860247959547013,-0.0320600719335733,-0.5088669766086362,-0.0687831103801877,-0.3345834311765748,-0.7175942756070792,0.6108292586296611,2.8916388528399057,0.0,0.0,0.0,1.0
000912,-0.38482566779230826,0.6964823985887559,0.6056578851664178,-1.2391717029676659,-0.8607577536264931,-0.033940461618760964,-0.5078820085777593,-0.06742412638018769,-0.3331745713287221,-0.7167707538126533,0.6125637856572681,2.896609852839906,0.0,0.0,0.0,1.0
000913,-0.384344149822671,0.69786482318474,0.6043709647711577,-1.236328302967666,-0.8612837183949946,-0.035362649078754194,-0.5068923351934066,-0.06638177638018769,-0.33237017153285603,-0.7153559754496112,0.6146510371452696,2.901794052839906,0.0,0.0,0.0,1.0
000914,-0.38153012080231574,0.6998999551121217,0.6038003144704551,-1.230559402967666,-0.8631018845339107,-0.03591094960527691,-0.5037514671070042,-0.0647023363801877,-0.33089258655125886,-0.7133375474012968,0.6177860791834988,2.912388452839906,0.0,0.0,0.0,1.0
000915,-0.3793615241073448,0.7004952462048342,0.6044760078542252,-1.227586502967666,-0.8644853133461177,-0.03549824613133051,-0.5014030489840129,-0.0639642013801877,-0.32977261413861725,-0.7127736559147149,0.6190345211683711,2.917697752839906,0.0,0.0,0.0,1.0
000916,-0.377111943610013,0.7013395928765123,0.6049044200950157,-1.224554002967666,-0.8658385429666118,-0.03509820389157309,-0.4990909071472259,-0.0632796423801877,-0.3288011549555958,-0.7119627037615063,0.6204828031077675,2.9230237528399057,0.0,0.0,0.0,1.0
000917,-0.3748708795664883,0.7027095868147664,0.6047074170635478,-1.221294602967666,-0.8670582167860146,-0.03487129051907417,-0.49698495128262266,-0.062276926380187704,-0.3281491617495067,-0.7106217205350217,0.6223623526105524,2.9277091528399057,0.0,0.0,0.0,1.0
000918,-0.37245863933192647,0.7041917641649477,0.6044737556497128,-1.218082602967666,-0.8682633681284898,-0.034412416960070635,-0.4949085866350846,-0.0616148503801877,-0.3277091478021033,-0.7091753977974877,0.6242411149592715,2.932886952839906,0.0,0.0,0.0,1.0
000919,-0.3660643424366843,0.7070442897532349,0.6050498074735182,-1.211568902967666,-0.8712753721423477,-0.03199128825352138,-0.48975073596074714,-0.0608107993801877,-0.32691913846486764,-0.7064452772884986,0.6277411465740994,2.9436364528399057,0.0,0.0,0.0,1.0
000920,-0.3626193431287854,0.7090708318605834,0.6047526497613618,-1.208206102967666,-0.8728972205319805,-0.03112391155015032,-0.4869104070744037,-0.0605037663801877,-0.32643169940493105,-0.7044500390619328,0.6302320906533165,2.949022652839906,0.0,0.0,0.0,1.0
000921,-0.35968462983634153,0.7114840797362837,0.603669919195339,-1.204687802967666,-0.8742946911921051,-0.030990911639022733,-0.48440515722800004,-0.0601887383801877,-0.32593827638495476,-0.7020184952532201,0.633193708362306,2.954443552839906,0.0,0.0,0.0,1.0
000922,-0.3570190154921527,0.7143848272647426,0.6018236794534907,-1.201456802967666,-0.8754542335173179,-0.03121437875543359,-0.48229197336832996,-0.0598072913801877,-0.32575651581145637,-0.6990564935202563,0.6365553481619208,2.959070052839906,0.0,0.0,0.0,1.0
000923,-0.3540565676139557,0.7179520285857253,0.5993236451025994,-1.197831302967666,-0.876486967439799,-0.031203944517323723,-0.48041326975297494,-0.0594798863801877,-0.3262124198089478,-0.6953928375358794,0.6403235577941742,2.964368452839906,0.0,0.0,0.0,1.0
000924,-0.34768689946033393,0.7257965172944317,0.5935766466320362,-1.189870002967666,-0.8787794990035495,-0.03153476996812726,-0.47618499599853803,-0.0587033243801877,-0.32689510867360827,-0.687186272975771,0.6487793262419348,2.9755206528399056,0.0,0.0,0.0,1.0
000925,-0.34494666070710417,0.7293324588042304,0.5908349734076286,-1.185494302967666,-0.8799952631303513,-0.0323106972905432,-0.4738822171265158,-0.0582389743801877,-0.326527392626042,-0.6833960662567309,0.6529545761304258,2.981148352839906,0.0,0.0,0.0,1.0
000926,-0.3420110845556754,0.732770003049999,0.5882827047187051,-1.180930902967666,-0.8815368897449057,-0.03337046865014348,-0.47093430947526826,-0.0577727093801877,-0.3254552658353043,-0.6796576597465627,0.6573768595622278,2.986670552839906,0.0,0.0,0.0,1.0
000927,-0.3383838681480525,0.7365375447867041,0.5856695338642222,-1.176780402967666,-0.8836832103631221,-0.03481144491663152,-0.46678918906198164,-0.0578181133801877,-0.32341976052722504,-0.6755002653014951,0.6626454935167991,2.991293052839906,0.0,0.0,0.0,1.0
000928,-0.3342274340554404,0.7412601590850743,0.5820871059196266,-1.172245102967666,-0.8861558017295685,-0.03682774830979463,-0.46192165138198077,-0.0575470363801877,-0.32096715935706244,-0.6702067542987021,0.6691808343838437,2.996172052839906,0.0,0.0,0.0,1.0
000929,-0.32759124825465447,0.7524751162204452,0.5713713096892292,-1.162345402967666,-0.8897238826189576,-0.042196715469025814,-0.45454466216321743,-0.0569472163801877,-0.3179235549065289,-0.6572675533393184,0.6833183566705505,3.006158052839906,0.0,0.0,0.0,1.0
000930,-0.32521221833627106,0.7582163474097878,0.5651061701710227,-1.156977602967666,-0.8906002306933192,-0.044676163553896364,-0.4525873059411981,-0.0567604693801877,-0.31791231831089495,-0.6504706072765046,0.6897968881747198,3.0112780528399057,0.0,0.0,0.0,1.0
000931,-0.3225766343757695,0.7639014429073012,0.5589265608995017,-1.151411802967666,-0.8914167126635102,-0.046597441838899745,-0.4507825670966562,-0.0566401393801877,-0.31830890552886215,-0.6436484008666638,0.6959857589942515,3.016391352839906,0.0,0.0,0.0,1.0
000932,-0.3193147716253584,0.7696077120531089,0.5529394597695342,-1.146252302967666,-0.8926172534164607,-0.04832121459214439,-0.4482181378788614,-0.0564088843801877,-0.3182334293016673,-0.6366859742201951,0.7023947997431228,3.020985052839906,0.0,0.0,0.0,1.0
000933,-0.3122090782203193,0.782703707377552,0.5384239945751432,-1.134977002967666,-0.894965742953824,-0.05219930619686908,-0.44307059411754607,-0.0560843103801877,-0.31868763768920866,-0.620201692105077,0.716790102257328,3.030237252839906,0.0,0.0,0.0,1.0
000934,-0.3094713636484686,0.7900712615637562,0.5291643192172093,-1.129149202967666,-0.8951558558564283,-0.05430572479230472,-0.4424329124067605,-0.0560002233801877,-0.32081687737321896,-0.6106048557830488,0.724042983038065,3.0348227528399057,0.0,0.0,0.0,1.0
000935,-0.30739791775464537,0.7970992036284227,0.519749343179039,-1.123211902967666,-0.8946971028639367,-0.05608755573050189,-0.44313799229930173,-0.0559796363801877,-0.3240734705078255,-0.6012379276684996,0.7304035460250049,3.039407352839906,0.0,0.0,0.0,1.0
000936,-0.30528294891314334,0.8031770440496481,0.5115749769237795,-1.117243902967666,-0.8943030517539096,-0.05725631213352911,-0.4437834678584961,-0.0559571663801877,-0.3271457973542379,-0.5929825888106145,0.7357630574042994,3.0439046528399056,0.0,0.0,0.0,1.0
000937,-0.2979241040205291,0.8113910023658413,0.5028775890048398,-1.106465802967666,-0.8962093601891121,-0.05634361233970531,-0.4400388392607357,-0.0553890163801877,-0.3287096149384553,-0.581781779216459,0.7439623313170796,3.052398052839906,0.0,0.0,0.0,1.0
000938,-0.2926847419387162,0.8141055019660337,0.5015654229558683,-1.101156302967666,-0.8978643515264044,-0.05356333019576254,-0.437001803104299,-0.0553395263801877,-0.32890005791172466,-0.578241473198673,0.7466334780725359,3.056309352839906,0.0,0.0,0.0,1.0
000939,-0.28750041200413873,0.8158886024107456,0.5016665242506122,-1.095895702967666,-0.8991811085501261,-0.04952632837208443,-0.4347648523334725,-0.0553867313801877,-0.32987398673435314,-0.5760841355689462,0.7478704577811341,3.0601852528399056,0.0,0.0,0.0,1.0
000940,-0.2835644938727386,0.8166738438567618,0.5026281036461444,-1.090665102967666,-0.8999056475724188,-0.0455400167221377,-0.43370027939144024,-0.0553836863801877,-0.3313019820072972,-0.5752998693178795,0.7478429361041445,3.064042852839906,0.0,0.0,0.0,1.0
000941,-0.2795987844204157,0.8179093000014839,0.5028408264269206,-1.080620802967666,-0.8996696386624039,-0.04029508117673991,-0.4347077727646695,-0.0565012963801877,-0.3352895182073031,-0.5739343894593201,0.7471146201060932,3.070207452839906,0.0,0.0,0.0,1.0
000942,-0.27869732591835034,0.8194360233094196,0.5008516788719043,-1.0760725029676659,-0.8986143909174886,-0.03849678234718468,-0.4370471075123416,-0.0568674893801877,-0.3388509657090438,-0.5718763865135172,0.7470859532786642,3.0731490528399057,0.0,0.0,0.0,1.0
000943,-0.27841675505123303,0.8219310870135756,0.49690381232933145,-1.071888802967666,-0.8969576464284854,-0.03751018575459869,-0.4405223790888806,-0.0569662283801877,-0.34344008359568867,-0.5683504853216343,0.747680837533268,3.0760346528399056,0.0,0.0,0.0,1.0
000944,-0.2784054220708395,0.8257488285496377,0.4905397976825719,-1.068105102967666,-0.8949844514543508,-0.03768997682306041,-0.44450230292095433,-0.0569604263801877,-0.3485588223191494,-0.5627773430016333,0.7495254562638346,3.078596052839906,0.0,0.0,0.0,1.0
000945,-0.27675267482771715,0.8364098380274827,0.47310309640346243,-1.061823302967666,-0.8920227586969622,-0.04052160601775584,-0.45017040930341334,-0.0567610133801877,-0.35735606185199215,-0.5466045941048993,0.7573110739722835,3.082432352839906,0.0,0.0,0.0,1.0
000946,-0.27415694231380033,0.8420277413674917,0.4645721189962956,-1.058955802967666,-0.8917668262720977,-0.04176182481974444,-0.4505639550034105,-0.0569664933801877,-0.3599859699234651,-0.5378152403523776,0.7623417007503764,3.084093052839906,0.0,0.0,0.0,1.0
000947,-0.2705428576458043,0.8468880618425142,0.4578069165985498,-1.056323902967666,-0.8922272310499845,-0.04196638873100922,-0.4496325059309604,-0.0572295863801877,-0.36157589846354443,-0.5301126605972614,0.7669702971593966,3.085750852839906,0.0,0.0,0.0,1.0
000948,-0.26681356204292883,0.8503117357483171,0.4536303287464899,-1.054084602967666,-0.893010898592529,-0.04112868761814775,-0.4481517221318834,-0.0571710363801877,-0.3624114486394272,-0.5246697848204079,0.7703113388699265,3.087391452839906,0.0,0.0,0.0,1.0
000949,-0.26126709952249605,0.8527884257879192,0.45220725729389244,-1.049919302967666,-0.8941045150173659,-0.03726307283077668,-0.4463054779282562,-0.0567646303801877,-0.3637535139798145,-0.5209254881894058,0.772217596809323,3.0912960528399056,0.0,0.0,0.0,1.0
000950,-0.2591145322903918,0.8532505363473801,0.4525739512818202,-1.048051002967666,-0.8940454962042965,-0.03460121466957655,-0.4466378921007519,-0.0565793663801877,-0.36543441254586917,-0.520352071357747,0.7718104767110625,3.093463752839906,0.0,0.0,0.0,1.0
000951,-0.2573232970745828,0.8535916575657138,0.4529525393646485,-1.046425702967666,-0.8937490810510099,-0.03200671703236513,-0.44742390435166246,-0.0565883833801877,-0.3674197883935234,-0.5199585100746286,0.7711328334974663,3.095848652839906,0.0,0.0,0.0,1.0
000952,-0.2557931962250406,0.8538138283838478,0.45340025057943556,-1.044849002967666,-0.8935615592831737,-0.029827222267863718,-0.44794874325441136,-0.0563997263801877,-0.36894116134744437,-0.5197232756691782,0.7705648163466188,3.097956452839906,0.0,0.0,0.0,1.0
000953,-0.2571657474632952,0.8519403884238577,0.45613961996723246,-1.0250723029676658,-0.8935174572699396,-0.02983181884287306,-0.44803640046137755,-0.0599538663801877,-0.3680928305271736,-0.5227883292086125,0.768895331600967,3.083580852839906,0.0,0.0,0.0,1.0
000954,-0.25557571157668213,0.8509100715373482,0.45894782471254564,-1.021671602967666,-0.8939464315729974,-0.02722065819309466,-0.4473464130239998,-0.0593159893801877,-0.36815870644326326,-0.5246056480098548,0.767624961127622,3.087460352839906,0.0,0.0,0.0,1.0
000955,-0.2550707587570451,0.8506209821864144,0.4597639097312065,-1.020310002967666,-0.894032537841454,-0.026361065939639827,-0.44722579921477607,-0.0588377763801877,-0.368299781846086,-0.5251181189663385,0.7672067725361786,3.089043452839906,0.0,0.0,0.0,1.0
000956,-0.2545569831181108,0.8509145448454889,0.45950536418653537,-1.019094562967666,-0.8940651298367859,-0.02598097289057344,-0.4471828850231084,-0.0582757503801877,-0.3685760246621274,-0.5246612492056698,0.7673866610947894,3.090460652839906,0.0,0.0,0.0,1.0
000957,-0.2539481666423697,0.8518400596874149,0.45812535552043027,-1.018032502967666,-0.8939045567533483,-0.025812508990134375,-0.4475135280583527,-0.0576546263801877,-0.36938458559417314,-0.5231655828620377,0.7680187503141087,3.0917833528399057,0.0,0.0,0.0,1.0
000958,-0.2534973803973274,0.8529078591136118,0.4563849931734484,-1.017077662967666,-0.893486982358325,-0.025645862868013736,-0.44835622229870925,-0.0569646303801877,-0.370702158731113,-0.5214311781817337,0.7685632283241908,3.093081352839906,0.0,0.0,0.0,1.0
000959,-0.2544428555202295,0.8537782371188176,0.4542263258519877,-1.014707302967666,-0.8926148480569929,-0.02658958901465197,-0.45003525060179883,-0.0556498823801877,-0.3721526115760893,-0.5199574170817418,0.7688606623561778,3.096003352839906,0.0,0.0,0.0,1.0
000960,-0.2553733622063952,0.853670246643953,0.45390699032979653,-1.041005759314878,-0.8925949861523577,-0.027744435755784835,-0.4500049299510681,-0.042763574955049295,-0.37156242621001645,-0.5200743757189407,0.769066971823313,3.0724097092836233,0.0,0.0,0.0,1.0
000961,-0.25605611219509494,0.8534665270943641,0.45390544669238975,-1.0402763093148781,-0.8928198901967247,-0.028806324059769683,-0.4494917567244941,-0.041575768955049296,-0.3705508211792833,-0.5203509227662121,0.7693679263523469,3.0733248092836236,0.0,0.0,0.0,1.0
000962,-0.2561790648863298,0.8535300841651915,0.4537165217830695,-1.039730689314878,-0.893221856285947,-0.029605478602632962,-0.44864042516228503,-0.04034596795504929,-0.36949560507136275,-0.5202017984029562,0.7699760299978677,3.0740987092836236,0.0,0.0,0.0,1.0
000963,-0.25417632225984466,0.8553154289729004,0.45147526417663575,-1.036783359314878,-0.8946783365296567,-0.030634188944385854,-0.44565931002532205,-0.03933228695504929,-0.36734870538357156,-0.5172011827409361,0.7730186706829214,3.0766772092836234,0.0,0.0,0.0,1.0
000964,-0.2527004864620716,0.8564590307010347,0.45013374998157696,-1.036294009314878,-0.8958349534641128,-0.031341236652957016,-0.4432803436167847,-0.038400509955049296,-0.3655437050391974,-0.5152627054384082,0.7751658816605056,3.0772816092836233,0.0,0.0,0.0,1.0
000965,-0.2516423988587033,0.857156322257935,0.44939864520255146,-1.036037959314878,-0.896958935690678,-0.032145117234814835,-0.44094371423414896,-0.037397754955049295,-0.36351172028049394,-0.5140522645132608,0.776923096945576,3.0778040092836236,0.0,0.0,0.0,1.0
000966,-0.2512894901917871,0.8568618990232084,0.45015694832079683,-1.035800599314878,-0.8979313595510092,-0.03274717982751518,-0.43891559068711644,-0.036447214955049295,-0.3613486760097893,-0.5145049156380191,0.7776321920614442,3.0784598092836233,0.0,0.0,0.0,1.0
000967,-0.25151329795187577,0.8554092854945843,0.45278694243873174,-1.035529059314878,-0.8989428386476008,-0.033098191081006534,-0.43681378480006583,-0.035583429955049296,-0.35866813881018755,-0.5168940549443469,0.7772886865030431,3.0792707092836236,0.0,0.0,0.0,1.0
000968,-0.2510983938733244,0.8512913522866775,0.46070883442382193,-1.034162759314878,-0.9010113411984267,-0.03162350900663474,-0.43264132570747277,-0.034707152955049295,-0.3537345892417775,-0.523739426814544,0.7749637753946463,3.0807420092836235,0.0,0.0,0.0,1.0
000969,-0.25164925865911997,0.8476046549484457,0.46716057145915196,-1.033717759314878,-0.9015599396409779,-0.029774589600703616,-0.4316284849829373,-0.03442408295504929,-0.3519407987870566,-0.5297922448694731,0.7716591549546292,3.0818964092836234,0.0,0.0,0.0,1.0
000970,-0.25226211305938245,0.8432528300264761,0.4746456477912278,-1.033288159314878,-0.9020000915711492,-0.02731008633247456,-0.43087120348214375,-0.034249071955049296,-0.35037074809471963,-0.5368228980183797,0.7675034299875765,3.0831476092836234,0.0,0.0,0.0,1.0
000971,-0.25249235301125866,0.8386933108567955,0.48253615615299156,-1.032882259314878,-0.9025628788928601,-0.02440019506850072,-0.42986611883847203,-0.03417648495504929,-0.3487518620960614,-0.5440571300926819,0.7631343118218734,3.0843335092836233,0.0,0.0,0.0,1.0
000972,-0.25142792558032423,0.8316888823657007,0.4950531296615208,-1.031940459314878,-0.9033488781494743,-0.018015150122335566,-0.4285280139175922,-0.03457165495504929,-0.34748352850813136,-0.5549495988964775,0.7558347306787228,3.0864616092836235,0.0,0.0,0.0,1.0
000973,-0.25123698798263583,0.8278751168828661,0.5015005151698186,-1.031306059314878,-0.903583030901658,-0.014849135768086774,-0.4281555902163535,-0.03489721495504929,-0.34701251005689415,-0.560715876369772,0.751784559465604,3.0874780092836236,0.0,0.0,0.0,1.0
000974,-0.2515227280658044,0.8236839300358088,0.5082136368370103,-1.030687459314878,-0.9036347173916195,-0.011772707517272718,-0.42814215032192415,-0.035033681955049294,-0.34667075848837287,-0.5669269677467088,0.7472704988493917,3.0884560092836235,0.0,0.0,0.0,1.0
000975,-0.2520632439983849,0.8194810800269383,0.5146988250451842,-1.030039359314878,-0.9034190970305462,-0.008642096141395661,-0.42867149344783234,-0.03512458495504929,-0.3468401016974864,-0.5730410750130965,0.7425132121398996,3.0893999092836233,0.0,0.0,0.0,1.0
000976,-0.25253458197225864,0.8158082023453576,0.5202722959125663,-1.0294033593148781,-0.9029158985732396,-0.005409587956026474,-0.42978322031208416,-0.03523922095504929,-0.34780621761517727,-0.5782972534468604,0.737972304117195,3.0902720092836233,0.0,0.0,0.0,1.0
000977,-0.2567688182463942,0.8103495682618107,0.526690944667029,-1.027857659314878,-0.9012256612571374,-0.003917323055744326,-0.4333323921330052,-0.03634780795504929,-0.3490874982980424,-0.5859336411215643,0.731313671917899,3.0919432092836234,0.0,0.0,0.0,1.0
000978,-0.2571099205985617,0.8082057710692729,0.5298093245122467,-1.026951959314878,-0.9008227896468795,-0.0019506248900558742,-0.43418256150535584,-0.03717523195504929,-0.3498753926508909,-0.5888969576019731,0.7285517023139294,3.0927690092836233,0.0,0.0,0.0,1.0
000979,-0.25760284629028574,0.8059865514926313,0.5329413217195296,-1.026143959314878,-0.9004518645296641,-0.0001899941941319594,-0.4349556340217441,-0.037442841955049294,-0.3504671357605369,-0.5919338161612512,0.7258010361225611,3.0933702092836235,0.0,0.0,0.0,1.0
000980,-0.2583498972682013,0.8035921439050634,0.5361855992429994,-1.025296359314878,-0.900084140427868,0.0013526013132265091,-0.43571402389631,-0.03749684495504929,-0.35086161193800686,-0.5951788275163625,0.7229510996910593,3.0939055092836236,0.0,0.0,0.0,1.0
000981,-0.2593484581152678,0.8011626904749287,0.5393298811156363,-1.024369759314878,-0.8996162674239954,0.002741700540212666,-0.4366727086322957,-0.03745658095504929,-0.3513245631312323,-0.5984403282442794,0.7200279333967032,3.0944512092836236,0.0,0.0,0.0,1.0
000982,-0.26307662006883176,0.797166714073484,0.5434297764628317,-1.021629599314878,-0.898291405267634,0.0030831905617599298,-0.43938940037085417,-0.038385994955049296,-0.3519421020501219,-0.6037513759067085,0.7152768924656363,3.0958220092836233,0.0,0.0,0.0,1.0
000983,-0.26462133955619854,0.7947418902031333,0.5462241981163354,-1.019919659314878,-0.8970827528523004,0.004974564209962284,-0.44183457113025815,-0.03925741995504929,-0.35386166956371706,-0.6069271633954699,0.7116328668255192,3.0966235092836234,0.0,0.0,0.0,1.0
000984,-0.26570693146078106,0.7921887693730368,0.5493967421207826,-1.018540409314878,-0.8963315648690114,0.00682111055702711,-0.44333192787147446,-0.03948366795504929,-0.3549500702819556,-0.6102380077723795,0.708251382968528,3.0972704092836234,0.0,0.0,0.0,1.0
000985,-0.26619962566486416,0.7895234500974933,0.5529832556615412,-1.017275259314878,-0.8962877287275139,0.008357118624255089,-0.44339425560191303,-0.03944195195504929,-0.3546915091010223,-0.6136634911044092,0.7054155180155792,3.0976982092836236,0.0,0.0,0.0,1.0
000986,-0.26619367337794797,0.7867826955541422,0.5568787284769573,-1.016048559314878,-0.8967426506530578,0.009762318974090911,-0.44244470346923137,-0.039267377955049296,-0.3535442642064532,-0.6171528879498227,0.7029429323507785,3.0979670092836233,0.0,0.0,0.0,1.0
000987,-0.26549537458902017,0.7819918226556216,0.5639157697489712,-1.013295559314878,-0.8982618142356186,0.011822091240502597,-0.43930166314827024,-0.03967943195504929,-0.35019697194289234,-0.6231765620259158,0.6992946827937341,3.0991362092836234,0.0,0.0,0.0,1.0
000988,-0.2642040747226259,0.7796676279819545,0.5677275726763266,-1.011816059314878,-0.8991638518096059,0.013798416934029667,-0.43739452590199157,-0.04011300495504929,-0.34885609425502984,-0.626041527030841,0.6974033495288208,3.0999152092836235,0.0,0.0,0.0,1.0
000989,-0.2630965181746636,0.7773223830299747,0.571445653553311,-1.010554699314878,-0.9002069881146102,0.015243584565601154,-0.43519537184948787,-0.03995198895504929,-0.3469979836742449,-0.6289177577157392,0.695740507197774,3.1001135092836236,0.0,0.0,0.0,1.0
000990,-0.2626311922154755,0.7750367732159217,0.5747546059306788,-1.009312659314878,-0.9010448420085905,0.01609196818454034,-0.4334273194546716,-0.03957325495504929,-0.3451710439263296,-0.6317112067416564,0.6941166340837885,3.1001195092836236,0.0,0.0,0.0,1.0
000991,-0.26300346665406604,0.7728365404579364,0.577540352062912,-1.008026159314878,-0.9015462022633606,0.016309322769255674,-0.43237535912135444,-0.039095089955049296,-0.343574768736669,-0.6343955294008754,0.6924584395931122,3.1000646092836233,0.0,0.0,0.0,1.0
000992,-0.26576276006438015,0.7694793970522332,0.5807509043256793,-1.005359199314878,-0.9017391838940262,0.014626586700143551,-0.43203299317487154,-0.03800662795504929,-0.3409348905481781,-0.6385041272173851,0.6899825214693971,3.0997647092836234,0.0,0.0,0.0,1.0
000993,-0.2681580789632632,0.7689206224212415,0.580389800997625,-1.0018220193148781,-0.9015945021873002,0.011965319456081314,-0.43241667955335433,-0.038037654955049294,-0.3394386517654798,-0.6392322798057404,0.6900460087139038,3.1039039092836234,0.0,0.0,0.0,1.0
000994,-0.270774099447397,0.7685098539637402,0.57971889000539,-0.999754809314878,-0.9010942026408851,0.009532660507534096,-0.4335185882411909,-0.037683979955049296,-0.3386895703080303,-0.6397669362699815,0.6899185765148543,3.1050969092836236,0.0,0.0,0.0,1.0
000995,-0.2732690183892824,0.7682302280520908,0.5789182673707839,-0.9981547593148781,-0.9005912301000557,0.007157863700638589,-0.4346081007690854,-0.03727645495504929,-0.33802289841877053,-0.6401336436200455,0.689905383694241,3.1053182092836233,0.0,0.0,0.0,1.0
000996,-0.27521604219623047,0.7677377379437343,0.5786491993037584,-0.996708059314878,-0.9002670082022813,0.0053677257512868,-0.4353050671227853,-0.036932886955049295,-0.3373061577563569,-0.6407417211773374,0.6896916721857289,3.1051987092836235,0.0,0.0,0.0,1.0
000997,-0.276324915044314,0.7669763256296158,0.5791302593108447,-0.9953191593148781,-0.9002612282977063,0.004364083157168852,-0.4353282389210497,-0.036688276955049295,-0.33641382574094353,-0.6416605572278,0.6892731440789285,3.1049257092836235,0.0,0.0,0.0,1.0
000998,-0.27784358594501113,0.7644150905219111,0.581783904153076,-0.991198059314878,-0.9001497877301059,0.004317577182102794,-0.43555908689490325,-0.037704074955049294,-0.3354598357458944,-0.6447099564219984,0.6868884703441183,3.1061097092836234,0.0,0.0,0.0,1.0
000999,-0.2775049969738742,0.7626377174989524,0.5842727860362127,-0.9885933593148781,-0.900588402372876,0.005285585854616581,-0.43464076211699704,-0.03879622895504929,-0.3345616627260222,-0.6468042783023017,0.6853559071050878,3.1073996092836236,0.0,0.0,0.0,1.0
001000,-0.27712185602630274,0.7606785728332942,0.5870022025042494,-0.9866020893148781,-0.9010176614605606,0.00645651500993244,-0.43373435089933676,-0.03927446495504929,-0.3337224155622148,-0.6490966201161652,0.6835955873943973,3.1076153092836236,0.0,0.0,0.0,1.0
001001,-0.2769379156160748,0.7585334136901889,0.5898579924098112,-0.9847280593148781,-0.9014066002117893,0.007541567172202224,-0.43290791845288623,-0.039569714955049295,-0.3328235748694006,-0.6515905041359152,0.6816584796883676,3.1074799092836236,0.0,0.0,0.0,1.0
001002,-0.27727643539056135,0.7563171562543135,0.5925387223907755,-0.9827978593148781,-0.9015655348250732,0.008365102477910613,-0.43256168516884885,-0.03981969995504929,-0.33211047076640643,-0.6541516523069576,0.6795500356790467,3.1072558092836235,0.0,0.0,0.0,1.0
001003,-0.27897025999040553,0.7516873966136917,0.597613296215049,-0.979140129314878,-0.9009593224090711,0.010496121030252714,-0.4337765908938675,-0.040694994955049295,-0.33233701780733516,-0.659436038759976,0.6743116619038101,3.1069812092836235,0.0,0.0,0.0,1.0
001004,-0.2807668116094451,0.7510543594704905,0.5975678594260558,-0.977182289314878,-0.8998954580667063,0.01047431951066341,-0.4359798770375785,-0.04108582195504929,-0.3337037039794133,-0.6601572825858704,0.6729295655559059,3.1068669092836236,0.0,0.0,0.0,1.0
001005,-0.28230374502349903,0.7505748238464192,0.5974462564562805,-0.9751335593148781,-0.8988433984905251,0.010682594841313786,-0.43813973473933987,-0.041377024955049295,-0.3352389305192791,-0.6606991115291232,0.6716334889572713,3.1067496092836233,0.0,0.0,0.0,1.0
001006,-0.28294853836735134,0.7504439457532267,0.5973056243817797,-0.9731470593148781,-0.898062600803207,0.011382528257902425,-0.4397203691996061,-0.041614712955049295,-0.33678433703834765,-0.660836078262065,0.6707249719466649,3.1066192092836236,0.0,0.0,0.0,1.0
001007,-0.28250319214270797,0.7501547517063647,0.5978794150341207,-0.9712200593148781,-0.8977055830322109,0.01293719830103729,-0.44040585270057186,-0.04181649495504929,-0.33810742763503193,-0.6611357480824054,0.6697633089275195,3.1064838092836236,0.0,0.0,0.0,1.0
001008,-0.2811587668876353,0.7488693965492625,0.6001203002016913,-0.9692643593148781,-0.8980760919675006,0.015088949297951126,-0.43958122872282185,-0.041930479955049296,-0.3382441142704574,-0.6625458101301582,0.66829931066878,3.1063150092836236,0.0,0.0,0.0,1.0
001009,-0.27703873850933525,0.7421712573842603,0.6102715478193477,-0.9652298893148781,-0.900569819038691,0.020875511787954826,-0.4342098732689184,-0.042249047955049295,-0.33499781850300975,-0.6698850929228513,0.6625937095067893,3.1049862092836236,0.0,0.0,0.0,1.0
001010,-0.2750176393186318,0.7389207854711368,0.6151108606278421,-0.962922719314878,-0.9020804908842168,0.023002038434986438,-0.43095439920474815,-0.042168167955049296,-0.33258996682055375,-0.6733995686266461,0.6602400585724479,3.1046387092836234,0.0,0.0,0.0,1.0
001011,-0.27365414063055,0.7364252274206899,0.6187012976664426,-0.9604464993148781,-0.9029788680529409,0.024846908275811097,-0.4289659601867757,-0.042056837955049296,-0.3312741691795244,-0.676062508624401,0.6581769589304212,3.1044975092836236,0.0,0.0,0.0,1.0
001012,-0.27315391204864964,0.7348078430866716,0.6208416658624253,-0.957807759314878,-0.9032153082578238,0.026189538942259838,-0.42838792580874124,-0.04194083995504929,-0.33104236475297577,-0.6777695344202959,0.6565359174869663,3.1045400092836233,0.0,0.0,0.0,1.0
001013,-0.27449747688663706,0.7327511030301846,0.6226772488142773,-0.9577832593148781,-0.9024354277983725,0.02730715718831256,-0.42995885596259187,-0.042505440955049295,-0.33205637147514305,-0.6799486305408226,0.6537648093836357,3.1057120092836232,0.0,0.0,0.0,1.0
001014,-0.2754149287680991,0.730873825749855,0.6244758344767498,-0.9567927593148781,-0.9024235747684306,0.027327194415629197,-0.4299824602789476,-0.04283236895504929,-0.33132809828601795,-0.6819653035742658,0.6520314532344509,3.1066876092836235,0.0,0.0,0.0,1.0
001015,-0.2790860487715202,0.7251543682507267,0.6294935421336667,-0.951317159314878,-0.9016042473295951,0.027731464130738015,-0.4316720364980806,-0.04280743095504929,-0.3304856405024812,-0.68802769428567,0.6460627936335674,3.1081856092836233,0.0,0.0,0.0,1.0
001016,-0.281355686327794,0.7215314342106197,0.6326384174368341,-0.9480833593148781,-0.9007439402662111,0.028764068166544587,-0.43339702635829275,-0.04278881195504929,-0.33090683257484466,-0.6917839386892966,0.6418221329362266,3.1091702092836235,0.0,0.0,0.0,1.0
001017,-0.28332297189035016,0.7174972090867247,0.6363378415212948,-0.9447778093148781,-0.8999969077456436,0.030269008994078916,-0.43484405611988686,-0.042782847955049295,-0.3312607125022508,-0.6959033999394434,0.6371693639098036,3.1102770092836236,0.0,0.0,0.0,1.0
001018,-0.2846438906462459,0.7129770716415098,0.6408131949572087,-0.9414841193148781,-0.8997992282228084,0.031866922670564735,-0.4351388837246639,-0.042755454955049295,-0.3306647916053451,-0.7004628430923412,0.6324654939517158,3.1114017092836233,0.0,0.0,0.0,1.0
001019,-0.28320727441467297,0.7081835464804582,0.6467377399015561,-0.9387316593148781,-0.9010058407104462,0.03458810276068952,-0.4324258759060076,-0.04298319795504929,-0.3286063217959661,-0.7051806347608935,0.6282819093639012,3.1133479092836236,0.0,0.0,0.0,1.0
001020,-0.2828114118238611,0.7035974477161575,0.6518959555860918,-0.935783459314878,-0.9017378039971877,0.03662440535333494,-0.4307291327213013,-0.04308316295504929,-0.3269352201652862,-0.709654341563429,0.624102617616408,3.1148664092836236,0.0,0.0,0.0,1.0
001021,-0.28237820902993777,0.699042371986463,0.6569644657305174,-0.9327764593148781,-0.9023512194102797,0.03889994272902342,-0.42924243882037083,-0.043179587955049295,-0.3256145326821669,-0.7140213978748942,0.6197972406222505,3.1164154092836234,0.0,0.0,0.0,1.0
001022,-0.2825593136720908,0.6913337596975773,0.6649946367900793,-0.9267502593148781,-0.9027413093974155,0.04277823347826876,-0.42805157521952697,-0.04340013495504929,-0.32437380067538846,-0.7212680884684218,0.612008155168305,3.1200074092836236,0.0,0.0,0.0,1.0
001023,-0.28298354303174783,0.6879172999123395,0.6683487883242667,-0.9237570593148781,-0.9026611555251165,0.04454335303385831,-0.4280405681784877,-0.04352584295504929,-0.32422700794236814,-0.724420926107065,0.6083511889845554,3.1220522092836234,0.0,0.0,0.0,1.0
001024,-0.2821038292406951,0.6830920404192384,0.6736487911691211,-0.920465909314878,-0.9033222865646808,0.047388464809695496,-0.4263369324824403,-0.044056224955049295,-0.32315054714992114,-0.7287932475804518,0.6036837965009867,3.1241032092836236,0.0,0.0,0.0,1.0
001025,-0.28187475647723553,0.6789048569076706,0.677963728327758,-0.9172945593148781,-0.9040486363596867,0.04870468849780418,-0.42464563628338686,-0.04441283795504929,-0.321313997138453,-0.7326090694125393,0.6000343878957297,3.1262012092836233,0.0,0.0,0.0,1.0
001026,-0.28147065214596884,0.6742383276342312,0.6827715207370019,-0.9142302593148781,-0.9049199403608212,0.05018865028777825,-0.42261211639002827,-0.044585597955049294,-0.31920866767349965,-0.7368064718304843,0.5960050751049214,3.1284147092836236,0.0,0.0,0.0,1.0
001027,-0.281154057675434,0.6692229504332557,0.6878175909832831,-0.9111424893148781,-0.9056895254392182,0.051940026793404814,-0.42074780703692816,-0.04472908895504929,-0.31729935291822214,-0.7412441407728689,0.5915050671021923,3.1307634092836234,0.0,0.0,0.0,1.0
001028,-0.2808927256418393,0.6642966623385556,0.6926826265233982,-0.9080233593148781,-0.9064001950703036,0.053640381507270074,-0.4190004723723713,-0.04486476495504929,-0.31549637566541733,-0.7455418525325119,0.5870514313621732,3.1331982092836235,0.0,0.0,0.0,1.0
001029,-0.2805517308526146,0.6598850794328112,0.6970239653394668,-0.9049127593148781,-0.907231035843077,0.054807081372303335,-0.4170467976553074,-0.04496279495504929,-0.3134048083847778,-0.7493649750111102,0.5832920026092407,3.1356600092836233,0.0,0.0,0.0,1.0
001030,-0.28014317629309893,0.6513480764001432,0.7051705355063033,-0.8997690893148781,-0.909196742193528,0.055680082687499244,-0.41262696515931707,-0.046449330955049294,-0.3080277337531293,-0.7567333822171096,0.5766051538766931,3.1412332092836235,0.0,0.0,0.0,1.0
001031,-0.2805983391105322,0.6465272733609683,0.7094131778370363,-0.8966192593148781,-0.9100844359490535,0.055632354191653965,-0.4106718405374141,-0.04667906995504929,-0.3049768704864415,-0.7608597281809086,0.5727840627154095,3.1440841092836234,0.0,0.0,0.0,1.0
001032,-0.2811358115949114,0.6407836864808218,0.7143940947256763,-0.8932540093148781,-0.9111982612260334,0.05535181413447565,-0.40823266088185045,-0.046746467955049296,-0.30113183853176995,-0.7657234773807515,0.568319603753386,3.1470426092836234,0.0,0.0,0.0,1.0
001033,-0.28180004775562073,0.6342328156310796,0.71995657414986,-0.8897360593148781,-0.9125661391475374,0.05457925032377964,-0.40527046168633063,-0.046689004955049296,-0.2963305160902051,-0.771213226682976,0.5633989565334191,3.1501256092836236,0.0,0.0,0.0,1.0
001034,-0.28274794037704876,0.6276293685128256,0.7253516236920745,-0.8861332193148781,-0.9140310162330296,0.05301071245171418,-0.4021655949100781,-0.046520834955049294,-0.29086234472092154,-0.77670537538088,0.5586840397558304,3.1533472092836234,0.0,0.0,0.0,1.0
001035,-0.2837784688605486,0.6209395013093095,0.7306872903813972,-0.881520159314878,-0.9155768734911511,0.050971010686291285,-0.3988996675829478,-0.04647056195504929,-0.28493643034777244,-0.7821995217227914,0.5540533718671018,3.1561600092836235,0.0,0.0,0.0,1.0
001036,-0.285655046378192,0.6160822893799139,0.7340598117259092,-0.8774837593148781,-0.9162415979084847,0.04894135246756487,-0.3976255503369377,-0.04640502495504929,-0.28089593934548085,-0.7861598798788003,0.5504998769556361,3.1596318092836233,0.0,0.0,0.0,1.0
001037,-0.28942941743274414,0.6061018993594719,0.7408583534774941,-0.8695680593148781,-0.9169911753932279,0.046400762220053904,-0.3961996384606439,-0.04640030495504929,-0.2745137456949821,-0.7940324029019465,0.5423603475239244,3.1675695092836236,0.0,0.0,0.0,1.0
001038,-0.29112956915974436,0.5994923347387249,0.7455551720364995,-0.865427519314878,-0.9176150046643334,0.045450823586045075,-0.39486317358070455,-0.046415806955049294,-0.2706035424301334,-0.7990889582673902,0.5368710828489464,3.1718222092836235,0.0,0.0,0.0,1.0
001039,-0.2926615545749273,0.5918562918033151,0.7510361804378106,-0.8611540593148781,-0.918425438123076,0.04463935211716935,-0.39306747875014403,-0.046464804955049295,-0.2661652289128361,-0.8048064724487423,0.5305116519195305,3.1762205092836235,0.0,0.0,0.0,1.0
001040,-0.293418752575088,0.5834133014958764,0.7573205102695689,-0.8560548593148781,-0.9195133165768523,0.04449003424329295,-0.39053283791618254,-0.046537654955049294,-0.26153526774627534,-0.8109559522506211,0.5234020894438347,3.1803189092836233,0.0,0.0,0.0,1.0
001041,-0.2946964638110647,0.5754881950075295,0.762867833654185,-0.8511880593148781,-0.9202740185903817,0.04411244763284444,-0.38877991546805624,-0.046768539955049294,-0.2573902191707433,-0.8166195132194767,0.5166070515434544,3.1847362092836233,0.0,0.0,0.0,1.0
001042,-0.2990026695886663,0.5621346444179887,0.7711044320478986,-0.8419417593148781,-0.9201657709654589,0.04420213009233076,-0.3890258675703238,-0.047737004955049296,-0.2527693761561976,-0.8258636771528107,0.5040405035681603,3.1946722092836235,0.0,0.0,0.0,1.0
001043,-0.3024371425757491,0.5546622260565671,0.7751655241150689,-0.8371656593148781,-0.9194889095770623,0.04450184555501674,-0.3905889538978059,-0.048327694955049294,-0.2511412350758052,-0.8308847096488002,0.4965467544113324,3.2000004092836236,0.0,0.0,0.0,1.0
001044,-0.30621844147964905,0.545773648236003,0.7799752502412745,-0.8322594593148781,-0.918833809185219,0.04481384022568885,-0.39209201830999735,-0.048913344955049294,-0.24894717752156903,-0.8367334370128818,0.48775245585097193,3.2054282092836233,0.0,0.0,0.0,1.0
001045,-0.3087037165066141,0.5365148469329357,0.7854004293578738,-0.8270725593148781,-0.9187818255210689,0.04540447964045491,-0.3921458788776838,-0.049263464955049296,-0.24605278398582625,-0.8426685304727523,0.47892355887314225,3.2106215092836234,0.0,0.0,0.0,1.0
001046,-0.3139214910715638,0.5170978374468472,0.7962808072226781,-0.8172262593148781,-0.918723870310617,0.04619227605671594,-0.39218965278826623,-0.05013933195504929,-0.23958244419173685,-0.8546789456518127,0.4605693783727042,3.221055409283623,0.0,0.0,0.0,1.0
001047,-0.3147154534482773,0.5086638850036729,0.8013833261640871,-0.8126595593148781,-0.9192955711746349,0.04686432389689921,-0.39076769053286425,-0.05061524495504929,-0.23632569936328796,-0.8596887734748295,0.4528635297546007,3.2261826092836237,0.0,0.0,0.0,1.0
001048,-0.31502325343778104,0.5009020173073776,0.8061374069294109,-0.8081987593148781,-0.919964980905044,0.04762439632033855,-0.38909683985288945,-0.05105131995504929,-0.23329119936649428,-0.8641927365654739,0.44580952251563644,3.2312804092836234,0.0,0.0,0.0,1.0
001049,-0.31622813702887365,0.49274453112613925,0.8106803268838643,-0.8036128593148781,-0.9202644315644738,0.0482626936700751,-0.3883092690073522,-0.0514056849550493,-0.23046288496971395,-0.86883458692952,0.4381932441360167,3.2364348092836233,0.0,0.0,0.0,1.0
001050,-0.3253738349701955,0.4728717859009539,0.8188553850440444,-0.7928034893148781,-0.9180838743805513,0.0493515384297778,-0.39330195175845484,-0.05200784495504929,-0.22639316932978304,-0.8797480888035258,0.4180782619646226,3.2473365092836235,0.0,0.0,0.0,1.0
001051,-0.33316922734091714,0.46056181071851054,0.8227278313395892,-0.7871623293148781,-0.9157281349679369,0.04978834370879415,-0.39870177283137226,-0.05212527495504929,-0.22458906647742333,-0.8862301841724993,0.40516146396267466,3.2528199092836236,0.0,0.0,0.0,1.0
001052,-0.3412871460007004,0.4473331231598425,0.8266898819380566,-0.7814929093148781,-0.9133789624649995,0.04984522767035965,-0.40404742816264927,-0.0521464549550493,-0.2219503433226852,-0.8929773402514486,0.39157312841459263,3.2581037092836236,0.0,0.0,0.0,1.0
001053,-0.35387820518277047,0.42177511583892024,0.8347909723731362,-0.7707897593148781,-0.9105242566503644,0.04868321198893283,-0.41057949647022285,-0.0520225349550493,-0.2138125205593026,-0.9053925648742128,0.3668085461416784,3.2676130092836235,0.0,0.0,0.0,1.0
001054,-0.35802863121494255,0.41076746866293723,0.8385019892156472,-0.7655583293148781,-0.9099724132218596,0.04770537133686267,-0.41191553105072065,-0.05138966495504929,-0.20920254875488442,-0.9104912323761579,0.35670717593091006,3.2714685092836233,0.0,0.0,0.0,1.0
001055,-0.36107111827690386,0.40100931675687607,0.8419139952634412,-0.7606235993148781,-0.9098990576896642,0.046226906740770374,-0.4122460162435067,-0.05106570495504929,-0.20423357305234513,-0.9149068810361871,0.3481867985304854,3.2752167092836233,0.0,0.0,0.0,1.0
001056,-0.36701782607644495,0.38223375572003576,0.8480538139353403,-0.7510058593148781,-0.9095560338478399,0.043603566149571504,-0.41328749111245483,-0.05124744895504929,-0.19495060049435053,-0.923036340025243,0.3316597327980836,3.2826928092836236,0.0,0.0,0.0,1.0
001057,-0.37039549038732794,0.37163650186264235,0.8512893110946645,-0.7460412593148781,-0.909302121039921,0.04207326502093803,-0.41400421862920433,-0.05146171995504929,-0.18967560036291176,-0.9274244717785787,0.32234611176993105,3.2863352092836235,0.0,0.0,0.0,1.0
001058,-0.3745422859707207,0.36056291646448235,0.8542320874858621,-0.740873859314878,-0.9089285289913365,0.03926777038056864,-0.41509874896822324,-0.05151061095504929,-0.18321300501184934,-0.9319079490378681,0.3130184807875766,3.2897626092836236,0.0,0.0,0.0,1.0
001059,-0.3797438883892976,0.34911936057486287,0.8566856198762623,-0.7354932593148781,-0.9081529058847693,0.035714680220222145,-0.4171124082903997,-0.05168461495504929,-0.17621827023332892,-0.936397422939943,0.3034913302672867,3.2929278092836234,0.0,0.0,0.0,1.0
001060,-0.3920268523200307,0.3251288018095011,0.8605848065670034,-0.7238037193148781,-0.9057786284329332,0.027170449068362718,-0.4228792297708384,-0.050987080955049294,-0.16087269294135303,-0.9452793391010625,0.283843174542661,3.2988995092836233,0.0,0.0,0.0,1.0
001061,-0.3979819139487103,0.3140165598287289,0.861976795698731,-0.7178760993148781,-0.9042971624416157,0.023913565434139777,-0.42623324997971374,-0.050526124955049295,-0.15445723734990008,-0.9491162950563843,0.2744471174719808,3.3017792092836236,0.0,0.0,0.0,1.0
001062,-0.4029086927914466,0.30373369845267334,0.8633715455685045,-0.7121149593148781,-0.9030874963346804,0.021279673299417434,-0.4289290727710454,-0.050061254955049296,-0.1486524780723364,-0.9525192995044932,0.2657243399360003,3.3045550092836233,0.0,0.0,0.0,1.0
001063,-0.40985781745931693,0.28478299721400185,0.8665536417125572,-0.7009111593148781,-0.9015249164227019,0.01810482729641308,-0.4323482858733304,-0.04826502495504929,-0.13881424471762688,-0.9584210242510213,0.24931856276077394,3.3097459092836234,0.0,0.0,0.0,1.0
001064,-0.41254910443546533,0.27714353664328045,0.8677526701349587,-0.6956648593148781,-0.9008608561606304,0.017156122418645864,-0.4337688155009448,-0.04773786795504929,-0.13510349465144067,-0.9606753497203991,0.24259002076045302,3.3124152092836234,0.0,0.0,0.0,1.0
001065,-0.4150442688745776,0.27006296086348097,0.868794712256018,-0.6905551593148781,-0.900149749172704,0.016831162313155346,-0.43525525963451167,-0.04727391295504929,-0.13216914896709153,-0.9626955433286466,0.23611142902552734,3.3150855092836236,0.0,0.0,0.0,1.0
001066,-0.4170915998768233,0.2562092584222743,0.8720042506839634,-0.6807168593148781,-0.9000636594819795,0.016756497872199794,-0.43543613614279464,-0.04619442795504929,-0.12617450690254084,-0.9664760916224299,0.22361564822286797,3.3201009092836236,0.0,0.0,0.0,1.0
001067,-0.41600561368311295,0.2482661498505358,0.8748161225209146,-0.675855599314878,-0.9010570925639425,0.017181301567750912,-0.43336003370944653,-0.045566351955049295,-0.12261910668550507,-0.9685394786557899,0.216554457263801,3.3224382092836233,0.0,0.0,0.0,1.0
001068,-0.41325522480432875,0.23118016946422465,0.8807813851452675,-0.6679288593148781,-0.9030404494897415,0.020456204406110123,-0.4290681650817982,-0.043762814955049294,-0.1172094951669424,-0.9726958789610387,0.20031141079559764,3.3241514092836235,0.0,0.0,0.0,1.0
001069,-0.41180173616359367,0.22294270876390693,0.8835812801896961,-0.6630608593148781,-0.9039516904481459,0.022727854016919513,-0.4270301932975296,-0.043281454955049294,-0.11528517436596025,-0.9745665668700101,0.19217006871678205,3.3262872092836235,0.0,0.0,0.0,1.0
001070,-0.410185398509323,0.21485380253494107,0.8863327718109175,-0.6580259593148781,-0.9049179200993562,0.025015337068476723,-0.42485031575180143,-0.04289422495504929,-0.11345261888913233,-0.9763258044564974,0.1841641301110785,3.3285829092836234,0.0,0.0,0.0,1.0
001071,-0.40759632192796447,0.19707342333072864,0.8916430362917114,-0.6488147593148781,-0.9065009670161756,0.030401554088341137,-0.4211077561714483,-0.041336514955049294,-0.1100964810951443,-0.979917247182496,0.16625568719519182,3.3310655092836234,0.0,0.0,0.0,1.0
001072,-0.40623557539636607,0.18782364663035156,0.8942566382470192,-0.6437542593148781,-0.9073836092164433,0.03257007503198439,-0.4190395875543882,-0.04092079895504929,-0.10783154922249921,-0.9816626039423564,0.1571969752043212,3.3326751092836235,0.0,0.0,0.0,1.0
001073,-0.40468023077752086,0.17813111428041195,0.8969410331471467,-0.6382196193148781,-0.9083650571327048,0.034735682299724124,-0.4167329544870072,-0.04082051795504929,-0.10538896430912448,-0.9833934810137756,0.14775123587117178,3.3346988092836236,0.0,0.0,0.0,1.0
001074,-0.4026165999433421,0.15919109105951507,0.9014200297183019,-0.626243199314878,-0.9097209956116363,0.03963610570810683,-0.41332395196464133,-0.041099579955049294,-0.10152627045960122,-0.9864518111147534,0.1288613237359718,3.3390385092836232,0.0,0.0,0.0,1.0
001075,-0.4031384892144923,0.15137914556066356,0.902531834786552,-0.6199013193148781,-0.9096107013998703,0.041956404120255364,-0.4133376731585613,-0.04142783695504929,-0.10043769418247595,-0.9875849403684834,0.1207818494008358,3.3412612092836236,0.0,0.0,0.0,1.0
001076,-0.4053471933624311,0.1395819742392942,0.9034437034484555,-0.6080600293148781,-0.9086845774970226,0.0465104131165654,-0.41488446595502226,-0.04240148495504929,-0.09992993271416467,-0.9891176138049446,0.1079831218689063,3.3448499092836235,0.0,0.0,0.0,1.0
001077,-0.40531345863056456,0.13411920314788844,0.9042859280116576,-0.601988159314878,-0.9088261639096278,0.04776054453863521,-0.41443206219920214,-0.04299567795504929,-0.098772486281555,-0.9898136035296485,0.10253304941047811,3.3467094092836236,0.0,0.0,0.0,1.0
001078,-0.4048145408600823,0.1295283663008206,0.9051782088802631,-0.5957952993148781,-0.9091678511853118,0.0487183146064811,-0.41357024094219674,-0.04364246995504929,-0.09766783441503918,-0.9903781743078471,0.09804114429836139,3.3487282092836232,0.0,0.0,0.0,1.0
001079,-0.40367359018234267,0.12164565200469424,0.9067799997450599,-0.583265459314878,-0.9099633740251567,0.0494704192592447,-0.41172725869326077,-0.04495812695504929,-0.09494361759513298,-0.9913400087591882,0.09072318618347652,3.3527916092836234,0.0,0.0,0.0,1.0
001080,-0.40328796516904364,0.11711436841342177,0.9075478179473175,-0.8901079156620901,-0.9103496316501258,0.049292289389699095,-0.41089392592395696,-0.046206618529910856,-0.09285669229674465,-0.9918943970594083,0.08673603505960029,3.341823765727341,0.0,0.0,0.0,1.0
001081,-0.4032258849308991,0.10662212306773822,0.9088677618852048,-0.87788532566209,-0.9107784101755534,0.0496554609677089,-0.4098987957461886,-0.047964940529910856,-0.08883452752046755,-0.9930589398764871,0.07708676054682073,3.344204165727341,0.0,0.0,0.0,1.0
001082,-0.4028940936746448,0.1000325576769655,0.9097636158292386,-0.8707672656620902,-0.9111598774563255,0.04999140649113562,-0.40900921382141403,-0.04855003152991086,-0.08639460050176573,-0.9937275012203506,0.07100441058481985,3.345928965727341,0.0,0.0,0.0,1.0
001083,-0.40188223717521065,0.09212443037424084,0.9110454197081885,-0.8632699656620901,-0.9118665862293993,0.050577605528289604,-0.4073588525334465,-0.04893233552991086,-0.08360619810390402,-0.9944621637585044,0.0636789485730127,3.347603765727341,0.0,0.0,0.0,1.0
001084,-0.3980334926976664,0.07427540337632965,0.9143590668573154,-0.84741120566209,-0.9140459805385859,0.05267305399133235,-0.4021759501070168,-0.048973842529910855,-0.07803386541849694,-0.9958457279300394,0.04692549425779344,3.350658365727341,0.0,0.0,0.0,1.0
001085,-0.39588616927038567,0.06523852718765832,0.9159792986475208,-0.8405374156620901,-0.9151010240876855,0.055153972685947655,-0.3994347944416293,-0.04859304552991086,-0.0765784349153758,-0.996344304880267,0.0378651480727151,3.350725565727341,0.0,0.0,0.0,1.0
001086,-0.38945351959374996,0.04268363846180567,0.9200565542854975,-0.82421636566209,-0.9181810466679853,0.06073734422677543,-0.39147738192130754,-0.04734265352991086,-0.07259147068164246,-0.9972407342381979,0.015536935358563791,3.352637965727341,0.0,0.0,0.0,1.0
001087,-0.38486029030913227,0.02879968739868899,0.922525411546429,-0.8156943656620901,-0.9203108099725963,0.06391233029627566,-0.3859316352460413,-0.04640598152991086,-0.07007545926181391,-0.9975398699008664,0.0019073456446871973,3.353596665727341,0.0,0.0,0.0,1.0
001088,-0.3799848289465968,0.01449206953757426,0.9248791865378654,-0.8071803056620901,-0.9225208502112929,0.06711170328708865,-0.38006749427876474,-0.045285872529910856,-0.06757818209939259,-0.9976402153093187,-0.012132192782734946,3.354467965727341,0.0,0.0,0.0,1.0
001089,-0.3708885753124011,-0.011304353691510338,0.9286085700069511,-0.79053356566209,-0.9264783009599917,0.07327616716040933,-0.36914571807968544,-0.042421191529910855,-0.06387192304153871,-0.9972476196581753,-0.037650531644038865,3.356182265727341,0.0,0.0,0.0,1.0
001090,-0.36618700465364784,-0.02463699468282171,0.9302150805678158,-0.78223981566209,-0.9285439603898846,0.07513581973074662,-0.3635391618751097,-0.04085709052991086,-0.06093596020625075,-0.9968689116861792,-0.05039029338429038,3.356704465727341,0.0,0.0,0.0,1.0
001091,-0.36147844587959865,-0.038705383002047566,0.9315767421372942,-0.7738933656620901,-0.9306059844382581,0.07659036663982777,-0.3579195684307816,-0.039210655529910855,-0.05749639025339065,-0.9963111005427177,-0.06370522775399387,3.357014965727341,0.0,0.0,0.0,1.0
001092,-0.3523626315112115,-0.06741160703462667,0.9334325102285133,-0.7571764156620902,-0.9344496121178325,0.08014902120009901,-0.34695829261382233,-0.03607520052991085,-0.051424685972078776,-0.9945007841312521,-0.09123427006886134,3.357245965727341,0.0,0.0,0.0,1.0
001093,-0.348560508370808,-0.08030640312638226,0.9338396294981204,-0.74889324566209,-0.9359927346759498,0.0821496339438281,-0.34229963230586746,-0.034684821529910856,-0.0492257314635432,-0.9933792424143953,-0.10380032804418834,3.357149565727341,0.0,0.0,0.0,1.0
001094,-0.34551292490342095,-0.09195954091311198,0.9338973506546275,-0.73878239566209,-0.9372768299327836,0.08279547416638194,-0.3386104746293526,-0.03380296352991086,-0.04618401017489149,-0.992314643796318,-0.11479845343710798,3.357781565727341,0.0,0.0,0.0,1.0
001095,-0.34162282278482137,-0.11250999971885728,0.9330784248474473,-0.7216146656620901,-0.9391639998953338,0.07843605968223255,-0.33439313067424514,-0.03150878052991086,-0.035564423981390814,-0.9905499909165554,-0.1324608894809478,3.356909665727341,0.0,0.0,0.0,1.0
001096,-0.34132945059363795,-0.12152872087824435,0.9320541701849431,-0.7135889656620901,-0.9394989275585801,0.07461317196061104,-0.33432714470448555,-0.030412129529910854,-0.028913167825802,-0.9897795939357781,-0.13964377592504057,3.356103565727341,0.0,0.0,0.0,1.0
001097,-0.3431713697114509,-0.13969435970047528,0.9288266236915483,-0.6951571856620901,-0.9391440454727075,0.06740515531030397,-0.33684567221615175,-0.029530479529910857,-0.015552262328162592,-0.987897783632228,-0.15432464557227407,3.356250965727341,0.0,0.0,0.0,1.0
001098,-0.34432704936563263,-0.14911281671946314,0.9269327111312584,-0.6865467256620901,-0.9388069947030757,0.06410935997675915,-0.3384249054959605,-0.029218955529910856,-0.008961571945626357,-0.9867397619703779,-0.1620627420936264,3.356257965727341,0.0,0.0,0.0,1.0
001099,-0.3456468969792472,-0.1576426478631518,0.9250281175095769,-0.67865593566209,-0.938359678538782,0.06127736402433112,-0.340185535187525,-0.028873047529910857,-0.0030555361576712348,-0.9855931616204141,-0.16910583510294744,3.356063365727341,0.0,0.0,0.0,1.0
001100,-0.3508722694903191,-0.1737760448802136,0.9201578868479598,-0.66332746566209,-0.9364038943522036,0.058780804919413676,-0.3459661307339968,-0.028460211529910857,0.00603300461959505,-0.9830293501207459,-0.1833491195954977,3.355750265727341,0.0,0.0,0.0,1.0
001101,-0.35417545673658424,-0.18266241231279357,0.9171663911055087,-0.6556772456620901,-0.9351306249226699,0.0592007904434865,-0.34932217327648035,-0.028372029529910858,0.009511055523383605,-0.9813917207409777,-0.19178068277043364,3.355652765727341,0.0,0.0,0.0,1.0
001102,-0.359542278406614,-0.201790246064587,0.9110488717030356,-0.6389824056620901,-0.9330224554232189,0.06300313887016018,-0.3542593713206958,-0.029612678529910855,0.014087147128080013,-0.9774002767984571,-0.21092712295978222,3.355979365727341,0.0,0.0,0.0,1.0
001103,-0.36138155890843926,-0.21109946201755514,0.9082072373730594,-0.6311414656620901,-0.9322942334445649,0.06593469107600128,-0.3556403784706163,-0.030171050529910856,0.015193128937685596,-0.9752382445580212,-0.22063439256940842,3.356318165727341,0.0,0.0,0.0,1.0
001104,-0.3627141961598407,-0.21972862702187929,0.9056256082792713,-0.6240168356620901,-0.9317589147395411,0.06857438737810116,-0.3565429542132484,-0.030309233529910856,0.0162399725219306,-0.973147924964544,-0.22960701084611712,3.356592365727341,0.0,0.0,0.0,1.0
001105,-0.36467018360842607,-0.23434445540085524,0.9011649867864782,-0.61056999566209,-0.9309265999819444,0.07119686478102212,-0.35819920699439006,-0.030040527529910856,0.019781876378490104,-0.9695430277549468,-0.24412086084297813,3.356884165727341,0.0,0.0,0.0,1.0
001106,-0.366247806540887,-0.24070220405096088,0.8988464791993116,-0.6017392156620901,-0.9302513527946247,0.07161700907172637,-0.35986584255162496,-0.030576943529910854,0.022247805009925736,-0.9679532287133659,-0.2501431234225927,3.356570965727341,0.0,0.0,0.0,1.0
001107,-0.3686041928835982,-0.24753498018085474,0.896023092657491,-0.5942277456620901,-0.9292606296959648,0.07260155853169097,-0.362220507144237,-0.030752799529910856,0.024609573049728273,-0.9661549809868151,-0.25678575043930446,3.3566591657273412,0.0,0.0,0.0,1.0
001108,-0.37327310834561367,-0.26180258043727495,0.8900149411455902,-0.5802514656620901,-0.9272302702145852,0.07406610670506593,-0.3670943173563727,-0.030943885529910856,0.030186297947766005,-0.9622752312690679,-0.2703981632745879,3.3573307657273412,0.0,0.0,0.0,1.0
001109,-0.3754100712788061,-0.26802206349525587,0.8872606448288951,-0.5735066056620901,-0.9262465044322254,0.07369586250862306,-0.36964352135022366,-0.030961620529910854,0.0336851808593171,-0.9605899714908828,-0.275920668420508,3.357783965727341,0.0,0.0,0.0,1.0
001110,-0.3775594375830119,-0.2736344796861257,0.8846315858134973,-0.5668200156620901,-0.9252286789204136,0.07286674782028377,-0.3723470541917602,-0.030936292529910855,0.037426765759094094,-0.9590696578398248,-0.2806859964725983,3.358290365727341,0.0,0.0,0.0,1.0
001111,-0.38069873933838105,-0.2872628181971922,0.8789474063603432,-0.5517735356620901,-0.9235538572110533,0.07082675103055294,-0.37687112408493384,-0.031164712529910855,0.046008072082547535,-0.9552296292619189,-0.29226633860809936,3.359180665727341,0.0,0.0,0.0,1.0
001112,-0.38144997703704636,-0.2951592374468634,0.8760005362830681,-0.5445794056620901,-0.9230467640386375,0.0705618398046199,-0.3781609421412883,-0.031311570529910855,0.04980548580464311,-0.9528389430082993,-0.2993615911746031,3.359727965727341,0.0,0.0,0.0,1.0
001113,-0.3812366033328253,-0.3037901146661769,0.8731381440014867,-0.5377995856620901,-0.9229506378600475,0.07081093518272961,-0.3783489547128133,-0.03144414552991086,0.05311094381557563,-0.9501038773153481,-0.30737900051460965,3.360422765727341,0.0,0.0,0.0,1.0
001114,-0.37789486624911034,-0.32231321130426344,0.8679341356815621,-0.5245876756620901,-0.9239451148984761,0.07120460592112286,-0.375839498657152,-0.031598999529910854,0.05933712765047505,-0.9439513217927875,-0.3247075720826978,3.362010665727341,0.0,0.0,0.0,1.0
001115,-0.3755589759020031,-0.3318524813366453,0.8653492856934419,-0.51794724566209,-0.924688584380764,0.0712006623752315,-0.37400733628262844,-0.03162753152991086,0.06250182025619283,-0.9406404181769141,-0.33360024903561264,3.362817465727341,0.0,0.0,0.0,1.0
001116,-0.3736455552113968,-0.34167723223891755,0.8623489247632423,-0.5079582756620901,-0.925227215315357,0.0712308810752816,-0.3726670922164034,-0.03154325552991086,0.06590598690981869,-0.9371140968691017,-0.3427441762286428,3.362999665727341,0.0,0.0,0.0,1.0
001117,-0.3714278910642286,-0.360467515365021,0.8556310490545258,-0.49265472566209006,-0.925749340705222,0.07339101793511871,-0.3709473233092462,-0.03178386552991085,0.07091882629758395,-0.9298800615418183,-0.3609620357095157,3.364626165727341,0.0,0.0,0.0,1.0
001118,-0.368968777111302,-0.3703519901910301,0.8524678556277259,-0.48566014566209004,-0.9265508917852352,0.07428130029620655,-0.3687624348524264,-0.031899525529910856,0.07324948087853983,-0.9259166764822027,-0.37055744731846435,3.365625065727341,0.0,0.0,0.0,1.0
001119,-0.3650397734858417,-0.38001289985058234,0.8499036179006162,-0.47893125566209005,-0.9279481566310888,0.07475581035544082,-0.3651353001601816,-0.03196235252991086,0.07522089057150183,-0.9219554028071275,-0.37992111399128303,3.3667146657273412,0.0,0.0,0.0,1.0
001120,-0.3602448708448427,-0.3891405951681568,0.8478167433013784,-0.47236415566209006,-0.9296628628042627,0.07460721602090002,-0.36077794394917406,-0.031972929529910855,0.07714009691830365,-0.9181521445325842,-0.38864642663692567,3.3679460657273412,0.0,0.0,0.0,1.0
001121,-0.3533427017083281,-0.404649297492787,0.8434499873662062,-0.45555045566209007,-0.9320062516517359,0.07448741901115205,-0.3547054711886164,-0.03173465552991086,0.08070490710942407,-0.9114332506813931,-0.4034552608664412,3.370696965727341,0.0,0.0,0.0,1.0
001122,-0.35252805972858414,-0.411781749914998,0.8403331229583549,-0.44817721566209007,-0.9321245703506373,0.0749911010327224,-0.35428818794103134,-0.03169299552991085,0.08287190387965848,-0.9081916786685738,-0.41026835406172696,3.372221465727341,0.0,0.0,0.0,1.0
001123,-0.35249518968114396,-0.41748484686594906,0.8375282346816553,-0.44103411566209005,-0.9319201402831636,0.07504635260672625,-0.3548138907864737,-0.03160920552991086,0.08527598364289407,-0.9055796196899211,-0.4155160153543963,3.373908265727341,0.0,0.0,0.0,1.0
001124,-0.35033877163158483,-0.4246571256101335,0.8348227780554455,-0.42751455566209007,-0.9321543272715034,0.07111969435902359,-0.35500746361631624,-0.03108086352991086,0.0913841082501946,-0.902556543792586,-0.42076196360471835,3.377657365727341,0.0,0.0,0.0,1.0
001125,-0.348907357296273,-0.4262748033250854,0.8345977762219898,-0.41865252766209005,-0.9322447356850425,0.06680631097093272,-0.35560746561620443,-0.03188383552991086,0.09583010389254448,-0.9021234443603683,-0.4207016547665689,3.379347265727341,0.0,0.0,0.0,1.0
001126,-0.3487221363355718,-0.4258735655801737,0.8348799780624663,-0.4112441326620901,-0.9318447511932084,0.06222611171545944,-0.3574818466641939,-0.03181142252991086,0.10029073388514981,-0.9026403587037334,-0.4185476693710926,3.3815421657273412,0.0,0.0,0.0,1.0
001127,-0.3530134501655162,-0.4186686773147929,0.8367186161653872,-0.39716331766209007,-0.9292806622865022,0.052982367235145364,-0.36555481047651395,-0.031004905529910858,0.10871501599410477,-0.9065921946485321,-0.40776419398931957,3.387169565727341,0.0,0.0,0.0,1.0
001128,-0.3572806836625664,-0.41305940721482004,0.8376947171809972,-0.39005945766209005,-0.9272980642451963,0.04964600928719995,-0.3710169454471955,-0.030554965529910855,0.1116638398440657,-0.909349877590137,-0.4007667488678198,3.390629965727341,0.0,0.0,0.0,1.0
001129,-0.36180236435357954,-0.4077089749946836,0.8383748808599552,-0.3829488536620901,-0.9253273759963847,0.047625304291221596,-0.3761662898543855,-0.030088685529910855,0.11343851365301261,-0.9118690816668545,-0.394495223697629,3.394538365727341,0.0,0.0,0.0,1.0
001130,-0.36791487098269615,-0.39692281329543705,0.8408869888370385,-0.36700641897109004,-0.9229459876926887,0.045812278157496514,-0.3821935883449481,-0.03150512552991085,0.11317840567773291,-0.9167079771964766,-0.38319333636245645,3.4027366657273412,0.0,0.0,0.0,1.0
001131,-0.3691885714685964,-0.39084849656551035,0.843170950299794,-0.3606838743620901,-0.9227040006540741,0.045809866831542714,-0.3827777204564593,-0.031192581529910855,0.11098254760972137,-0.9193143688822432,-0.3775499507253303,3.408292465727341,0.0,0.0,0.0,1.0
001132,-0.36933487708435453,-0.384186562880884,0.8461633609834793,-0.35488411166209005,-0.923025852430452,0.04606086542773494,-0.38197077430228343,-0.03077823552991086,0.10777302220000423,-0.9221057865439416,-0.37162601376660476,3.414536465727341,0.0,0.0,0.0,1.0
001133,-0.3650548689590334,-0.37059193551071457,0.8540471649643977,-0.3443348716620901,-0.9256638303274378,0.04653428894655423,-0.37547441081353994,-0.02988492252991086,0.09940531108969614,-0.9276293318382407,-0.3600311192667931,3.428581965727341,0.0,0.0,0.0,1.0
001134,-0.36115128033272836,-0.36280771391923045,0.8590345251703989,-0.33925308166209006,-0.9277417626197686,0.04678066634276884,-0.3702793420482584,-0.031185018529910853,0.09415399410113012,-0.9306890629943108,-0.35348676554798475,3.435855065727341,0.0,0.0,0.0,1.0
001135,-0.3579329391302687,-0.3538206114412301,0.8641151462651964,-0.33430739566209006,-0.9295635034813092,0.04751563642641321,-0.36558714048848495,-0.03155832252991086,0.0882932844621927,-0.9341055824768136,-0.3459061385759601,3.443816965727341,0.0,0.0,0.0,1.0
001136,-0.35501823228452656,-0.33181690258689844,0.873990616599061,-0.3243144836620901,-0.9317794320261297,0.0497686417891616,-0.35959723629016577,-0.03201169552991086,0.07582311520000473,-0.9420300554929757,-0.3268489402602798,3.461196365727341,0.0,0.0,0.0,1.0
001137,-0.35479633852651055,-0.3189558336653599,0.8788553546170248,-0.31931654566209006,-0.9323347967487348,0.050527519156298745,-0.358048595276402,-0.032354260529910854,0.06979530743306844,-0.9464217590370293,-0.3153006011436997,3.470409865727341,0.0,0.0,0.0,1.0
001138,-0.3546977041440466,-0.30458724048453534,0.8839774610299509,-0.31444818266209007,-0.9327635760217932,0.05019903168863159,-0.35697642564259124,-0.032779737529910855,0.06435565182623115,-0.9511606962819373,-0.30191336493517684,3.479929965727341,0.0,0.0,0.0,1.0
001139,-0.3560468494279529,-0.2699339651644179,0.8946319329551364,-0.30841278566209007,-0.933036381215246,0.04971583532279451,-0.356330530612962,-0.03617961552991086,0.05170833918418688,-0.9615945040237968,-0.2695593765574506,3.498305765727341,0.0,0.0,0.0,1.0
001140,-0.3588163721341024,-0.2502500906128044,0.8992361776734765,-0.30401102566209004,-0.9323361782158144,0.04993091411959533,-0.35812868442099194,-0.037220458529910856,0.04472205136675017,-0.9668928565065855,-0.251233242541836,3.508563965727341,0.0,0.0,0.0,1.0
001141,-0.36266729235128076,-0.2288998172807431,0.9033699733262297,-0.2994863106620901,-0.9311879229908302,0.050628239405218003,-0.36100669446805495,-0.038283131529910856,0.03689833511981705,-0.9721325295573491,-0.23150995192823848,3.519176465727341,0.0,0.0,0.0,1.0
001142,-0.37038205507369143,-0.18204234929363217,0.9108664646055664,-0.29096908566209007,-0.9286903198269395,0.05278266508550801,-0.367080754230193,-0.04058943552991086,0.018746283341646408,-0.9818729924639569,-0.18861071955418757,3.541142665727341,0.0,0.0,0.0,1.0
001143,-0.3726749760385132,-0.15688358502224714,0.9146042329801787,-0.29103510566209007,-0.927927329572712,0.05449060418073862,-0.36875689158044694,-0.04343790552991086,0.008014565911449612,-0.9861127292589755,-0.1658838507108681,3.550720165727341,0.0,0.0,0.0,1.0
001144,-0.3752372704560554,-0.10368549381309866,0.9211114532093405,-0.28635665566209006,-0.9267974902584231,0.05869341072901357,-0.370946755731444,-0.04671953552991086,-0.015601375304032716,-0.9928768311879018,-0.11811941067789627,3.572756765727341,0.0,0.0,0.0,1.0
001145,-0.3759807322905593,-0.0760167737085255,0.9235041629907264,-0.28367641566209006,-0.9261939241729957,0.061313259514732266,-0.37202889542709755,-0.04817268552991086,-0.028342614051671655,-0.9952196412464065,-0.0934588781555401,3.584215965727341,0.0,0.0,0.0,1.0
001146,-0.3766094490067449,-0.04834033701432533,0.9251100122343168,-0.28103268966209005,-0.9254351071437108,0.06453758127763215,-0.37336947259884806,-0.049697070529910854,-0.041655556469034294,-0.9967437546431754,-0.06904130788941232,3.595781965727341,0.0,0.0,0.0,1.0
001147,-0.37552228487024875,0.005798080859565791,0.9267952286369268,-0.2792723116620901,-0.9243194381416584,0.07096651260310052,-0.37496310533496846,-0.05406071552991086,-0.06794549167764191,-0.9974618470634853,-0.021290228119575844,3.617640665727341,0.0,0.0,0.0,1.0
001148,-0.3735737754601106,0.03273616567388765,0.9270226414416481,-0.2782227656620901,-0.9240595252186758,0.07410504927953793,-0.37499658068296093,-0.05603518552991085,-0.08097300871965951,-0.996712990347898,0.002566462670078068,3.628626565727341,0.0,0.0,0.0,1.0
001149,-0.3683011579422671,0.08795796638655556,0.9255364137663774,-0.27536179966209007,-0.9237707760198874,0.07769209413863648,-0.3749819887407507,-0.05919118152991086,-0.10488951534829616,-0.9930897918403426,0.05263891063182019,3.650591365727341,0.0,0.0,0.0,1.0
001150,-0.3653795189272224,0.11683111274028118,0.9234978604438555,-0.27411061566209005,-0.9236185248062807,0.07799399134143489,-0.3752942285051846,-0.06057190552991086,-0.11587332645255777,-0.990084556192298,0.0794099729651073,3.661307265727341,0.0,0.0,0.0,1.0
001151,-0.3614103300081784,0.17835391742045392,0.9151898456080889,-0.2750999116620901,-0.9221151305894836,0.0770635155802237,-0.37916342189662283,-0.06398098552991086,-0.1381530285636885,-0.9809439814317606,0.13661129525586874,3.680981565727341,0.0,0.0,0.0,1.0
001152,-0.360126271305529,0.21098402171247527,0.9087325301196199,-0.2753559656620901,-0.9207134288530214,0.07657427742946973,-0.38265279558088516,-0.06556846552991086,-0.15031916260174055,-0.974485568193898,0.16667941305550335,3.690871165727341,0.0,0.0,0.0,1.0
001153,-0.358513121347142,0.24430570660850087,0.9009900463048695,-0.27520583566209006,-0.9192649821503391,0.07565870547178905,-0.38629995195245664,-0.06697393152991085,-0.16254302327096853,-0.9667422003848052,0.19745704236891432,3.7008997657273413,0.0,0.0,0.0,1.0
001154,-0.35220073886377323,0.3112203226365677,0.8826644607787284,-0.27545297566209004,-0.9172503808263817,0.07267332847275551,-0.3916252369326432,-0.06951483552991086,-0.18602789688019966,-0.9475550105965784,0.2598713594755069,3.720689265727341,0.0,0.0,0.0,1.0
001155,-0.347634637808824,0.34480224719722385,0.8719297958684931,-0.27629663166209006,-0.9166728890855889,0.07053171162469923,-0.39336508750875404,-0.07075615552991085,-0.1971318670611304,-0.9360217347813216,0.2915516060767939,3.730249865727341,0.0,0.0,0.0,1.0
001156,-0.3346577335157489,0.411637936488372,0.847678247120744,-0.28138253966209004,-0.9159375748322256,0.06935075654931597,-0.3952832295664701,-0.07397805552991085,-0.22150070069542283,-0.9087049476093065,0.3538258862517045,3.747277465727341,0.0,0.0,0.0,1.0
001157,-0.3267029110380292,0.44494393406659194,0.8338405743645616,-0.28338934566209006,-0.9156104971259122,0.06976439279275645,-0.3959676085882504,-0.07505457552991085,-0.23435576688470344,-0.8928369532202407,0.38460310645167733,3.756466065727341,0.0,0.0,0.0,1.0
001158,-0.31746796315361087,0.4786106495083262,0.8186244184901376,-0.2857814256620901,-0.9155188508861547,0.07022053756304844,-0.3960988636394345,-0.07589820552991086,-0.24706138112459508,-0.8752147863705084,0.4158843008280463,3.765439665727341,0.0,0.0,0.0,1.0
001159,-0.29520938205966185,0.5466237259064173,0.7836159282583137,-0.2922321756620901,-0.9167247745054972,0.06903283426528717,-0.39351004510831356,-0.07672787552991085,-0.269197155541804,-0.8345279923822133,0.4807243715256326,3.781983765727341,0.0,0.0,0.0,1.0
001160,-0.28232104670495844,0.5801152338816737,0.7640426310133671,-0.29724033566209007,-0.9177698018105316,0.0685272874692382,-0.39115547005860296,-0.07699355552991086,-0.27927301601134846,-0.8116466757712496,0.5130655477006869,3.789444165727341,0.0,0.0,0.0,1.0
001161,-0.26935038051748367,0.6122848526962062,0.743342203614104,-0.30167897566209007,-0.9183249968314714,0.0691764793298894,-0.3897355704859382,-0.07698635552991086,-0.29005098294880005,-0.7876051509902069,0.5436437743818359,3.796833265727341,0.0,0.0,0.0,1.0
001162,-0.24258620454860202,0.6732116634119708,0.6985255826444666,-0.3110228306620901,-0.9180167040802741,0.07351931972957759,-0.3896668328920115,-0.07649675552991085,-0.31368338239743354,-0.7357859511247737,0.6001847796596628,3.810746965727341,0.0,0.0,0.0,1.0
001163,-0.22890431322895427,0.7020218317167187,0.6743650073797449,-0.3161756036620901,-0.9177399150790441,0.07536139173340167,-0.38996680487794544,-0.07589785552991085,-0.3245862961615748,-0.708156768257642,0.627022908604624,3.8168749657273406,0.0,0.0,0.0,1.0
001164,-0.21543931595660903,0.7297311045857365,0.6489055525577122,-0.32202462966209006,-0.9173031148781295,0.07664765768607695,-0.3907430511296646,-0.07502812552991085,-0.33487444897308916,-0.6794245002730763,0.6528716963183894,3.822291365727341,0.0,0.0,0.0,1.0
001165,-0.20140729087480558,0.7559998649853655,0.6228156286772036,-0.32972583266209005,-0.9167721262541654,0.07840552549521262,-0.3916394286780074,-0.07377174552991085,-0.3449115418565867,-0.6498590444965189,0.6772881591908892,3.8267444657273413,0.0,0.0,0.0,1.0
001166,-0.17085157377976856,0.8039884814351651,0.5695719984835574,-0.34353455966209007,-0.9161056506182889,0.08318004531693174,-0.3922136113985782,-0.07177397552991086,-0.3627122504716625,-0.588798439010032,0.7223269492253016,3.8344359657273412,0.0,0.0,0.0,1.0
001167,-0.1548898964172865,0.8258001537762211,0.5422759684985239,-0.3505642126620901,-0.9157859361937809,0.08589230979647872,-0.3923756238446857,-0.07083818952991086,-0.37060118599044284,-0.5573837252207814,0.7429523159675067,3.837434965727341,0.0,0.0,0.0,1.0
001168,-0.13905238359457106,0.8460442398459305,0.5146587013159207,-0.35768794366209006,-0.9152850022475325,0.08859888941749022,-0.3929422367915185,-0.06990361152991086,-0.3780447053952783,-0.5256989452314976,0.7620517172115606,3.8398823657273407,0.0,0.0,0.0,1.0
001169,-0.10764144921480068,0.8817752111045972,0.4592230345838291,-0.3733886672620901,-0.9149123765011068,0.09289096332978747,-0.39281880333909847,-0.06797251552991086,-0.38903555330590894,-0.46243242318538536,0.7967481360196949,3.8424052657273413,0.0,0.0,0.0,1.0
001170,-0.09208564760991561,0.8973828931967149,0.43153699320238553,-0.3811978931620901,-0.915383507119135,0.09427932151535251,-0.3913878439973289,-0.06702285952991086,-0.3919097707362437,-0.4310630493703886,0.8127677276251604,3.842776965727341,0.0,0.0,0.0,1.0
001171,-0.07707829794684617,0.9115483881953224,0.40390403806365616,-0.3888191216620901,-0.9161160166149891,0.09510779819428333,-0.3894688059705433,-0.06614766552991086,-0.39343408607681973,-0.4000425511131856,0.8277533311390249,3.842713265727341,0.0,0.0,0.0,1.0
001172,-0.04930228979314616,0.9362923253589314,0.34774410950455703,-0.4040651256620901,-0.9170074826341413,0.09554296676613722,-0.38725807711979315,-0.06476016552991086,-0.39581126943803346,-0.3379766604005216,0.8538765812518592,3.841568965727341,0.0,0.0,0.0,1.0
001173,-0.036541649514165886,0.9471569113899493,0.3186824329281983,-0.41181827566209006,-0.9166397401134819,0.09525020287763353,-0.38819967245794756,-0.06429758552991086,-0.3980405691578083,-0.3063024388705082,0.8647210655734637,3.8405584657273413,0.0,0.0,0.0,1.0
001174,-0.011887152718076777,0.9659146659354731,0.25858761325906665,-0.4278167556620901,-0.914920041680622,0.09383794222505354,-0.3925757989612915,-0.06384226552991086,-0.4034600512211661,-0.2412535983767517,0.8826192204676279,3.837451965727341,0.0,0.0,0.0,1.0
001175,0.00039528041377867584,0.9736800136210642,0.2279190093613921,-0.4360662356620901,-0.9140870430774586,0.09277705042325124,-0.3947623292471934,-0.06375566552991085,-0.4055178435424297,-0.2081817715114495,0.8900649575053787,3.835400965727341,0.0,0.0,0.0,1.0
001176,0.025204628824162578,0.9856642772900048,0.1668252353818478,-0.45319333066209005,-0.9126388660226343,0.09079350341603526,-0.39855594332836475,-0.06403201552991086,-0.4079890034189114,-0.1422057390255932,0.9018439448582158,3.8301872657273415,0.0,0.0,0.0,1.0
001177,0.037668127524405626,0.989812262703233,0.13730548703934417,-0.4620632016620901,-0.9119301194713213,0.09023358001067561,-0.40030158410813077,-0.06440199552991085,-0.40861298238042676,-0.11013439808145045,0.9060385449799638,3.8271254657273412,0.0,0.0,0.0,1.0
001178,0.06241054971280424,0.9947878816043649,0.08063494216309369,-0.4793297556620901,-0.9103178742990095,0.08986134782496558,-0.40403750555958706,-0.06652780552991086,-0.4091775788288972,-0.048187226317567056,0.9111814858761899,3.8200209657273407,0.0,0.0,0.0,1.0
001179,0.0748325102452786,0.995787048391104,0.05299292091330815,-0.4884420856620901,-0.9091353880777535,0.08996246406060793,-0.40666890857902693,-0.06729540152991086,-0.4097230058894709,-0.017745684452217803,0.9120373616953528,3.8162079657273407,0.0,0.0,0.0,1.0
001180,0.09960959532841202,0.9950248951997444,-0.0018402313027458816,-0.5069617456620901,-0.9061977622535086,0.08995318029081484,-0.41317555716946947,-0.06876180952991086,-0.4109544308134947,0.042823863537819196,0.910649533303812,3.8078199657273406,0.0,0.0,0.0,1.0
001181,0.1116886792422026,0.9933111125152597,-0.029303117288603298,-0.5163089456620901,-0.9046306211532035,0.089424263113278,-0.4167094196662904,-0.06939878552991086,-0.41130168757385577,0.0730502219048271,0.9085673265523881,3.803189665727341,0.0,0.0,0.0,1.0
001182,0.13425278659815965,0.9873876414929583,-0.08391564048258335,-0.5315698256620901,-0.9012567905282354,0.08645847458576184,-0.42457170148167855,-0.07097288152991085,-0.41196163270063557,0.1326294748510917,0.9014971079173522,3.792820665727341,0.0,0.0,0.0,1.0
001183,0.14566518207974988,0.9831316922336378,-0.11060619537574215,-0.54057261566209,-0.8992002738388319,0.08494136765947924,-0.42921303753300244,-0.07137294552991086,-0.41257789841173353,0.161978516433386,0.8964052866623424,3.787521765727341,0.0,0.0,0.0,1.0
001184,0.16926492229304801,0.9722534387568701,-0.16147023535800603,-0.55895037566209,-0.8951333131119005,0.08309882195195628,-0.43798508827071925,-0.07200528552991085,-0.4124145218568826,0.21867289867662731,0.8843621574592169,3.776221465727341,0.0,0.0,0.0,1.0
001185,0.1806705892533762,0.9659663826278062,-0.1851137104911148,-0.5668453656620901,-0.8940585885622223,0.0828593549804525,-0.4402199081258706,-0.07246079952991086,-0.40989922956376046,0.24503729292737014,0.8786007891402452,3.770139365727341,0.0,0.0,0.0,1.0
001186,0.2030899350408915,0.9515314828854041,-0.2309595535218022,-0.5807604356620901,-0.8941934590304575,0.084124877911045,-0.4397056546641138,-0.07356159552991086,-0.39896432937323056,0.295822314902638,0.8679381440479573,3.757174665727341,0.0,0.0,0.0,1.0
001187,0.2145805016360024,0.94326186262595,-0.2534013946943964,-0.5889507256620901,-0.8943689478142111,0.08550110520268428,-0.43908284661874536,-0.07394852552991085,-0.3925040044424295,0.3208529562346952,0.8619709896348683,3.750433165727341,0.0,0.0,0.0,1.0
001188,0.23861892536827745,0.9243711694023294,-0.29765575693048213,-0.6053777156620901,-0.8935105286872792,0.08892023942634286,-0.44015011773864227,-0.07489971552991086,-0.380394457873754,0.37098670083728297,0.8471534242513579,3.736923365727341,0.0,0.0,0.0,1.0
001189,0.2509496780505821,0.9139064121616712,-0.31906007098364747,-0.6134020356620901,-0.8924874949533063,0.0908161048825965,-0.44183538387721366,-0.07550220552991085,-0.3748203975749996,0.39563557082716183,0.8384403166940295,3.730179965727341,0.0,0.0,0.0,1.0
001190,0.27391066939758324,0.8920210729352793,-0.35954325279382077,-0.6241458856620901,-0.8902120295921532,0.09366290653811793,-0.4458136407830648,-0.07714508552991085,-0.3639992960976541,0.44218284156921467,0.8197431592042641,3.717771765727341,0.0,0.0,0.0,1.0
001191,0.28453149359735286,0.8807520227047546,-0.37857324740760934,-0.63106392566209,-0.8891963636486157,0.09487613570054343,-0.44758054666016367,-0.07780093552991085,-0.3582899050005992,0.46397671641582994,0.8101567444628517,3.7110936657273412,0.0,0.0,0.0,1.0
001192,0.29456462789480575,0.8695041609062755,-0.39647723031703663,-0.6380456256620901,-0.8882227831272649,0.09605218902239532,-0.4492596849458693,-0.07844781552991086,-0.35255065951838793,0.48449612088300553,0.8006069830587726,3.704378565727341,0.0,0.0,0.0,1.0
001193,0.3041926719543053,0.8582507230582164,-0.4133672878921956,-0.64494946566209,-0.8872535106477066,0.09729933173753624,-0.45090359045670614,-0.07911343052991085,-0.3467679716649455,0.503923145344087,0.7910837107499447,3.697697965727341,0.0,0.0,0.0,1.0
001194,0.32171023106759994,0.835983016475186,-0.44456149562403646,-0.6552382856620901,-0.885558364052234,0.09949259556631757,-0.4537483964540351,-0.08039053552991085,-0.33509537609994344,0.5396606522552166,0.7723195383543728,3.684790065727341,0.0,0.0,0.0,1.0
001195,0.3300434130826806,0.8248406997005197,-0.4590306804542505,-0.6607717456620901,-0.8846684496988858,0.10064415892825629,-0.45522795101025354,-0.08106925552991086,-0.32929178487794813,0.5563349471237459,0.7629274847721204,3.6784749657273412,0.0,0.0,0.0,1.0
001196,0.3381387277010863,0.8139425565741765,-0.47239783596687274,-0.6669466356620901,-0.8836330950348608,0.1018784325774445,-0.4569609811949768,-0.08178868552991085,-0.3238128382072018,0.5719425666734876,0.7536756240181447,3.6722764657273412,0.0,0.0,0.0,1.0
001197,0.3530609692050615,0.7929981503710564,-0.49648956235963915,-0.67965266566209,-0.8814581934038292,0.10402875893779079,-0.46066199169794797,-0.08323262552991086,-0.3136549143648796,0.6002765619461969,0.7357232114544255,3.660238965727341,0.0,0.0,0.0,1.0
001198,0.3597281230656376,0.782876881510707,-0.5076410797716672,-0.68596373566209,-0.8805340706158857,0.1048739464979851,-0.46223501147203927,-0.08391106552991086,-0.3086347808661427,0.6132741994752497,0.7270758751998996,3.654338765727341,0.0,0.0,0.0,1.0
001199,0.36584674975504244,0.7729213487173269,-0.5184098228145951,-0.68950824566209,-0.8796587333856224,0.10528792263857639,-0.4638048793672357,-0.08455742552991086,-0.30390239958261966,0.6257052357487843,0.718426258905174,3.649310265727341,0.0,0.0,0.0,1.0
001200,0.3720857792205061,0.7628311498749374,-0.5288107503468038,-0.4642041020093024,-0.8785596802918569,0.10562768286032753,-0.4658064842603937,-0.05456345810477241,-0.299474641776794,0.6379117724215779,0.709495249835136,3.798370822171059,0.0,0.0,0.0,1.0
001201,0.38399133770115124,0.7429737456704705,-0.5482158934351241,-0.4760533020093024,-0.8762112603162605,0.1059550178063221,-0.4701354714299402,-0.05561436310477241,-0.29121208743022786,0.660880887487339,0.6916877710994147,3.787134622171059,0.0,0.0,0.0,1.0
001202,0.38905913053448743,0.7332051977410735,-0.5577124088212686,-0.4820387120093024,-0.8754132379538896,0.10574541209136074,-0.4716668004393728,-0.05604484210477241,-0.28685302118477923,0.6717351009342162,0.6829987543254109,3.781513722171059,0.0,0.0,0.0,1.0
001203,0.3935792500224976,0.7234950521301322,-0.5671422074708825,-0.48803203200930234,-0.8748617982609155,0.10530877617606149,-0.47278631071973437,-0.05641279810477241,-0.28233350473403857,0.6822499330916181,0.6744055314876036,3.775896022171059,0.0,0.0,0.0,1.0
001204,0.3979220075139496,0.7135875557829837,-0.5765855323954415,-0.49140418200930236,-0.8742980702448243,0.10454598270652221,-0.4739968584981374,-0.05713194210477242,-0.27795855860585406,0.6927213997933036,0.6654893702878817,3.771628022171059,0.0,0.0,0.0,1.0
001205,0.4077795104289732,0.6922809151410806,-0.5953679579938234,-0.5026982320093024,-0.8725553088493995,0.1033497008174381,-0.4774579272979716,-0.057928193104772416,-0.26900391051625266,0.7141890323103359,0.6461972781237862,3.760980022171059,0.0,0.0,0.0,1.0
001206,0.4130553509319387,0.6813811036903592,-0.6042392478151353,-0.5090257320093023,-0.8715165651500207,0.10320664690572345,-0.4793821697806319,-0.05825404410477242,-0.2642804452387696,0.7246158841539321,0.6364649768025044,3.755390922171059,0.0,0.0,0.0,1.0
001207,0.41826532904526004,0.6705353010180382,-0.6127287528811667,-0.5155285320093024,-0.8705333532835071,0.10336692559555816,-0.48113091722928725,-0.058554854104772416,-0.25927937700409814,0.7346411973076188,0.6269581452368216,3.749705822171059,0.0,0.0,0.0,1.0
001208,0.4233091162097037,0.6597197233766836,-0.620950302940221,-0.5221261120093024,-0.8696616171050853,0.10375968577836248,-0.48262055420520994,-0.05882679810477241,-0.2539646901991064,0.7443143248621298,0.6176553423529212,3.743911322171059,0.0,0.0,0.0,1.0
001209,0.42774952929640353,0.6490024892238719,-0.6291471283951975,-0.5275916320093024,-0.8690179719287945,0.1037866177312704,-0.4837727797682172,-0.05936145310477241,-0.24867268577684618,0.753673740395087,0.6083895038438852,3.738786522171059,0.0,0.0,0.0,1.0
001210,0.43522872322510003,0.6272710062406355,-0.6458382484877383,-0.5387596520093024,-0.8682418963406298,0.10265138775131905,-0.4854057086927956,-0.06014014310477242,-0.2381847348565311,0.7720063324368451,0.5892998004061558,3.728223622171059,0.0,0.0,0.0,1.0
001211,0.4385313656926747,0.6163653351624561,-0.6540519971025172,-0.5451799920093023,-0.8678965972528512,0.10149265540582819,-0.4862661178568751,-0.06024839810477241,-0.23333610475157968,0.7808924474655566,0.5794490898350027,3.722428622171059,0.0,0.0,0.0,1.0
001212,0.4419886930390015,0.6057751179410538,-0.6615757717065959,-0.5518524320093023,-0.8672500345111565,0.10014679997272197,-0.48769662301027017,-0.06036453310477241,-0.22917978284760035,0.7893080038481342,0.5696222451723605,3.716675022171059,0.0,0.0,0.0,1.0
001213,0.4460470434659728,0.5956862048620871,-0.667982020979808,-0.5587818920093024,-0.8660813049481407,0.09905947582083718,-0.48999019731972926,-0.060559023104772416,-0.22571045220501143,0.797085419253862,0.5600978719637352,3.711035222171059,0.0,0.0,0.0,1.0
001214,0.4538234367416241,0.577730310028636,-0.6784334728904795,-0.5709889320093023,-0.8638002519410091,0.09823818550202096,-0.49416432859517445,-0.06154430810477242,-0.21884563740378765,0.8102943587261895,0.5436263783204816,3.701575522171059,0.0,0.0,0.0,1.0
001215,0.4564116949438092,0.569816005860624,-0.6833725807958382,-0.5777388520093024,-0.8635456896422279,0.09858948684921631,-0.4945391339248463,-0.06182066810477241,-0.2144229619673419,0.8158368908966137,0.5370595505465836,3.696416122171059,0.0,0.0,0.0,1.0
001216,0.4587200638544602,0.5624892819399873,-0.6878820470981908,-0.5847070320093024,-0.8634216739322188,0.09924794571646112,-0.4946239564104712,-0.06199605310477241,-0.20994979400191213,0.8208262014419984,0.5311924613780346,3.691166422171059,0.0,0.0,0.0,1.0
001217,0.4615977025018078,0.5555234100397954,-0.6916077659647917,-0.5917911520093024,-0.862869647027154,0.10023937081551404,-0.49538675878322047,-0.06216652810477241,-0.20587261421638217,0.8254367386034301,0.5256145520050273,3.685981722171059,0.0,0.0,0.0,1.0
001218,0.4678236640825709,0.5420898667110108,-0.698054149571218,-0.6044205320093023,-0.8611856521924117,0.10198257918995857,-0.4979546425124423,-0.06257049310477242,-0.19874680320017296,0.8341091834712062,0.5145498792796568,3.678173522171059,0.0,0.0,0.0,1.0
001219,0.47021272440736084,0.5363614138698982,-0.7008683382183066,-0.6109657320093024,-0.8606843062534484,0.10299592742937858,-0.4986124385752748,-0.06281569810477242,-0.19524988802667043,0.8376802926203084,0.5100678470371631,3.6741226221710592,0.0,0.0,0.0,1.0
001220,0.4721975936780541,0.5312899738251711,-0.703392064383374,-0.6178342720093024,-0.8603676654462318,0.10413429590176798,-0.49892236737957985,-0.06313427810477241,-0.19182521413843562,0.8407657296357246,0.5062766783991253,3.669739022171059,0.0,0.0,0.0,1.0
001221,0.4761944694750707,0.5220180630612123,-0.707626998551621,-0.6319236320093023,-0.8594134298955469,0.1059420142858345,-0.500184811968768,-0.06405369810477242,-0.186138077126975,0.8463293870868953,0.4990783353308298,3.661156222171059,0.0,0.0,0.0,1.0
001222,0.47820408004361337,0.5177806942074779,-0.7093828377791949,-0.6390459020093023,-0.8587986879140961,0.10663773697210777,-0.5010920141954912,-0.06462807810477242,-0.18380879050433957,0.8488412959791068,0.4956639817193115,3.6571221221710593,0.0,0.0,0.0,1.0
001223,0.47969962365646546,0.5136304411560512,-0.7113874056951567,-0.6443919320093023,-0.8584359216817158,0.10693184951661105,-0.501650623367917,-0.06518245810477241,-0.18159305997286457,0.8513221185173077,0.4922139891275892,3.656547822171059,0.0,0.0,0.0,1.0
001224,0.48168373813827164,0.505618847015745,-0.7157725602142135,-0.6562407620093024,-0.8584587156126076,0.10806480936592533,-0.5013687570695431,-0.06633971210477241,-0.1761516676103102,0.8559623698032379,0.4861059673352426,3.653466222171059,0.0,0.0,0.0,1.0
001225,0.4831517502684645,0.5019144038215468,-0.7173885400875739,-0.6631135320093023,-0.8581248775040167,0.10887002714833383,-0.5017658934178739,-0.06697717810477241,-0.1737414194175803,0.8580380227153004,0.4833059804653592,3.650448322171059,0.0,0.0,0.0,1.0
001226,0.4850535845504997,0.4983353067257178,-0.7185992918068428,-0.6700909320093024,-0.8573842818801444,0.1092972032862975,-0.5029376845481583,-0.06761130310477241,-0.1720907124152269,0.8600674644610029,0.4802798593279144,3.647361722171059,0.0,0.0,0.0,1.0
001227,0.48809388513423246,0.49056663494978137,-0.7218786158133643,-0.6794616320093023,-0.8558975298525945,0.10708778408240727,-0.5059363842347645,-0.06948276210477242,-0.17089112816877944,0.8647985795399805,0.47214366366481525,3.650612622171059,0.0,0.0,0.0,1.0
001228,0.4886717434042337,0.48664567534209624,-0.7241380489030402,-0.6853607920093023,-0.8557583053513478,0.10569104639297089,-0.5064653251058243,-0.07004682810477242,-0.1699342520519515,0.8671824429629523,0.4680993063403853,3.649175222171059,0.0,0.0,0.0,1.0
001229,0.4888677719041427,0.4826771468116862,-0.7266574664442725,-0.6915507320093024,-0.8559047503487218,0.1043735244105668,-0.5064910914642123,-0.07053240810477242,-0.16862787410144098,0.8695567487794266,0.46415051516526606,3.646852722171059,0.0,0.0,0.0,1.0
001230,0.48969767791652236,0.47442204441792046,-0.7315189047546802,-0.7041207020093023,-0.8557580142822664,0.10086988407611336,-0.5074480145572982,-0.07142273810477241,-0.16695629737999812,0.8744992797348619,0.45538621466659435,3.641781822171059,0.0,0.0,0.0,1.0
001231,0.4906763095610491,0.4702356206703109,-0.733563371692151,-0.7104824320093024,-0.8551964693495813,0.09858118606245819,-0.5088425577391595,-0.07180409810477241,-0.16696034872855398,0.877017793894358,0.4505152951289369,3.6393347221710592,0.0,0.0,0.0,1.0
001232,0.4917678029542032,0.4663653578274126,-0.7353011498672535,-0.7143247320093024,-0.854434784874805,0.09587335010215281,-0.5106363668366519,-0.07243608310477241,-0.1676473273677263,0.8793814040328004,0.4456262109299215,3.6423166221710592,0.0,0.0,0.0,1.0
001233,0.4933982131612824,0.4631082656507578,-0.736266892869156,-0.7186835320093024,-0.8534240069167517,0.09425336237688287,-0.5126243928051109,-0.07311063810477242,-0.16800496322254949,0.8812758013054707,0.44173215228913404,3.644636422171059,0.0,0.0,0.0,1.0
001234,0.49824138979074273,0.4587534686473804,-0.7357314540668938,-0.7310998320093024,-0.8507598247942945,0.09501435981615958,-0.5168945655979627,-0.07437286810477241,-0.16722212178826829,0.8834690296964134,0.4376291072951013,3.642382622171059,0.0,0.0,0.0,1.0
001235,0.5003913921498234,0.4571501916387248,-0.7352701251560809,-0.7376276320093024,-0.8495824534416478,0.09566520914453192,-0.5187078393116908,-0.07491378810477241,-0.16678761784506574,0.8842295347046547,0.4362568285878837,3.640596622171059,0.0,0.0,0.0,1.0
001236,0.5019731482850343,0.4554084928893105,-0.7352727813574348,-0.7440596320093024,-0.8486917992526943,0.09563850217936432,-0.5201687291467186,-0.07529036310477241,-0.1665688694865748,0.8851307143609778,0.43450941326142734,3.638863322171059,0.0,0.0,0.0,1.0
001237,0.5033448325591666,0.45247797140093804,-0.736143780068049,-0.7511723620093024,-0.8477581023488457,0.09376383841359687,-0.5220292544559479,-0.07641337410477242,-0.16718307162469642,0.886832581721511,0.43078740993591125,3.646393822171059,0.0,0.0,0.0,1.0
001238,0.5033089111801555,0.4518801620796715,-0.7365354431699102,-0.7567212020093024,-0.8479009299291496,0.09396396398961376,-0.5217612351417473,-0.07664875810477241,-0.16656576164365078,0.8871161663447511,0.43044251004967216,3.646826522171059,0.0,0.0,0.0,1.0
001239,0.502247239123684,0.4531338151625406,-0.7364899567196264,-0.7628643320093024,-0.8487127657445017,0.09517554188396327,-0.5202194320567161,-0.07681239810477242,-0.16563318524666276,0.8863472015995392,0.43238210666227883,3.646429322171059,0.0,0.0,0.0,1.0
001240,0.497340679082374,0.46059095028497227,-0.7351926451247108,-0.7755405320093024,-0.8518417441698809,0.09870084743632812,-0.5144159655424447,-0.07705161810477242,-0.16437120130819155,0.8821077707575966,0.4414385449296029,3.645393022171059,0.0,0.0,0.0,1.0
001241,0.495272674018414,0.4649065956053473,-0.733871130194734,-0.7786654820093024,-0.8529863230058794,0.10010712910171682,-0.5122430043133066,-0.07710729810477242,-0.16467941928352753,0.8796819993984524,0.4461392930451003,3.649308222171059,0.0,0.0,0.0,1.0
001242,0.4939807941418334,0.468957413483987,-0.7321624951862888,-0.7841594320093024,-0.8536393862386417,0.10161038855477544,-0.5108572473792092,-0.07721188210477241,-0.1651749777693906,0.8773564117712689,0.4505140990498798,3.650591822171059,0.0,0.0,0.0,1.0
001243,0.4921558755714618,0.4771211364623951,-0.7281057720423043,-0.7973613720093023,-0.8545873662312597,0.10558566876912101,-0.5084605196359849,-0.07767995810477242,-0.1657197260992373,0.8724718263023795,0.4597063026435289,3.651713622171059,0.0,0.0,0.0,1.0
001244,0.49148109117430067,0.48077365311401515,-0.7261563409414831,-0.8044190320093023,-0.8550562929691028,0.10812424956611244,-0.5071369465042954,-0.07811720210477241,-0.16530297296798507,0.8701527688441666,0.4642295617480384,3.652233822171059,0.0,0.0,0.0,1.0
001245,0.49110638559167885,0.4833384197990982,-0.7247057954626746,-0.8115782320093023,-0.8553807011664993,0.11024584725311781,-0.5061321065051595,-0.07862055810477242,-0.16473728813776545,0.8684640609199398,0.4675807959994315,3.652799822171059,0.0,0.0,0.0,1.0
001246,0.4905141120039973,0.4850229565843278,-0.7239811030069274,-0.8238788320093023,-0.8554281003670892,0.1095007362185002,-0.5062137432646012,-0.07960912810477241,-0.16624882263427637,0.8676187644085411,0.4686139227753623,3.656643422171059,0.0,0.0,0.0,1.0
001247,0.4905466722366565,0.4849674080154685,-0.7239962538026703,-0.8309572920093024,-0.8549942854420041,0.10733004293626347,-0.5074101238099383,-0.07989203810477241,-0.16837082353857924,0.867921007376857,0.4672947578722478,3.658012622171059,0.0,0.0,0.0,1.0
001248,0.49078333895907333,0.48431346054261576,-0.724273557530178,-0.8382711320093024,-0.854476962467124,0.10507011367660368,-0.5087527806557357,-0.08019358810477241,-0.17029631473740375,0.8685624578285791,0.46540135586140846,3.659381022171059,0.0,0.0,0.0,1.0
001249,0.49159255986835987,0.48101012688536327,-0.7259242473673129,-0.8533656320093024,-0.8536457567291664,0.10141541991842323,-0.5108853439090405,-0.08093027810477241,-0.1721211117218387,0.870829587483393,0.46046731964727067,3.6621177221710592,0.0,0.0,0.0,1.0
001250,0.4918152687443998,0.4780321767943117,-0.7277382629621487,-0.8607310320093023,-0.8535342269568575,0.09954955934659876,-0.511438372286493,-0.08185592810477241,-0.17203797500271073,0.872682716216604,0.45697681776407073,3.664348022171059,0.0,0.0,0.0,1.0
001251,0.49104070170879577,0.47512463269009153,-0.7301613607117537,-0.8683504320093024,-0.8539933419832,0.0970826585813298,-0.5111460938431857,-0.08224033810477241,-0.17197209399696023,0.8745464772176988,0.4534248097230831,3.666113822171059,0.0,0.0,0.0,1.0
001252,0.48771505106992386,0.4700499532215764,-0.7356541785623567,-0.8838871720093023,-0.8558358152442863,0.09114543045794476,-0.5091537762324699,-0.08236270810477242,-0.17227619192740967,0.8779211536254438,0.44673858319151316,3.669399022171059,0.0,0.0,0.0,1.0
001253,0.485703427093619,0.46662421520074115,-0.7391576440095886,-0.8917165320093023,-0.8570700762162289,0.08800389263303365,-0.5076280127575121,-0.08227465810477241,-0.17182277312457994,0.8800665637721534,0.4426734439358806,3.670846522171059,0.0,0.0,0.0,1.0
001254,0.48357782286987344,0.46267098515048344,-0.7430262772798244,-0.8996338320093024,-0.8584984429729053,0.08517336679397997,-0.5056935050028576,-0.08215282410477241,-0.17068366249155315,0.8824290663214008,0.43839027164116023,3.672166322171059,0.0,0.0,0.0,1.0
001255,0.4790765939578001,0.45520322067127994,-0.7505169185383413,-0.9167662320093024,-0.8615386619094458,0.08016583817710726,-0.5013228225651049,-0.08245768810477241,-0.16803794558692647,0.8867713720457241,0.4305807503396655,3.6756134221710592,0.0,0.0,0.0,1.0
001256,0.4764584797102722,0.45146755330754523,-0.7544298280308612,-0.9250126320093024,-0.8632568618164176,0.07756857980935189,-0.4987691910625902,-0.08223944810477242,-0.16665805602804368,0.8889095363066248,0.4266906708894564,3.676823022171059,0.0,0.0,0.0,1.0
001257,0.4738378629610408,0.4483790508108061,-0.7579141814338312,-0.9333847320093024,-0.8649968371032617,0.07562355912960395,-0.49604591431229883,-0.08199492810477241,-0.16510042830310034,0.8906387057042668,0.42367976642218935,3.677878822171059,0.0,0.0,0.0,1.0
001258,0.47250494646458097,0.44598042391067416,-0.760158231590607,-0.9504953320093024,-0.8662771330206924,0.0762995216650647,-0.49370265524820905,-0.08162036810477241,-0.1621820100132969,0.891784640191867,0.42239454440831636,3.679635322171059,0.0,0.0,0.0,1.0
001259,0.4735394048821505,0.4457497242289466,-0.7596496662104688,-0.9589990320093024,-0.8657979834500125,0.07721452325359196,-0.4944004138879866,-0.08139569810477242,-0.16172286133305552,0.891821226899505,0.422493331750586,3.680492022171059,0.0,0.0,0.0,1.0
001260,0.4737894089155576,0.44628068201167087,-0.7591818944512867,-0.9674849320093024,-0.8655520786306008,0.07710313858859658,-0.4948481637816128,-0.08113781810477241,-0.16230586920285034,0.8915652858220678,0.4228098224253094,3.681547922171059,0.0,0.0,0.0,1.0
001261,0.46968076451840407,0.44982505310593135,-0.7596429431250272,-0.9839627820093023,-0.8673356902653755,0.0745781859004106,-0.4921045565524548,-0.08042504210477242,-0.16470816565456547,0.8899974807751142,0.4251772623043927,3.683803522171059,0.0,0.0,0.0,1.0
001262,0.46681455640362957,0.4522570392654533,-0.7599656178831573,-0.9922168920093024,-0.8688698590711821,0.07443698812869076,-0.48941220131495855,-0.08014650210477241,-0.16477056147050945,0.8887759589644487,0.4277007795638415,3.684763722171059,0.0,0.0,0.0,1.0
001263,0.46497563128101255,0.4548035544978375,-0.7595731624609681,-1.0009608920093025,-0.8699914550382795,0.07574793602563362,-0.48721362701409887,-0.08007773810477241,-0.1640503900489142,0.8873646246070376,0.43089615050590785,3.685742822171059,0.0,0.0,0.0,1.0
001264,0.4682592075907638,0.4575034268036537,-0.7559258753140972,-1.0187110920093023,-0.868399584579939,0.08032675168899611,-0.489315618455495,-0.08017581810477241,-0.16314250215029558,0.8855722598557434,0.4349095268744208,3.687527422171059,0.0,0.0,0.0,1.0
001265,0.47219310084278565,0.45713392212276294,-0.7536990465438675,-1.0273776320093024,-0.8661030580066728,0.08151406162449554,-0.49317436132565584,-0.08015527810477241,-0.1640096595568853,0.8856545799588789,0.4344154653898696,3.688459422171059,0.0,0.0,0.0,1.0
001266,0.47634761916553425,0.4558034238145271,-0.7518884123021727,-1.0357797320093025,-0.8635306029156334,0.08150770274744906,-0.4976659444054781,-0.08005602210477242,-0.16555314416673012,0.8863406417578901,0.4324262055249679,3.689406022171059,0.0,0.0,0.0,1.0
001267,0.4838525694526538,0.44942383852231316,-0.7509360188471015,-1.0516699020093023,-0.8589273085790822,0.07942384543736952,-0.5059009106070425,-0.07976520810477242,-0.16772170286268479,0.8897809090690867,0.4244518397239322,3.6908235221710592,0.0,0.0,0.0,1.0
001268,0.48695703540861596,0.44521425636720746,-0.7514366983275746,-1.0597006720093025,-0.8571059271798978,0.0780451411779493,-0.5091938584975293,-0.07950686810477241,-0.16805438185045896,0.8920163798192882,0.41960040857338515,3.690691522171059,0.0,0.0,0.0,1.0
001269,0.48991870671216453,0.4413716780828756,-0.7517783600236085,-1.0673717320093024,-0.8553628040829271,0.07686455086861133,-0.5122951436536936,-0.07940123810477241,-0.16832746123218273,0.8940262203123983,0.4151902975613169,3.690796622171059,0.0,0.0,0.0,1.0
001270,0.4963173841939692,0.4346233539337948,-0.7515128703902514,-1.0822234820093024,-0.8518659786531565,0.07698288270366682,-0.5180714141736955,-0.07948145810477242,-0.1673123084538471,0.8973160959137936,0.40844879171552456,3.690620222171059,0.0,0.0,0.0,1.0
001271,0.49928219066694923,0.4320870174291762,-0.7510113870321612,-1.0894190720093024,-0.8503792894642501,0.07825886971656781,-0.5203178003499036,-0.07963815810477241,-0.1660492641750907,0.8984299408856784,0.4065111107793573,3.690219922171059,0.0,0.0,0.0,1.0
001272,0.5047899737694278,0.4277745621732144,-0.7497973101708059,-1.1026355620093025,-0.8477611742346242,0.08190121792262633,-0.5240163947465024,-0.08096378810477241,-0.1627515709361731,0.9001672702672019,0.4039935787825132,3.688654222171059,0.0,0.0,0.0,1.0
001273,0.5072630868099753,0.4259547146706864,-0.7491640286411445,-1.1092813620093025,-0.8464985670645664,0.08323364864073529,-0.5258444025484977,-0.08145611810477242,-0.16163024691452815,0.9009077315595447,0.4027914131390885,3.687788222171059,0.0,0.0,0.0,1.0
001274,0.5095066136879309,0.42473508678130895,-0.7483335597613753,-1.1159135720093025,-0.8452144472037815,0.08401867509757083,-0.5277815840599739,-0.08190168810477241,-0.1612933626850901,0.901410543698998,0.4018003022174239,3.686951622171059,0.0,0.0,0.0,1.0
001275,0.5143110378918659,0.4236843986145629,-0.7456377717586523,-1.1290807320093024,-0.8421041495847181,0.08494296267676327,-0.5325836031496773,-0.08287800810477242,-0.16231068219556788,0.9018182873851641,0.40047349348352534,3.685180022171059,0.0,0.0,0.0,1.0
001276,0.5167376584143143,0.42395200604731825,-0.7438056795594841,-1.1355952620093024,-0.8403956926938096,0.08530764250858314,-0.5352174192151442,-0.0834019781047724,-0.16345418954001478,0.9016580852507685,0.4003691112257969,3.684251322171059,0.0,0.0,0.0,1.0
001277,0.5189799389384347,0.42490108344870897,-0.741700001525935,-1.1371088320093024,-0.8387187387439601,0.08567847917275762,-0.5377825540926222,-0.08422944810477243,-0.16495666176059504,0.9011760468913701,0.400837912690459,3.683025822171059,0.0,0.0,0.0,1.0
001278,0.5234195716964513,0.4299843069067177,-0.7356258884644107,-1.1476609320093023,-0.8347763466217257,0.08569179931343796,-0.54387991933083,-0.0853837281047724,-0.17082272414988658,0.8987604860831252,0.4037934937188026,3.680992822171059,0.0,0.0,0.0,1.0
001279,0.5254048909635326,0.43367627735161823,-0.7320345531558198,-1.1536442320093023,-0.8327534672883672,0.08559056592069747,-0.5469880416833416,-0.08586668810477241,-0.17456048599497187,0.8969945047143918,0.4061151256003427,3.679933022171059,0.0,0.0,0.0,1.0
001280,0.5267575408543741,0.4378467540167968,-0.7285716938984159,-1.1595708320093023,-0.8310629492565624,0.08529565100282233,-0.5495989686061913,-0.08626974810477242,-0.17849612748190585,0.8949943418351645,0.40880834208343136,3.678802522171059,0.0,0.0,0.0,1.0
001281,0.5274561532500234,0.44824639600316374,-0.721709896612803,-1.1661399320093024,-0.8287806880536523,0.08464796494760041,-0.5531340643456562,-0.08867537810477241,-0.1868490768187056,0.8898931905012,0.41614604646877607,3.677519022171059,0.0,0.0,0.0,1.0
001282,0.5275139308076061,0.4539755722349538,-0.718077455862426,-1.1710356320093023,-0.8278506936906683,0.08488846312715603,-0.5544882124840786,-0.08923236810477242,-0.19076761192557667,0.886961176513299,0.42060383925774714,3.676390922171059,0.0,0.0,0.0,1.0
001283,0.5273932574341931,0.4602694807741276,-0.7141486939572641,-1.1763775320093024,-0.8270854573467565,0.08581841092823184,-0.5554861353726659,-0.0896159681047724,-0.19438620902331916,0.883621641548954,0.4259422452960899,3.675106022171059,0.0,0.0,0.0,1.0
001284,0.5267691765931433,0.46714293817127805,-0.7101349941441325,-1.1817982320093023,-0.8266911756287799,0.08721830507642558,-0.5558548977899727,-0.08992733810477241,-0.1977269195857947,0.8798695599782396,0.43212685949245455,3.6737378221710593,0.0,0.0,0.0,1.0
001285,0.5225173670490284,0.48148776389158354,-0.7036654989089872,-1.1920114320093023,-0.8279305749186243,0.08932433447577959,-0.5536714968150116,-0.0905800581047724,-0.20373159854835327,0.8718891537879927,0.4453119572387326,3.670938722171059,0.0,0.0,0.0,1.0
001286,0.518750029575474,0.48917651530147405,-0.7011453085437795,-1.1968974320093024,-0.8295967188633406,0.08987438961658306,-0.5510824603834041,-0.09092336810477242,-0.20656159097621324,0.8675418900367597,0.4524415743107857,3.669556822171059,0.0,0.0,0.0,1.0
001287,0.5146221104614134,0.4975821116906364,-0.6982665146988848,-1.2020138320093023,-0.831390110705542,0.09045244421815879,-0.5482780673672689,-0.09115188810477243,-0.20965344558405763,0.8626878911057279,0.4602336746635176,3.668169322171059,0.0,0.0,0.0,1.0
001288,0.5073706030445884,0.5159306370332577,-0.6902105830372549,-1.2126444320093024,-0.8339910905683403,0.09241371117431624,-0.5439839766386693,-0.09170665810477241,-0.2168730781328121,0.8516309551428053,0.47716955500508645,3.665396422171059,0.0,0.0,0.0,1.0
001289,0.5038522637873462,0.5257852649437913,-0.685334043692821,-1.2180619320093025,-0.8349916980413981,0.09330833385834764,-0.5422936649404282,-0.09197895810477241,-0.22118264054466155,0.8454841275864178,0.4860399464253166,3.664053422171059,0.0,0.0,0.0,1.0
001290,0.49984845337608363,0.5358861950108128,-0.6804245069472219,-1.2230507320093023,-0.8361390600959352,0.09367928461677433,-0.5404587531121827,-0.09241441810477241,-0.2258827037190388,0.8390769795617814,0.4949008249438007,3.662934522171059,0.0,0.0,0.0,1.0
001291,0.4893228271164187,0.5578303339156523,-0.6703644452283755,-1.2333890320093024,-0.8396661833373333,0.09365847567583852,-0.5349661582696559,-0.09251234810477241,-0.23563503861376697,0.8246535081460762,0.5142204975298614,3.660545022171059,0.0,0.0,0.0,1.0
001292,0.48360848638556764,0.5703057751120806,-0.6639835500745999,-1.2388864320093023,-0.8416363605938202,0.09467771514960233,-0.5316807000262841,-0.0922207981047724,-0.24035612832263892,0.8159579971590812,0.5257770235089123,3.659376022171059,0.0,0.0,0.0,1.0
001293,0.4774320968858322,0.5843846470714658,-0.6561655104699997,-1.2443993320093023,-0.8436205702067643,0.09605626695891256,-0.5282778881440443,-0.09167393810477242,-0.24568867777577924,0.8057715419677441,0.5388592541357278,3.658461622171059,0.0,0.0,0.0,1.0
001294,0.4621496043638177,0.6131467052024817,-0.6406784381307895,-1.2546457320093023,-0.8481109770974289,0.09452308975650814,-0.5213186703252892,-0.0893111281047724,-0.25908591955799376,0.7842936334066624,0.5637002597875617,3.657288322171059,0.0,0.0,0.0,1.0
001295,0.45400252003483127,0.6263414172402589,-0.6337019337602549,-1.2589496320093023,-0.8500837309821682,0.09143780851063638,-0.518648992570321,-0.08772229810477242,-0.2669070289847373,0.7741676538219846,0.5739556443265494,3.657729122171059,0.0,0.0,0.0,1.0
001296,0.4467457392494024,0.6388930384803971,-0.6262858212060931,-1.2635640320093025,-0.8511834358174403,0.08795397306544717,-0.5174464776303148,-0.08572831810477241,-0.27550862609457855,0.7642511262689039,0.5831082343306339,3.657879322171059,0.0,0.0,0.0,1.0
001297,0.43554681561621517,0.661227753152296,-0.6108001554254393,-1.2729547320093024,-0.850775596352305,0.08070955300339427,-0.5192945721893998,-0.08103364310477242,-0.2940745756741887,0.7458309637680367,0.597709224813276,3.658211022171059,0.0,0.0,0.0,1.0
001298,0.42994149915419777,0.6716791741200011,-0.6033219657517155,-1.2774386320093023,-0.8505567007911398,0.07719374714100302,-0.520186912697371,-0.07836398810477241,-0.3028260326397526,0.7368094817901056,0.6044900177007586,3.658418422171059,0.0,0.0,0.0,1.0
001299,0.42378200967923935,0.6817393252980808,-0.5963558506582647,-1.2819781320093024,-0.8509957758337094,0.07420608738398132,-0.5199034969187489,-0.07552385810477241,-0.31018542484360506,0.7278220585673935,0.6116044908904068,3.6586509221710592,0.0,0.0,0.0,1.0
001300,0.40867154581117465,0.7011371346162474,-0.5842895567322961,-1.2897936320093024,-0.8545324367718161,0.0690893024744878,-0.5147824616169541,-0.06915962310477242,-0.32056494217104764,0.7096713230402556,0.6273792561960955,3.658876022171059,0.0,0.0,0.0,1.0
001301,0.40000430027140554,0.7100099403645704,-0.5795536595932104,-1.2930654320093025,-0.8574122525823354,0.06649633094174379,-0.5103160462820782,-0.06568539810477242,-0.3237912736410128,0.7010450217744832,0.6353700406528039,3.658863822171059,0.0,0.0,0.0,1.0
001302,0.3909307472290677,0.7184894600584089,-0.5752791032671873,-1.2960669320093023,-0.860713549648217,0.06392405234389692,-0.5050602944044416,-0.06211740810477241,-0.3261063267139864,0.6925941172988053,0.6434034911004135,3.658812822171059,0.0,0.0,0.0,1.0
001303,0.3719552161535674,0.7349015710246657,-0.5670705406575369,-1.3014654320093024,-0.8681369931243524,0.05914014432756132,-0.4927886002110067,-0.05490853210477241,-0.32861448285971967,0.6755902043653339,0.6599927252784272,3.6585345221710592,0.0,0.0,0.0,1.0
001304,0.3621789080152358,0.7422269478163654,-0.5638489128517447,-1.3039349320093023,-0.8722794741158213,0.056656001145027,-0.485714542267865,-0.051471162104772414,-0.3285649975653497,0.6677493957087925,0.667948940343066,3.658362422171059,0.0,0.0,0.0,1.0
001305,0.3520142764912265,0.749622836739443,-0.5604922406109372,-1.3060888320093023,-0.8765214657210537,0.05395831270277884,-0.47832898785300965,-0.047886098104772415,-0.32832311718271356,0.659662112849434,0.6760546040035869,3.658097322171059,0.0,0.0,0.0,1.0
001306,0.3320952741493586,0.7636947024229525,-0.5536091855982705,-1.3098509320093024,-0.8842970412647674,0.04784315317115573,-0.46446719529480185,-0.04050124810477242,-0.32822472743235026,0.643802325396359,0.6912214508507386,3.6576260221710593,0.0,0.0,0.0,1.0
001307,0.3226481821857906,0.769813592374377,-0.5507133406118481,-1.3115778320093023,-0.8879636528656967,0.04471080901948998,-0.45773517971227784,-0.03666620310477241,-0.32774792405385794,0.6367008532682198,0.6979923507646106,3.657417322171059,0.0,0.0,0.0,1.0
001308,0.3066600080323565,0.7793317312017877,-0.5464445920819601,-1.3148591320093024,-0.8945133031319056,0.03977370975599104,-0.4452684611920027,-0.02848183810477241,-0.32527771210712064,0.6253479869274953,0.7093196072660661,3.657075922171059,0.0,0.0,0.0,1.0
001309,0.2999239184298387,0.7834946914903349,-0.5442257909729715,-1.3163691320093023,-0.8972431973555806,0.03790199669852645,-0.4399069031572472,-0.024545382104772417,-0.3240374792409455,0.6202414909152161,0.7143529974700491,3.656981522171059,0.0,0.0,0.0,1.0
001310,0.28761857216114894,0.7911319952500026,-0.5398015589452594,-1.3189437320093023,-0.9023583607699502,0.03495531886937053,-0.4295666588916198,-0.017180841104772415,-0.32097499232268956,0.6106457989493508,0.7239383692890982,3.6568057221710593,0.0,0.0,0.0,1.0
001311,0.2819260496472739,0.7940981699001015,-0.5384475824921054,-1.3199663320093025,-0.9050961723426159,0.03393650989914526,-0.42385048319733165,-0.013714778104772417,-0.3183058613048606,0.6068413382896513,0.7283028002155396,3.656625722171059,0.0,0.0,0.0,1.0
001312,0.2721684264582773,0.7984154644049356,-0.5370820177945599,-1.3194211320093023,-0.9108080952873979,0.033704003298223206,-0.41145188506144353,-0.006911892104772416,-0.3104077337924544,0.6011628617610407,0.7363764339256847,3.654953022171059,0.0,0.0,0.0,1.0
001313,0.26797843700938895,0.8000212327739941,-0.5367993893520965,-1.3197294320093023,-0.9136530319511381,0.03426096581605642,-0.4050485445324342,-0.003960434104772412,-0.30565617040147797,0.5989926655077921,0.7401230250190658,3.654433722171059,0.0,0.0,0.0,1.0
001314,0.2639712968901586,0.8008019093580807,-0.5376201785522754,-1.3201476320093024,-0.9166808719875594,0.03490866820333155,-0.39809240612751934,-0.0011697781047724162,-0.30002555449537266,0.597911102801012,0.7432946789780095,3.653861522171059,0.0,0.0,0.0,1.0
001315,0.25675331443531435,0.8006819340561948,-0.5412819745774953,-1.3208683320093024,-0.9229987286492427,0.03704798576672852,-0.3830153961168015,0.0039649918952275875,-0.28662010124616644,0.5979430468085234,0.7485406003250444,3.652457722171059,0.0,0.0,0.0,1.0
001316,0.2535350658219127,0.799858952611326,-0.5440088476543294,-1.3201302320093025,-0.9259946119782942,0.03804988702174422,-0.37561440958089076,0.0057365038952275835,-0.27973907304101636,0.5989806858531797,0.7503120610712637,3.6513252221710593,0.0,0.0,0.0,1.0
001317,0.2469418489836721,0.797900076211453,-0.5498865261145088,-1.3188247320093023,-0.9313597356949237,0.03874500990505103,-0.36203296387723993,0.009429331895227586,-0.2675607705677473,0.6015432591170934,0.7526997684761025,3.649399322171059,0.0,0.0,0.0,1.0
001318,0.24369471131582277,0.7968836140314342,-0.5528014049954091,-1.3185106320093023,-0.9339907846826083,0.03926627456512921,-0.35513289598366105,0.011384774895227587,-0.26129313386437025,0.6028554265908007,0.7538509354145289,3.648642022171059,0.0,0.0,0.0,1.0
001319,0.23963519986716952,0.7947087779878426,-0.557685331682385,-1.3183076320093023,-0.938748653052218,0.04314762207440992,-0.34189069759496293,0.014813292895227585,-0.24764074256323051,0.6054553995947133,0.7563714839444556,3.647103322171059,0.0,0.0,0.0,1.0
001320,0.2394227262000404,0.7928941761996561,-0.5603530882645419,-1.429371724185148,-0.940504807490714,0.04608515144975672,-0.3366405589092143,-0.03690148520433328,-0.24109638169370298,0.6076141737686194,0.7567546171446082,3.6101870076804237,0.0,0.0,0.0,1.0
001321,0.23986445118901034,0.7908233575976243,-0.5630838855213445,-1.428457424185148,-0.9417388597582749,0.04867449378285549,-0.3328043173941211,-0.035631900204333274,-0.23578160461956954,0.610105901244204,0.7564243677923248,3.6086720076804233,0.0,0.0,0.0,1.0
001322,0.24032073097798823,0.7854703943139224,-0.5703351698067873,-1.427825824185148,-0.9439132849012805,0.05203812149516862,-0.3260670858859084,-0.032530053204333276,-0.22643687166422277,0.6167076240550181,0.7539217794859987,3.6068050076804234,0.0,0.0,0.0,1.0
001323,0.23849283821163353,0.7832289510473232,-0.5741720790521512,-1.427460624185148,-0.945648243460613,0.05270951158972531,-0.3208911139745535,-0.030706042204333275,-0.22106688074340045,0.619495050528479,0.7532299228051821,3.6059903076804236,0.0,0.0,0.0,1.0
001324,0.22927905417911337,0.780897872214272,-0.5810590576576133,-1.426294024185148,-0.9504468346569975,0.05084691799207958,-0.3067008402681683,-0.026324565204333274,-0.2099569713184703,0.6225858206720813,0.7538600441015864,3.6045913076804235,0.0,0.0,0.0,1.0
001325,0.22357725113143545,0.7797026071983895,-0.5848735394121923,-1.424986224185148,-0.952953965656534,0.04885552493903467,-0.2991519296652072,-0.024311045204333276,-0.20467523571745738,0.6242411248956332,0.7539436755308966,3.6033837076804236,0.0,0.0,0.0,1.0
001326,0.214689957989124,0.7771965200987845,-0.5915013026908459,-1.423572724185148,-0.9564588157543943,0.044697382735969404,-0.28842447493625706,-0.019209971204333275,-0.19772393811658087,0.6276684738959681,0.752952542443929,3.6023055076804233,0.0,0.0,0.0,1.0
001327,0.21043134225940352,0.775856333403144,-0.5947819769572167,-1.422973224185148,-0.957873385423541,0.0420017536447056,-0.2841028514253486,-0.016515376204333278,-0.1954411105477811,0.6295099702220759,0.7520106180758694,3.6019880076804234,0.0,0.0,0.0,1.0
001328,0.20148035048007734,0.7724523664980449,-0.6022649000747058,-1.421364824185148,-0.9605896440826243,0.03561074921022894,-0.27567990536472453,-0.012067215704333277,-0.1915024909802546,0.6340735099594181,0.7491846100368729,3.6013125076804235,0.0,0.0,0.0,1.0
001329,0.19748485029029622,0.7707037576402449,-0.6058180022622516,-1.420484124185148,-0.9617102607882473,0.03251635948844439,-0.2721324322094285,-0.010357761904333277,-0.19003449213345522,0.6363634215798583,0.7476152001362432,3.6009861076804235,0.0,0.0,0.0,1.0
001330,0.1922682769955819,0.7668153850434882,-0.6123945418778299,-1.419487224185148,-0.9632058363641616,0.02804074667376244,-0.26729802341205966,-0.006737405604333276,-0.18779623653089084,0.6412549273000442,0.7439924003363535,3.6004440076804234,0.0,0.0,0.0,1.0
001331,0.19137528495671752,0.7643488526019282,-0.6157485946665662,-1.419243524185148,-0.9636769239601559,0.027257490185099376,-0.2656761476977211,-0.005067212204333276,-0.18628549738084085,0.6442265601129197,0.7418017610592791,3.6002095076804235,0.0,0.0,0.0,1.0
001332,0.1903919812968452,0.7597073052760145,-0.6217682074279112,-1.418962924185148,-0.9648258735529437,0.02785082018020313,-0.2614103393863543,-0.0019798152043332753,-0.18127858996765361,0.6496684863263311,0.7382878372923347,3.5997105076804234,0.0,0.0,0.0,1.0
001333,0.18874665490543346,0.7578626833663094,-0.6245148944763655,-1.418705024185148,-0.9657094764352492,0.027797515823779817,-0.2581327279466582,-0.0003707662043332758,-0.17826919920492698,0.651821640692332,0.737121863289911,3.5994657076804235,0.0,0.0,0.0,1.0
001334,0.18419431729552904,0.7538060549346811,-0.6307526337795558,-1.417978224185148,-0.9677695237972938,0.026961003303133224,-0.2503902017053535,0.0030774827956667247,-0.171739926299021,0.6565436282873369,0.7344765904166761,3.5990662076804236,0.0,0.0,0.0,1.0
001335,0.18232040503014468,0.751602908156968,-0.6339182426461887,-1.417644724185148,-0.968702971596308,0.026855992528008965,-0.24676569552070576,0.0048011447956667255,-0.16844531079886477,0.6590689069553528,0.732976366027275,3.5988981076804234,0.0,0.0,0.0,1.0
001336,0.17951391585646181,0.7467171136030445,-0.6404594493535223,-1.416938624185148,-0.970421978434474,0.027588319849129572,-0.23983341797844462,0.008593076795666723,-0.1614185174792543,0.6645693619632491,0.7295831860415642,3.5983101076804234,0.0,0.0,0.0,1.0
001337,0.17614824755581326,0.7413655368965762,-0.647571567925173,-1.415871924185148,-0.9725079376590254,0.02927294389950541,-0.23102252259389178,0.012420866795666724,-0.1523158103192337,0.6704627025103689,0.7261402471074632,3.5974823076804237,0.0,0.0,0.0,1.0
001338,0.1735084489633305,0.7385580544043409,-0.651480481989149,-1.415116124185148,-0.973773184324406,0.02980043465404114,-0.22556089994752335,0.014150483795666724,-0.14717541788303412,0.6735309453684402,0.7243586556410087,3.5971319076804233,0.0,0.0,0.0,1.0
001339,0.16851519013824173,0.7346331426654936,-0.6572037556116765,-1.413602024185148,-0.9759848548573976,0.030980458950099765,-0.21562415043826896,0.017544945795666726,-0.1380441732984638,0.6777568567419007,0.7222114990483619,3.5967695076804236,0.0,0.0,0.0,1.0
001340,0.1654329290891265,0.7337758341486756,-0.6589423124920779,-1.412719824185148,-0.9769796968457723,0.03067995710319188,-0.21111468964354188,0.019292411795666722,-0.13469453561349376,0.6786985821788355,0.7219595671672366,3.5969120076804235,0.0,0.0,0.0,1.0
001341,0.1578833196250617,0.7319187677980397,-0.6628482290307263,-1.411029424185148,-0.9790186176673259,0.028452240176496002,-0.2017746671158141,0.023657632795666725,-0.12882314871531902,0.680797611169383,0.721054234424244,3.5972668076804233,0.0,0.0,0.0,1.0
001342,0.15484184946188922,0.7305608790331977,-0.6650600000612448,-1.410374924185148,-0.979878609840992,0.02775020600833572,-0.19765585253814189,0.026101922795666727,-0.1259440813667177,0.6822834660848349,0.7201578717725421,3.5974409076804235,0.0,0.0,0.0,1.0
001343,0.15154012767454267,0.7274900994450573,-0.6691739272519547,-1.409378624185148,-0.9810771387173018,0.028160753500702185,-0.1915583980110111,0.031090614795666723,-0.12051239600412722,0.685540025944287,0.7179913893896298,3.5978917076804233,0.0,0.0,0.0,1.0
001344,0.15050104105779682,0.7256818842776666,-0.671368184733038,-1.408652324185148,-0.9816173148301403,0.029064708610857415,-0.1886337454938305,0.033838374795666724,-0.11737497120845064,0.6874162098354833,0.7167161715694952,3.5978165076804234,0.0,0.0,0.0,1.0
001345,0.1467850456281073,0.7219427526361156,-0.6762047118263397,-1.406944024185148,-0.9829761102127558,0.030088316427211048,-0.18125302746596073,0.03907936979566672,-0.11050844823340317,0.6912983112454164,0.7140689936821798,3.5978834076804236,0.0,0.0,0.0,1.0
001346,0.14329793210023456,0.7203088146673291,-0.6786905879473681,-1.405894324185148,-0.9838823700386232,0.02956716017283889,-0.17635550733247796,0.041538369795666726,-0.10696347312507459,0.693023083707795,0.7129360566454472,3.5980535076804236,0.0,0.0,0.0,1.0
001347,0.134380578809491,0.716796155921631,-0.6842113203497873,-1.403441624185148,-0.9859307873458197,0.027446490901934795,-0.1648853319759585,0.04623327979566673,-0.09940997234924781,0.696742392131513,0.7103996737079621,3.5983415076804235,0.0,0.0,0.0,1.0
001348,0.12960789147063023,0.7145214285799496,-0.6875033982233145,-1.401515424185148,-0.9869218604829028,0.025935621311552692,-0.15909929241875853,0.04939756979566672,-0.09584902591838501,0.699132656687736,0.7085382788411965,3.5979756076804237,0.0,0.0,0.0,1.0
001349,0.12043094989098485,0.7091373081671088,-0.6947090502317224,-1.397921024185148,-0.9885903558201989,0.02189227468850824,-0.14902965036614407,0.054760629795666725,-0.09047372374146728,0.704730449515607,0.7036828112423117,3.5977127076804236,0.0,0.0,0.0,1.0
001350,0.1160093270094455,0.7062817985209372,-0.6983608359042235,-1.396328824185148,-0.989321360253041,0.019706988301200823,-0.14441219047978304,0.05686578979566672,-0.08823311279722795,0.7076564531537366,0.7010258640849031,3.5977563076804233,0.0,0.0,0.0,1.0
001351,0.10811530068853181,0.700962046023353,-0.7049562339548342,-1.393270824185148,-0.9905849518922334,0.01605711438736923,-0.1359544856274053,0.06045980979566672,-0.08397937152473678,0.7130177971918411,0.6960984743885053,3.5976566076804235,0.0,0.0,0.0,1.0
001352,0.10431143360144146,0.6986755092422319,-0.7077935133957641,-1.391520724185148,-0.9911597437895969,0.014363634488817945,-0.1318940798338274,0.06221375979566673,-0.08198467607396187,0.7152944979442938,0.6939973300378525,3.5972592076804233,0.0,0.0,0.0,1.0
001353,0.09715997995580117,0.6948791509010172,-0.7125327388534997,-1.388252124185148,-0.9921614161083389,0.011095307767228002,-0.1244693477585786,0.06503790379566672,-0.07858538465187909,0.7190409305377767,0.6905103022623806,3.5965632076804237,0.0,0.0,0.0,1.0
001354,0.09102256651159335,0.692107487412234,-0.7160322047600702,-1.385492824185148,-0.9930150097230951,0.008875605082719562,-0.11765378914024588,0.06706332979566672,-0.07507384931042499,0.7217398766192293,0.6880810036960588,3.5958992076804237,0.0,0.0,0.0,1.0
001355,0.08849309954169898,0.6908627216525121,-0.7175497691201542,-1.384240824185148,-0.9933485868021217,0.007928737327323965,-0.11487262608046461,0.06791106979566672,-0.07367195145868544,0.7229424838500487,0.6869691467693372,3.5955411076804236,0.0,0.0,0.0,1.0
001356,0.08293401687721758,0.6882629524123784,-0.7207052498637744,-1.382040324185148,-0.9939567549262782,0.004939157725470822,-0.10966117844244377,0.06979756979566672,-0.07191604953716502,0.7254444934366509,0.6845132349059506,3.5951711076804234,0.0,0.0,0.0,1.0
001357,0.07565066960393602,0.6844596979644506,-0.7251150929686191,-1.379568124185148,-0.9946956502690394,0.0009730866178250808,-0.10285726244795368,0.07188046979566672,-0.0696960509952258,0.7290500496981309,0.6809026990039206,3.5944330076804234,0.0,0.0,0.0,1.0
001358,0.07282772447198732,0.6815294657045685,-0.7281577507138666,-1.378420524185148,-0.9950118446864633,-0.00025536146520394043,-0.09975652221365316,0.07292303979566672,-0.06817295271493884,0.7317906272746101,0.678111293484454,3.5939311076804237,0.0,0.0,0.0,1.0
001359,0.07116126150051699,0.6741107873470076,-0.7351943425000307,-1.376878824185148,-0.9952638228912927,-0.0009510559821162556,-0.09720606121188158,0.07439056979566672,-0.06622686543589557,0.7386296378259649,0.6708504009237972,3.5928837076804236,0.0,0.0,0.0,1.0
001360,0.07151634894749181,0.6699607023574387,-0.7389438876734469,-1.376388124185148,-0.9952351972745536,-0.0012949386489766734,-0.09749474467772884,0.07493693979566672,-0.0662745346200238,0.7423954340044276,0.6666758624926182,3.5923518076804233,0.0,0.0,0.0,1.0
001361,0.07248220352932933,0.6600647005249668,-0.7477037657337421,-1.375127924185148,-0.995127549185948,-0.0023786558032308225,-0.09856725038134206,0.07664273479566672,-0.06683929250599008,0.7512049874151898,0.6566761575235109,3.5909580076804235,0.0,0.0,0.0,1.0
001362,0.07289691051663871,0.6545368428407894,-0.7525075161094014,-1.374431024185148,-0.9951049275570316,-0.0027454903781171103,-0.09878585644867688,0.07741686479566671,-0.06672498474217958,0.7560251210420164,0.6511326998120741,3.5900285076804237,0.0,0.0,0.0,1.0
001363,0.07366620546361752,0.642907038381841,-0.762393487755294,-1.373020324185148,-0.9950600466436333,-0.0036297983152900337,-0.09920850839398848,0.07836426979566671,-0.06654918291130135,0.7659356138496758,0.6394637141312693,3.5877655076804236,0.0,0.0,0.0,1.0
001364,0.07854738551841234,0.6306380077286715,-0.7720919708404137,-1.372308924185148,-0.9945440154700134,-0.0037608523611561973,-0.10424997497505523,0.07858402979566671,-0.06864772043559758,0.776068011966432,0.6269018513941925,3.5851673076804236,0.0,0.0,0.0,1.0
001365,0.08444221912803274,0.6243092375979291,-0.7765999533084108,-1.372490224185148,-0.9939118531922024,-0.0025831988484159574,-0.11014787863482228,0.07838335479566672,-0.07077245023860124,0.7811730300859101,0.6202902202627596,3.5837785076804236,0.0,0.0,0.0,1.0
001366,0.10046310648846973,0.610180731728876,-0.7858668073290157,-1.373526524185148,-0.9920297777166577,0.0010550602585326918,-0.12599923401072755,0.07708000979566672,-0.07605316796903083,0.792261548653388,0.605423450295089,3.5807928076804236,0.0,0.0,0.0,1.0
001367,0.1096430633745546,0.6013936234425696,-0.7913937757756627,-1.374523824185148,-0.9908328423898976,0.0029108072749116087,-0.13506222877831048,0.07532328979566671,-0.07892196839536991,0.7989475808109221,0.5961997031372752,3.5797926076804236,0.0,0.0,0.0,1.0
001368,0.13165995161750477,0.5803388718506098,-0.8036619009006449,-1.376754324185148,-0.9876883848022641,0.00770479066533325,-0.15624433022512607,0.07124801979566672,-0.08448261162376047,0.8143386457856246,0.5742083753423177,3.5769299076804235,0.0,0.0,0.0,1.0
001369,0.14568683673002192,0.5682475822646428,-0.8098580312956016,-1.378179224185148,-0.9855004455871846,0.011392241162824002,-0.16928995418732984,0.06887878979566672,-0.08697250916847293,0.8227787686198981,0.5616679451039233,3.5750302076804235,0.0,0.0,0.0,1.0
001370,0.18052670253227598,0.5417960502539418,-0.8208941159504382,-1.381929824185148,-0.9793508616364472,0.02179336069567217,-0.20098989835694941,0.06285221979566671,-0.09100549150887355,0.8402274033610286,0.5345427121909081,3.5707098076804233,0.0,0.0,0.0,1.0
001371,0.1996936734078013,0.5281186024909799,-0.8253563948403582,-1.384182124185148,-0.9754915920719824,0.027715839093117922,-0.21828418646396203,0.058627014795666725,-0.09240449446735688,0.8487181946714346,0.5207099340668406,3.5687767076804233,0.0,0.0,0.0,1.0
001372,0.23912057822723992,0.4994706498755216,-0.8326766593229296,-1.388375124185148,-0.9665264420133625,0.04030609812134006,-0.25338124505026566,0.049276573795666724,-0.09299454799750534,0.8653926787113215,0.4923896076031486,3.5640658076804237,0.0,0.0,0.0,1.0
001373,0.25910642857666566,0.4843919369443501,-0.8356005685095875,-1.390339624185148,-0.9614877942494293,0.047239714003694755,-0.2707575131556206,0.04421463379566672,-0.09167922436196874,0.873574759733905,0.4779770485873123,3.5611819076804236,0.0,0.0,0.0,1.0
001374,0.2970795876119663,0.4526572628512744,-0.8407408167873712,-1.393989024185148,-0.9511021274607707,0.06231602134557668,-0.302525133870317,0.03313898979566673,-0.08454857635643365,0.8895044215020236,0.44903610363137875,3.5544685076804234,0.0,0.0,0.0,1.0
001375,0.31383122145360504,0.436697631812287,-0.8430926063075623,-1.395832624185148,-0.9461675493624799,0.06974506233304206,-0.3160737173723227,0.026816332795666725,-0.07922709747515161,0.8969006659879901,0.43507730620656665,3.5511388076804233,0.0,0.0,0.0,1.0
001376,0.3443329806431192,0.4027614090584562,-0.8480672413285826,-1.398695124185148,-0.9366526549311862,0.0856400686644681,-0.339628595158749,0.013928068795666724,-0.06416075476321587,0.911289759633231,0.4067362432041462,3.5432535076804235,0.0,0.0,0.0,1.0
001377,0.3593365277528323,0.3851711886914586,-0.8500120088707847,-1.399951124185148,-0.9316004658111119,0.09461599380746955,-0.350953537973824,0.007490975795666726,-0.054752460429257854,0.9179820091471476,0.392824641486642,3.5387025076804233,0.0,0.0,0.0,1.0
001378,0.3880571991295664,0.3496155128558953,-0.8527488512887167,-1.402206724185148,-0.9209726222012886,0.11202011481036461,-0.3731767986270792,-0.005264679204333276,-0.03494337361215888,0.9301722889058684,0.36545652763662473,3.5290625076804236,0.0,0.0,0.0,1.0
001379,0.4019907894070605,0.33119865661770326,-0.8536456261743024,-1.403336224185148,-0.9153068204086654,0.12006352545907623,-0.38444528137007605,-0.012171568504333275,-0.024836057361576735,0.9358911259911413,0.35141282069066015,3.5242073076804235,0.0,0.0,0.0,1.0
001380,0.4307493716840999,0.2955813374538386,-0.8526937619935735,-1.404991424185148,-0.9024473228900485,0.13414754409312413,-0.4093815650739145,-0.02591989420433328,-0.006618776498528489,0.9458520546907867,0.324530557012555,3.5141701076804237,0.0,0.0,0.0,1.0
001381,0.44460111103710886,0.2785187462924906,-0.8513267058117158,-1.405451924185148,-0.8957265186257725,0.14032793028148566,-0.4218792194615281,-0.032750605204333275,0.0019636433286339683,0.950123876105939,0.3118665807012739,3.5090557076804236,0.0,0.0,0.0,1.0
001382,0.46918846402713893,0.24279595916235053,-0.8490655495533241,-1.405554124185148,-0.8828481472650112,0.15183272077482107,-0.4444389426826281,-0.04657595020433328,0.021007953127120227,0.9581215722008087,0.2855901237593122,3.4987045076804235,0.0,0.0,0.0,1.0
001383,0.48149327131731257,0.22352565460125107,-0.8474671152388364,-1.404982024185148,-0.8758822505179386,0.15750984215242475,-0.4560931186202547,-0.053844120204333275,0.03153589865192141,0.9618871718451186,0.2716220825632837,3.4937242076804234,0.0,0.0,0.0,1.0
001384,0.4947963837937428,0.20357171877213687,-0.8448284405136901,-1.404453024185148,-0.8679618368569608,0.16348020508220262,-0.4689525267083777,-0.06119045020433327,0.042647254829894565,0.9653148594435078,0.25758189725412584,3.4887235076804233,0.0,0.0,0.0,1.0
001385,0.5234485632383795,0.1624212358137675,-0.8364334664516984,-1.403800424185148,-0.8494441000899142,0.17629856031501728,-0.4973565506287091,-0.07594096020433327,0.06668075034154614,0.9708440450389447,0.23025098858920823,3.4784825076804236,0.0,0.0,0.0,1.0
001386,0.5371461919142356,0.1400995537198036,-0.8317728557482187,-1.403203824185148,-0.8396459242451817,0.18283821935191874,-0.5114341672617054,-0.08331909020433328,0.08042816925984025,0.9731096035862207,0.2158448725306648,3.4732598076804235,0.0,0.0,0.0,1.0
001387,0.5497362122772478,0.11653158717048412,-0.8271701675608187,-1.402381324185148,-0.8299006035035379,0.18899210880930178,-0.524925681513371,-0.09057076520433328,0.0951582114981614,0.9750396771410593,0.20060544056712487,3.4679526076804237,0.0,0.0,0.0,1.0
001388,0.5615760286059175,0.09236221199067213,-0.8222539667836183,-1.400473424185148,-0.8200550891496621,0.194469013386391,-0.5382299263254163,-0.09793699020433329,0.11019081111846463,0.9765505745370865,0.18495123821251114,3.4626475076804235,0.0,0.0,0.0,1.0
001389,0.5849157938352965,0.04402905630794285,-0.8098981147790487,-1.397211524185148,-0.7988111789120572,0.20438663225763853,-0.5657974946917937,-0.11202923420433328,0.14062081839882218,0.977899558622977,0.1547198716320326,3.4517690076804235,0.0,0.0,0.0,1.0
001390,0.5946000949562352,0.019305306401959377,-0.8037897935547345,-1.395553524185148,-0.7886305638350977,0.2086746684294679,-0.5783742011371077,-0.11860604020433328,0.15656487748908438,0.9777945530123279,0.13930273233590906,3.4460865076804237,0.0,0.0,0.0,1.0
001391,0.6013175132806655,-0.006195421886008301,-0.7989861481713003,-1.393419924185148,-0.7799872980080116,0.21235037531144574,-0.5886655527982332,-0.12478390520433329,0.17331203988216737,0.9771739532205832,0.12285764924960729,3.4402341076804235,0.0,0.0,0.0,1.0
001392,0.6068364297953202,-0.058756212613548686,-0.7926520390137031,-1.387861224185148,-0.7669579979894197,0.21847572925149705,-0.6033604105740514,-0.13601033020433329,0.20862640483249179,0.974071898376777,0.08751548434037948,3.4278509076804236,0.0,0.0,0.0,1.0
001393,0.6074803449159343,-0.08507707430723305,-0.7897654854247171,-1.384673024185148,-0.7613477524602374,0.22118333963976522,-0.6094485458917308,-0.14115521020433328,0.22653306682372515,0.9715141901656,0.06959129214431836,3.4213878076804236,0.0,0.0,0.0,1.0
001394,0.6076387093564477,-0.11099933319583599,-0.7864186842399601,-1.381351524185148,-0.755709892705708,0.22376233252313285,-0.6154940914505467,-0.1460234702043333,0.2442903128622942,0.968302414834274,0.052083360757114394,3.4149426076804237,0.0,0.0,0.0,1.0
001395,0.6065566936465431,-0.1624330087064263,-0.7782701941325723,-1.374167724185148,-0.7447647338315047,0.22649318352796516,-0.6277151655458513,-0.1549113702043333,0.27823455686427884,0.9603730293474226,0.01640658003951012,3.4019362076804236,0.0,0.0,0.0,1.0
001396,0.6059557873502126,-0.1883959204205684,-0.7728677512651634,-1.370356224185148,-0.7391074074530646,0.22594301424096036,-0.6345628373642112,-0.1589354802043333,0.29417311914040184,0.9557493036798905,-0.002333343226118778,3.3953825076804236,0.0,0.0,0.0,1.0
001397,0.6054399471671106,-0.21478993891982945,-0.7663600671440953,-1.366265224185148,-0.7331841936014294,0.22410671296290915,-0.6420413689615195,-0.1625240802043333,0.309650462016946,0.9506005803405425,-0.02179743170457682,3.3886915076804236,0.0,0.0,0.0,1.0
001398,0.6032818858283877,-0.26880549717011293,-0.7508625512851685,-1.357658824185148,-0.7211484568919664,0.2181973349237214,-0.657521730556885,-0.16928863020433327,0.3405816632669465,0.9381543197807669,-0.06221416979279387,3.3751801076804235,0.0,0.0,0.0,1.0
001399,0.6014634516742083,-0.29643143473819533,-0.7418693421345852,-1.353106524185148,-0.7148683935491222,0.21486813046767067,-0.6654283330410761,-0.1725330602043333,0.3566579540745509,0.9305697668677954,-0.08267413614288593,3.3683361076804235,0.0,0.0,0.0,1.0
001400,0.5954472720203412,-0.35189783596562824,-0.7222260444530101,-1.343299824185148,-0.7022263739102934,0.208740923870736,-0.6806653704180874,-0.17857766020433327,0.39028280262949633,0.912466514313977,-0.12281772765918691,3.3545125076804236,0.0,0.0,0.0,1.0
001401,0.5907527458731958,-0.3794234900552592,-0.7120737380619834,-1.337962924185148,-0.6962578693858096,0.20623940241987046,-0.6875247546145722,-0.18135291020433328,0.40772070411203354,0.9019440803529792,-0.14234009749401716,3.3475975076804234,0.0,0.0,0.0,1.0
001402,0.5847872469382466,-0.40642446994558323,-0.7020277957800802,-1.331658924185148,-0.69076576614188,0.2042261096352763,-0.6936384883133733,-0.18407924020433328,0.42528406053461243,0.8905677101561071,-0.1613152859542466,3.3405272076804233,0.0,0.0,0.0,1.0
001403,0.577720610657189,-0.43265877809262576,-0.6921309686477554,-1.325521524185148,-0.6857912862674783,0.20254975659677238,-0.699044996965278,-0.1865560702043333,0.44263891345145173,0.8785100897781334,-0.17969645087350505,3.3336770076804236,0.0,0.0,0.0,1.0
001404,0.5696614509439064,-0.45799424188418036,-0.6824420163716607,-1.319284624185148,-0.6815026794491038,0.20089602274337554,-0.7037008497576119,-0.18881294020433328,0.45939082404002723,0.8659573098293171,-0.1976815832114786,3.3269879076804236,0.0,0.0,0.0,1.0
001405,0.5516459587357561,-0.5057606460969275,-0.6632442273176049,-1.306461724185148,-0.6744004160664885,0.19743463764996286,-0.7114798961779418,-0.19278553020433328,0.4907859156698118,0.8397771923049864,-0.23217117018376365,3.3140253076804234,0.0,0.0,0.0,1.0
001406,0.5423074158731077,-0.5279891843314701,-0.6535519014722709,-1.299432024185148,-0.6711968553626271,0.1956348839260464,-0.7149977437324979,-0.19467282020433327,0.5053686258963378,0.8264105598431273,-0.24829043183219163,3.3071820076804235,0.0,0.0,0.0,1.0
001407,0.5328907119354902,-0.5488259100864492,-0.6440633583357048,-1.292472924185148,-0.6683417239180807,0.19383898602899277,-0.718154431557349,-0.1963778102043333,0.5189863478002997,0.8131522415347768,-0.2635082596122435,3.3005485076804235,0.0,0.0,0.0,1.0
001408,0.5234323724236388,-0.5682291674633363,-0.6349284721469696,-1.285816924185148,-0.6658410559339617,0.19218843319686593,-0.7209155944894527,-0.1978528102043333,0.5316711763220839,0.8001120042776872,-0.27775266133564613,3.2943291076804235,0.0,0.0,0.0,1.0
001409,0.5047073905099706,-0.6030508088627243,-0.6177379475915576,-1.272891224185148,-0.6616718292756093,0.18938257039292125,-0.7254823446331684,-0.20030231020433328,0.5544915150907948,0.7748960988167279,-0.3034389489352525,3.2823910076804235,0.0,0.0,0.0,1.0
001410,0.49583945807776797,-0.6188419916545171,-0.6092436468098916,-1.266639624185148,-0.6595406400767276,0.1880336368332108,-0.7277702216403586,-0.20133270020433328,0.5649330720539609,0.7626781370829682,-0.3149169466944062,3.2765421076804233,0.0,0.0,0.0,1.0
001411,0.4874618465496853,-0.6338515484736619,-0.6005107514906891,-1.259872124185148,-0.6571545377154572,0.18651684434783736,-0.730314576285116,-0.2021033902043333,0.5749163954161987,0.7506288572071194,-0.32561857595901894,3.2706815076804236,0.0,0.0,0.0,1.0
001412,0.4795073167707199,-0.6482638236052107,-0.591461535662377,-1.253360724185148,-0.6545899482759854,0.18466267928074664,-0.7330836886037633,-0.2027668602043333,0.5844525068638063,0.7386837685272425,-0.3357998769133245,3.2648945076804234,0.0,0.0,0.0,1.0
001413,0.46384650735253286,-0.675399766029936,-0.5733075733527023,-1.241621124185148,-0.649946431492034,0.18031616501457484,-0.7382788882429235,-0.20381212020433329,0.6020100113848833,0.7150672952115374,-0.3553346444004981,3.2535845076804235,0.0,0.0,0.0,1.0
001414,0.45587431968600145,-0.6881588584886682,-0.5644607959233294,-1.236024854185148,-0.6482789633568671,0.17781393524979885,-0.7403489650833086,-0.2040802502043333,0.6098466941123573,0.7034341404243567,-0.365058104643186,3.2480241076804237,0.0,0.0,0.0,1.0
001415,0.44786520848270706,-0.7005183089634259,-0.5555995444902411,-1.230529424185148,-0.6469337726498745,0.17503935545191304,-0.7421845578075438,-0.20417630020433328,0.6171656575310569,0.6918347511147448,-0.3747949150058698,3.2424919076804235,0.0,0.0,0.0,1.0
001416,0.4314563202154169,-0.7245150685148493,-0.5375159153374854,-1.219345424185148,-0.6450871466416618,0.16873904034458678,-0.7452447312804746,-0.20377682020433327,0.6306409572679931,0.6682851575177404,-0.3945718328233761,3.2306687076804237,0.0,0.0,0.0,1.0
001417,0.4231708158133837,-0.7362484426607703,-0.528076406709697,-1.213718624185148,-0.6444335308116544,0.16511693290761048,-0.7466202668243127,-0.20331236020433327,0.6368923653251461,0.656258050729112,-0.40459051625534487,3.2244312076804236,0.0,0.0,0.0,1.0
001418,0.4148818954787538,-0.7476606736158263,-0.518533055775893,-1.2083985741851482,-0.6437255105240839,0.1615654776833992,-0.7480067269225877,-0.20280806020433328,0.6430322541711763,0.6441274047494517,-0.41425765719690927,3.2185545076804236,0.0,0.0,0.0,1.0
001419,0.40640752421025766,-0.7585011458330274,-0.509420195943656,-1.2032114241851481,-0.6431104443888592,0.15857563015834358,-0.749174696474626,-0.20227429020433327,0.6490314942922666,0.6320836821892084,-0.4233536797134035,3.2127062076804234,0.0,0.0,0.0,1.0
001420,0.3887311762801709,-0.7771957553201909,-0.49482808176185095,-1.192851924185148,-0.6435694009969699,0.15528087923521222,-0.7494706629644292,-0.20043379020433327,0.6593227575992175,0.609798824577596,-0.43981688786987955,3.2002782076804235,0.0,0.0,0.0,1.0
001421,0.3798521478004841,-0.7848390187760635,-0.4896325769574418,-1.187732724185148,-0.6451389713037036,0.15457678678407732,-0.7482658115220213,-0.1991618702043333,0.6629540357495068,0.6001114326474175,-0.4476139127521685,3.1937670076804237,0.0,0.0,0.0,1.0
001422,0.3711688439001818,-0.7914789679796049,-0.4855869979352229,-1.182823654185148,-0.6474362873650262,0.1542750913389409,-0.7463413763120418,-0.1981641302043333,0.6656274807433914,0.5914053089365204,-0.45517009726134827,3.1874498076804234,0.0,0.0,0.0,1.0
001423,0.3547854464990015,-0.8020892928118967,-0.48039572573974465,-1.173547084185148,-0.652861016771891,0.15526565926860442,-0.7413940030992012,-0.19626936020433328,0.6692531507076205,0.5766674443805524,-0.4685668349974482,3.1745385076804236,0.0,0.0,0.0,1.0
001424,0.3469766195326247,-0.8062970922468775,-0.4790534672997812,-1.1691837241851482,-0.6558000202965579,0.15657162957931026,-0.7385199104898346,-0.1952907402043333,0.6704726384251234,0.5704124155776324,-0.47444295471441444,3.1678564076804236,0.0,0.0,0.0,1.0
001425,0.33920278750696026,-0.8100373836945562,-0.4783104702646452,-1.164988524185148,-0.6590519252717666,0.15818643215827405,-0.735273835027885,-0.1942459102043333,0.6712615203801611,0.56463837072795,-0.48019941853213494,3.1610390076804236,0.0,0.0,0.0,1.0
001426,0.3235837217310247,-0.8163192356441332,-0.47845217164109183,-1.157903194185148,-0.6670684273255206,0.16180462753065564,-0.7272131570420892,-0.1910632502043333,0.6710538639305755,0.5544746775345506,-0.4921834451470311,3.1466421076804236,0.0,0.0,0.0,1.0
001427,0.31630538640525624,-0.8188452222759061,-0.4790025098962881,-1.154507424185148,-0.6716800028779984,0.1632602769117682,-0.72262857383064,-0.1895278702043333,0.6699230375683715,0.5503077174986871,-0.49836185628170976,3.1394137076804234,0.0,0.0,0.0,1.0
001428,0.3097005734377038,-0.8208879969564131,-0.4798212701259138,-1.1513336241851482,-0.6766385154078609,0.1642621137374814,-0.7177592057627269,-0.18791511020433327,0.6680163727626766,0.5469559894940199,-0.5045723647581327,3.1321322076804234,0.0,0.0,0.0,1.0
001429,0.2988519717635576,-0.8234810246617638,-0.48225149143890184,-1.145887224185148,-0.6865662687713808,0.16545396293379144,-0.7079913450988278,-0.1844877202043333,0.6628078587029409,0.5426822165609584,-0.5159280514472024,3.1173099076804234,0.0,0.0,0.0,1.0
001430,0.294960296602753,-0.824034367407901,-0.4837000979518989,-1.1454061841851482,-0.6911332176986292,0.1655635521543464,-0.7035080565221513,-0.1824122702043333,0.6597979227169144,0.5418081501128381,-0.5206828493908255,3.1107906076804235,0.0,0.0,0.0,1.0
001431,0.2922378531424015,-0.8243739104966619,-0.484772826056868,-1.144196984185148,-0.6954890679877919,0.16473244107402213,-0.6993984409242467,-0.1805098602043333,0.6564236387426898,0.5415448998469435,-0.5252019877623951,3.1035225076804234,0.0,0.0,0.0,1.0
001432,0.29032812184555,-0.8246184794211031,-0.48550380540513116,-1.1420367241851481,-0.7037792588821024,0.15976910305574685,-0.692220043393805,-0.17679797020433327,0.6483859471279391,0.5426584534548322,-0.533963918688347,3.0884704076804237,0.0,0.0,0.0,1.0
001433,0.2910454969880023,-0.8246341650199038,-0.48504743331444666,-1.141381224185148,-0.7075068656877221,0.15575463713235593,-0.6893290419070587,-0.17497473020433327,0.6439926658648699,0.5438005028442819,-0.5381026476598716,3.0808660076804233,0.0,0.0,0.0,1.0
001434,0.2928793800107585,-0.8245073062877419,-0.4841584148216831,-1.141032154185148,-0.7104284072408436,0.15124716483679546,-0.6873250856138375,-0.1732393402043333,0.6399321424571136,0.5452632364344423,-0.5414562364986533,3.0731582076804234,0.0,0.0,0.0,1.0
001435,0.2995123697736097,-0.823729116228568,-0.48141736926486,-1.1449289941851482,-0.7125655690574004,0.14241488659431362,-0.6869994977219647,-0.17157623020433327,0.6344624891563719,0.5488062892803169,-0.5443059862796563,3.0596847076804234,0.0,0.0,0.0,1.0
001436,0.3037104874846371,-0.8230220641788849,-0.4799943975366503,-1.1457164841851482,-0.7122756637560866,0.13846719543191904,-0.6881062524131322,-0.1703256002043333,0.6327901062853862,0.5508734134662395,-0.5441646476236611,3.0519575076804233,0.0,0.0,0.0,1.0
001437,0.3081421763343197,-0.8220695538364087,-0.4788006347313646,-1.146517994185148,-0.7121003936747421,0.13442624757654825,-0.6890882478251725,-0.1689557402043333,0.6308418411077589,0.5532912728551727,-0.5439736564302324,3.0442349076804236,0.0,0.0,0.0,1.0
001438,0.3124624712116282,-0.820781575883796,-0.47821000488701093,-1.147414384185148,-0.712476475487342,0.13046676728022766,-0.6894604372352209,-0.16750259020433328,0.6282869376021257,0.5561438908458489,-0.544021595815261,3.0366582076804236,0.0,0.0,0.0,1.0
001439,0.32064033691871996,-0.8165659911259329,-0.4800101628894673,-1.155106824185148,-0.7139472246877043,0.12468209647705342,-0.6890092417223528,-0.1662911702043333,0.622470187801291,0.5636260790227949,-0.5430069137165895,3.0258185076804236,0.0,0.0,0.0,1.0
001440,0.3247712205082706,-0.813341308546316,-0.4827002901819456,-0.9907517163609941,-0.7142872028435004,0.12360006854552491,-0.6888518091066826,-0.15697303730389411,0.6199334207667596,0.5685058828787155,-0.5408175431221844,3.1396864931897883,0.0,0.0,0.0,1.0
001441,0.3292021935147907,-0.8094815360487211,-0.48617441168911135,-0.9926837163609942,-0.7141101732422264,0.12343582791946599,-0.6890647697116676,-0.15578061730389411,0.6177965492433637,0.5740237270200939,-0.5374236546347332,3.1327818931897884,0.0,0.0,0.0,1.0
001442,0.3392486168669856,-0.8004607899895639,-0.49413854296454207,-0.9967419163609941,-0.7141721341889742,0.12273176320717652,-0.6891263142908007,-0.15308354730389412,0.6122650885864743,0.5866851267838148,-0.5300302098077582,3.1196834931897883,0.0,0.0,0.0,1.0
001443,0.3446822958869231,-0.7955638994524658,-0.49826920112536266,-0.9989750163609942,-0.7154520582000669,0.12099346287817436,-0.6881053221404675,-0.1514903273038941,0.6077190694057644,0.5936654477302309,-0.5274835247207792,3.1137551931897884,0.0,0.0,0.0,1.0
001444,0.3503319906193436,-0.7904535091474766,-0.5024447693280611,-1.0067422163609943,-0.7174766130940106,0.11835066721523656,-0.6864549724729626,-0.15222349730389412,0.6020754155517694,0.6009795083412984,-0.5256698817147657,3.1108654931897886,0.0,0.0,0.0,1.0
001445,0.36078221390190823,-0.7797505557519093,-0.5116886406171489,-1.0145587163609942,-0.72188465168709,0.11391087514374797,-0.6825737045789222,-0.15029254730389413,0.5905241263408684,0.615640628393362,-0.5217929406199169,3.1015802931897882,0.0,0.0,0.0,1.0
001446,0.36599590175182983,-0.7741360763899958,-0.5164884656334227,-1.0178859163609941,-0.7233196205448957,0.1125636938053283,-0.6812768463493296,-0.14920183730389414,0.5855388342677647,0.6229307747000484,-0.5187499624057282,3.0966097931897885,0.0,0.0,0.0,1.0
001447,0.37135287116454274,-0.7682325884088901,-0.5214554009543168,-1.0213510663609942,-0.7243624147807155,0.11163660894067987,-0.6803207769848547,-0.14824507730389413,0.5808581041277646,0.6303617672819335,-0.5150222375959084,3.0916441931897882,0.0,0.0,0.0,1.0
001448,0.3825205323315034,-0.7551467240091806,-0.5323828204995215,-1.0335526163609943,-0.7262322254348738,0.11048204610103338,-0.6785134281863845,-0.14858656730389413,0.571195935809013,0.6461788782585915,-0.5061502348194007,3.0839766931897885,0.0,0.0,0.0,1.0
001449,0.3882347680425605,-0.747958100659877,-0.5383608868967071,-1.038337216360994,-0.7273119677412818,0.11007298793013828,-0.6774224966063915,-0.14823722730389413,0.5659426353114283,0.6545552818405802,-0.5012647170421578,3.0794989931897883,0.0,0.0,0.0,1.0
001450,0.39406003992496774,-0.7402585105000983,-0.5447329828149833,-1.0429953163609942,-0.728179993237734,0.11016582527215832,-0.6764742333529034,-0.1478771573038941,0.5607767669782932,0.6632351231458421,-0.49562948766502274,3.0748851931897883,0.0,0.0,0.0,1.0
001451,0.40548445352732276,-0.7239327943194889,-0.5581251358400062,-1.0527221863609941,-0.7289791216542558,0.11229153511223977,-0.6752629497716625,-0.14742137730389412,0.5515177224168218,0.6806701994732203,-0.48219942078900124,3.0655437931897884,0.0,0.0,0.0,1.0
001452,0.41133717910060785,-0.7155928175023893,-0.5645605765801806,-1.0579756163609941,-0.7289323916781625,0.11360420995283327,-0.6750938096615506,-0.14721603730389413,0.5472287396070384,0.6892176746282586,-0.4748891486737801,3.0609361931897885,0.0,0.0,0.0,1.0
001453,0.4175970697649921,-0.7070434343987356,-0.5707033110096108,-1.065263616360994,-0.7285598521151891,0.11477421968904591,-0.6752980233797992,-0.14802451730389413,0.5429670608882141,0.6977939956523063,-0.4671940821778493,3.0543798931897883,0.0,0.0,0.0,1.0
001454,0.43054331768474274,-0.690301882373544,-0.5814772246516254,-1.078133316360994,-0.7291911075103915,0.11362910074772639,-0.6748101630762773,-0.14730113730389413,0.5318954599588003,0.7145430278540301,-0.45443974410301236,3.0450501931897884,0.0,0.0,0.0,1.0
001455,0.4365645707518908,-0.6822230004853458,-0.5865007699679424,-1.0846123163609942,-0.7304154685268098,0.11184202272921318,-0.6737837971401501,-0.14643551730389412,0.5252662362088184,0.7225393688655382,-0.44947996789446765,3.0411051931897886,0.0,0.0,0.0,1.0
001456,0.4419217885094232,-0.6742419300316663,-0.5916949827637599,-1.091255116360994,-0.7322991801336768,0.10981476980486904,-0.6720704033866157,-0.1453883373038941,0.5181148942234506,0.7303003054359741,-0.44521727309701875,3.0373949931897886,0.0,0.0,0.0,1.0
001457,0.4500511405370504,-0.6579414472912016,-0.603793857899912,-1.1052469163609941,-0.7379383836308812,0.10675787213133722,-0.6663705415924622,-0.14319383730389412,0.5028925460429321,0.7454634858088945,-0.43747374602381495,3.0294829931897884,0.0,0.0,0.0,1.0
001458,0.4521803714471875,-0.6498563890578135,-0.6109170035926517,-1.1124594163609942,-0.7419127653534712,0.10613817087674124,-0.6620423984070096,-0.14203148730389412,0.49507409575077704,0.7526097011623489,-0.4341431531567336,3.0255328931897885,0.0,0.0,0.0,1.0
001459,0.452948243940971,-0.6417758284932016,-0.6188389728133284,-1.1197448163609942,-0.7468235654984408,0.1059723956057679,-0.6565244956479316,-0.14072411730389411,0.48692140056377375,0.7595351455538047,-0.43129330199015825,3.0219875931897886,0.0,0.0,0.0,1.0
001460,0.45266375922371516,-0.6332631861177701,-0.6277525453500167,-1.127205616360994,-0.7524903838311822,0.10640615354108754,-0.6499507310021203,-0.13936411730389411,0.4783866044602988,0.7665868950070572,-0.42835824852147364,3.0185643931897883,0.0,0.0,0.0,1.0
001461,0.4504942244734641,-0.6156559203431198,-0.6465467821144252,-1.142795316360994,-0.7643831421293044,0.10819047032310791,-0.6356203537960345,-0.13662628730389412,0.4612736343479688,0.7805527591891086,-0.4218578248387549,3.0117584931897885,0.0,0.0,0.0,1.0
001462,0.4493634834690602,-0.6064943153446658,-0.6559246185188939,-1.151675716360994,-0.7702722245923141,0.10885782525446511,-0.6283555314489367,-0.1364886173038941,0.4524965853419879,0.7876005455403604,-0.41824899392391557,3.0070497931897884,0.0,0.0,0.0,1.0
001463,0.4481381214092019,-0.597199238318215,-0.6652257465642588,-1.1605761163609942,-0.7763589130904405,0.10894083385609338,-0.6208049071840275,-0.13579077730389413,0.4432144652477639,0.7946602824294687,-0.4148204109301466,3.0028641931897884,0.0,0.0,0.0,1.0
001464,0.44512719437377407,-0.578586767834655,-0.6834465106470144,-1.1784980163609942,-0.78890163007843,0.10772196669634176,-0.6050042941588667,-0.13327294730389413,0.4236696813421142,0.8084759303638664,-0.4084980674786017,2.9955452931897883,0.0,0.0,0.0,1.0
001465,0.4439371356383644,-0.5694982050420021,-0.6918031613509311,-1.1877476163609941,-0.7948903620624657,0.10607283415315444,-0.5974092953368904,-0.1319051373038941,0.41360504337037163,0.8151198367777925,-0.4055989642367666,2.9919203931897886,0.0,0.0,0.0,1.0
001466,0.4434549762422568,-0.5608277511953839,-0.6991565758362771,-1.197238316360994,-0.8003294826884413,0.10340891611914307,-0.5905754102624964,-0.13050488730389412,0.403510102953608,0.8214492251844862,-0.40298978555067144,2.9882351931897886,0.0,0.0,0.0,1.0
001467,0.44389164616094595,-0.5526669309028378,-0.7053506007333963,-1.207457316360994,-0.8051239445878977,0.09956095002750881,-0.5846905601092285,-0.13000741730389412,0.3933645132949197,0.8274339132015665,-0.4007711054507215,2.9838935931897885,0.0,0.0,0.0,1.0
001468,0.4460838332951513,-0.5389038174674571,-0.7145571280112633,-1.2277814163609941,-0.8130983535223156,0.0896152433371577,-0.5751870788368953,-0.12785464730389412,0.37400572344818817,0.8375868812729956,-0.39820589542016294,2.9755703931897886,0.0,0.0,0.0,1.0
001469,0.44716978837116383,-0.5327981782074648,-0.7184464361849779,-1.237961516360994,-0.8167379975354646,0.08424727192085843,-0.5708252276797626,-0.12649901730389412,0.3646617936524862,0.8420382998846906,-0.3974836824040101,2.971384993189788,0.0,0.0,0.0,1.0
001470,0.4483968040412111,-0.5266706961701062,-0.7221899223343702,-1.248185816360994,-0.8201313158776582,0.07885720003327415,-0.5667152430627689,-0.1251158413038941,0.3554221867616154,0.8464038751084544,-0.39657981461363284,2.9671081931897882,0.0,0.0,0.0,1.0
001471,0.45098675920919884,-0.5143339306076944,-0.7294323483666073,-1.269382616360994,-0.8262689765801998,0.06842347902193399,-0.5591044677514608,-0.12422694230389411,0.3374766975053144,0.8548560319399837,-0.3941200874057706,2.9575651931897884,0.0,0.0,0.0,1.0
001472,0.45144615819837236,-0.5083589847044995,-0.7333263318047025,-1.279545816360994,-0.8296769281408053,0.06330173459565352,-0.554643205410486,-0.12341719730389411,0.3283786856036292,0.858815482549885,-0.393196395931907,2.9528341931897883,0.0,0.0,0.0,1.0
001473,0.45112067211903817,-0.5025519388249717,-0.7375172458798024,-1.289319816360994,-0.8334125451968983,0.05838132850965866,-0.5495590505031056,-0.1221384373038941,0.3192392029423937,0.8625735732473543,-0.3924960662732761,2.9481361931897885,0.0,0.0,0.0,1.0
001474,0.4505212710873891,-0.4968523291554242,-0.7417333397593999,-1.298908416360994,-0.8368507154650452,0.054382988325040627,-0.5447232054965903,-0.1207396073038941,0.31098466895241855,0.8661294669930522,-0.3912905341084629,2.9432571931897886,0.0,0.0,0.0,1.0
001475,0.4507250617602343,-0.4860023069667241,-0.7487647670158198,-1.318353816360994,-0.8407718979369689,0.050690393113351884,-0.5390112240811696,-0.11969740730389411,0.2999158787738655,0.8724862415356679,-0.38576965146349185,2.9320537931897883,0.0,0.0,0.0,1.0
001476,0.4521134721743354,-0.4805934896990858,-0.7514142039762897,-1.3280627163609942,-0.8412094299785045,0.050370712580864924,-0.5383581393731642,-0.1193156373038941,0.2965806858069249,0.8754956818699624,-0.3815064977603178,2.9260872931897883,0.0,0.0,0.0,1.0
001477,0.45432817923682806,-0.4754113014302567,-0.7533724178809165,-1.337525616360994,-0.8410031807195353,0.04998326221902616,-0.5387163664838562,-0.11831483730389411,0.2937678600033929,0.8783426256139079,-0.3771136121365727,2.9202963931897883,0.0,0.0,0.0,1.0
001478,0.45710648655385966,-0.4707078460531884,-0.7546441436957915,-1.346781616360994,-0.8404446395266203,0.049050229470719325,-0.5396729406592844,-0.11704149730389411,0.29104375588793496,0.8809246271122395,-0.3731827079405026,2.9146908931897886,0.0,0.0,0.0,1.0
001479,0.46271227241566115,-0.4637134504700937,-0.7555575350752946,-1.3645119163609942,-0.8392200721495531,0.045516983546330464,-0.5418836357652277,-0.11414729730389411,0.28566943038630144,0.8848152575888162,-0.3680963684700013,2.9041391931897884,0.0,0.0,0.0,1.0
001480,0.4648239941164024,-0.4612194168654313,-0.7557878697094749,-1.372960716360994,-0.8389165263046878,0.043533854837164515,-0.542516235126556,-0.1126978323038941,0.2831213810127215,0.8862174975644117,-0.36668901077632693,2.8991551931897885,0.0,0.0,0.0,1.0
001481,0.4663605461678928,-0.4594578781607799,-0.7559142141632067,-1.380986616360994,-0.8388628491939285,0.04149784033571782,-0.5427587396714266,-0.1127656673038941,0.2807435862494971,0.8872296137097009,-0.36606918927479526,2.8936079931897885,0.0,0.0,0.0,1.0
001482,0.46746864807905725,-0.4580277711516284,-0.7560976285619534,-1.388941716360994,-0.8389742581944791,0.0396458607399931,-0.5427249762201922,-0.11225286730389411,0.2785592524942615,0.8880533579577616,-0.365740312612353,2.8884209931897886,0.0,0.0,0.0,1.0
001483,0.46844927742784637,-0.4566188867662999,-0.7563428235434204,-1.3968507163609942,-0.839022023518619,0.03825220257802911,-0.5427511520472816,-0.11137762730389411,0.2767622057435779,0.8888396712828666,-0.3651940856937786,2.8834411931897885,0.0,0.0,0.0,1.0
001484,0.4714821897535921,-0.45416540135690175,-0.7559354026340358,-1.4123546163609941,-0.8376508606176888,0.03740824333800746,-0.5449235350366228,-0.10974444730389411,0.2757636314882782,0.8901316821351144,-0.3627947188255478,2.8734061931897883,0.0,0.0,0.0,1.0
001485,0.47390159264945336,-0.45262160297690723,-0.7553482408815991,-1.4199884163609942,-0.8362324873508968,0.03745894489630902,-0.5470941916582438,-0.10907090730389411,0.2759211981404174,0.8909155470446511,-0.3607450352408003,2.8683589931897884,0.0,0.0,0.0,1.0
001486,0.4772232172550228,-0.4505446997783634,-0.7544981606434766,-1.4270936163609942,-0.8342801002026751,0.03747820143663172,-0.5500655404793955,-0.10942484730389411,0.2761063478418768,0.891966847993074,-0.357995009410356,2.8631559931897885,0.0,0.0,0.0,1.0
001487,0.4815320458129341,-0.4479863962744183,-0.7532828669286661,-1.434361616360994,-0.8316937584919529,0.03751408947373969,-0.5539658700465993,-0.1094273633038941,0.2764278946501958,0.8932529775175768,-0.354523253419637,2.8581279931897883,0.0,0.0,0.0,1.0
001488,0.48643576896326546,-0.4450065349906952,-0.7518972180349466,-1.4416690163609942,-0.8287582016747345,0.03749126760568211,-0.5583495750962647,-0.1092241633038941,0.2766587895404318,0.894742191175142,-0.35056572208521575,2.8533041931897882,0.0,0.0,0.0,1.0
001489,0.4943957854976268,-0.4394150279757143,-0.7499914935992852,-1.4557674163609942,-0.8242269593504801,0.03706061725185089,-0.565045511555285,-0.10857251730389411,0.2760846369540445,0.8975193278353475,-0.34385509942407344,2.8444334931897886,0.0,0.0,0.0,1.0
001490,0.4961981213973132,-0.43611561263707105,-0.7507267124166886,-1.4625036163609941,-0.8234575322222901,0.03762754601249313,-0.5661288372865789,-0.1082314923038941,0.2751456286190158,0.899103631510445,-0.3404519685015446,2.8403431931897885,0.0,0.0,0.0,1.0
001491,0.4965506670252892,-0.4319973317833951,-0.7528716626416269,-1.4691113163609941,-0.8236652169463272,0.039176557293960246,-0.5657214930965171,-0.10825741330389411,0.2738850953766926,0.9010235860900757,-0.3363680303475341,2.8365406931897885,0.0,0.0,0.0,1.0
001492,0.4963165170200309,-0.42765274250559204,-0.7555018509312545,-1.475543916360994,-0.8241490782019436,0.04141550953898737,-0.5648566654192133,-0.10824805730389411,0.27285199620305617,0.9029938468212684,-0.33189441208151677,2.8326879931897886,0.0,0.0,0.0,1.0
001493,0.4964015399378353,-0.4200233749405783,-0.7597143381896065,-1.4883092163609941,-0.824734617526402,0.04493900285233832,-0.5637315821170718,-0.10826960230389411,0.27092124649226923,0.9063999396106356,-0.32410002726459497,2.8250354931897883,0.0,0.0,0.0,1.0
001494,0.49715326474873645,-0.4165691341432196,-0.761123372278661,-1.4947599163609941,-0.8246410918413818,0.045943779369754356,-0.5637874056626995,-0.10833378130389411,0.26982531570689705,0.9079423580913006,-0.32067892569871453,2.8212241931897886,0.0,0.0,0.0,1.0
001495,0.49827620784396925,-0.4129396324775844,-0.7623658443463419,-1.500109416360994,-0.8243379650880134,0.0468480079761352,-0.5641561693921469,-0.10993581730389411,0.26867776240542557,0.9095527054975676,-0.3170585685813715,2.8176726931897886,0.0,0.0,0.0,1.0
001496,0.49999653920767984,-0.4093916100726575,-0.7631526520837493,-1.5062103163609941,-0.8235957504769,0.04767123860354494,-0.5651703219440981,-0.1107443573038941,0.2677564202343891,0.9111124862562915,-0.31333773601522075,2.8138261931897883,0.0,0.0,0.0,1.0
001497,0.5056488180599281,-0.4022756183403392,-0.7632126831254153,-1.519139716360994,-0.8205811949023941,0.04890471155751913,-0.5694337817165707,-0.11207660730389411,0.2663940227691999,0.9142114941720947,-0.3053711979811938,2.8057018931897884,0.0,0.0,0.0,1.0
001498,0.5093746114032971,-0.3986526107247962,-0.7626359558924849,-1.525763016360994,-0.8186243507632699,0.0487557795880863,-0.5722561020156732,-0.11276942730389411,0.265314299643187,0.9158050938486103,-0.30151177835332277,2.8015674931897885,0.0,0.0,0.0,1.0
001499,0.513149059268304,-0.3948936841308665,-0.762061035092076,-1.5323936163609941,-0.816809363389772,0.04803192477732532,-0.5749046860836856,-0.1134855873038941,0.26362948782495915,0.9174703877704921,-0.2979053217272444,2.7974206931897885,0.0,0.0,0.0,1.0
001500,0.5162294925765221,-0.3912589372124039,-0.7618553373479813,-1.536949916360994,-0.8155334670748672,0.04709966747086802,-0.5767900704805692,-0.11562317730389411,0.2615574030208909,0.9190745700842525,-0.2947705201498504,2.7946490931897885,0.0,0.0,0.0,1.0
001501,0.5210707137899738,-0.38533868238271674,-0.7615769239479089,-1.5487474163609942,-0.8136167788164825,0.04536340497836738,-0.5796291044427115,-0.11780699730389411,0.2579012377998568,0.92165951486887,-0.2898804757015921,2.7864417931897885,0.0,0.0,0.0,1.0
001502,0.5229158834122092,-0.3825741518302259,-0.7617059782006519,-1.554978016360994,-0.812830501191284,0.04524935113578221,-0.5807401075824854,-0.11868041730389411,0.2566428553619892,0.9228160784106301,-0.287306335151996,2.7817935931897884,0.0,0.0,0.0,1.0
001503,0.5244646625242768,-0.3796198054853308,-0.762119164597359,-1.561281816360994,-0.8121153788785749,0.04582216775572684,-0.5816948859419989,-0.11953343730389411,0.25574485166314787,0.9240071061552751,-0.2842629744133923,2.7769181931897884,0.0,0.0,0.0,1.0
001504,0.5254480475726819,-0.3765667361997965,-0.7629559898774568,-1.5675801163609941,-0.8117746202734598,0.04666816078276792,-0.5821031254417333,-0.12031857730389411,0.25480642688507127,0.9252132597174487,-0.28116562531909256,2.7718951931897884,0.0,0.0,0.0,1.0
001505,0.5250897663384608,-0.3710576186424368,-0.7658961946204097,-1.576772616360994,-0.8130570182771479,0.04716049034989811,-0.5802707757420069,-0.12404161730389411,0.2514339323100481,0.9274115223552923,-0.27692751016420347,2.7639091931897886,0.0,0.0,0.0,1.0
001506,0.5244273608880478,-0.3684169713802047,-0.767622875083224,-1.5827557163609942,-0.8140888246103947,0.047188500354085894,-0.5788200334117667,-0.12472581730389411,0.249470095996421,0.928462266671818,-0.2751771984924742,2.7588318931897886,0.0,0.0,0.0,1.0
001507,0.5236497756736314,-0.36588090459128253,-0.7693647224122123,-1.5889952163609942,-0.8150850387167596,0.04755980173203439,-0.5773858717697449,-0.12526721730389412,0.24784529871888694,0.9294456567840179,-0.27331937177644633,2.7534491931897884,0.0,0.0,0.0,1.0
001508,0.5227148014553925,-0.3635488092772126,-0.7711040783270249,-1.5953664163609942,-0.8160961738532468,0.04813513497326877,-0.5759080167901783,-0.1257433573038941,0.24648787264597966,0.9303307326183662,-0.2715298447394563,2.7478584931897885,0.0,0.0,0.0,1.0
001509,0.5196299763207282,-0.3597324448651711,-0.7749691966912275,-1.604868416360994,-0.8188725461528723,0.04912150009307298,-0.5718695929892744,-0.12869204730389414,0.24378769629747882,0.9317615823481525,-0.26905001913033816,2.7383811931897886,0.0,0.0,0.0,1.0
001510,0.5169177073030189,-0.35766439265029143,-0.777735344514243,-1.6102727163609942,-0.8212092502823647,0.049316566469967016,-0.5684920786803362,-0.12962762730389413,0.24168461086148357,0.9325470811180052,-0.2682247012693309,2.7332393931897885,0.0,0.0,0.0,1.0
001511,0.5132601904227924,-0.3558977067168268,-0.7809614582556959,-1.6164556163609942,-0.8241770382630746,0.049398176027293406,-0.5641737585222159,-0.12992921730389412,0.2393662184333159,0.9332184323934459,-0.26796860061218736,2.7275337931897883,0.0,0.0,0.0,1.0
001512,0.5090920236322891,-0.3539631830839043,-0.7845606263986813,-1.623008216360994,-0.8274138062863932,0.04982511929148492,-0.5593780927550275,-0.12996166730389414,0.23709007706068946,0.933931219367197,-0.26750845379287846,2.7214981931897886,0.0,0.0,0.0,1.0
001513,0.502923824506982,-0.3495792877064966,-0.7904820986903429,-1.6368914163609942,-0.831761750343767,0.05294709157696992,-0.5526020233030396,-0.12973767730389413,0.23503194976075842,0.935409497011955,-0.2641383264342718,2.7086140931897886,0.0,0.0,0.0,1.0
001514,0.501202596304571,-0.34806061777885966,-0.7922435003261029,-1.6440147163609942,-0.832783835273329,0.05471432176163149,-0.5508878531076988,-0.12942488730389412,0.23508943226993895,0.9358740029221686,-0.2624362960595095,2.7020011931897883,0.0,0.0,0.0,1.0
001515,0.49923052818956737,-0.3470497014066898,-0.793930339813949,-1.649293116360994,-0.8340751889479472,0.05571769529947129,-0.5488297710692824,-0.12890672730389413,0.23470717693545579,0.936190174688905,-0.2616495708212531,2.6976288931897883,0.0,0.0,0.0,1.0
001516,0.4965831815896346,-0.346599119708099,-0.7957852687628031,-1.655406816360994,-0.8358277350344062,0.056310950706957685,-0.5460962132973758,-0.12815814730389413,0.234087891847422,0.9363215938170225,-0.2617340861301412,2.6921307931897887,0.0,0.0,0.0,1.0
001517,0.4878632914826937,-0.34679695952371015,-0.8010750761874834,-1.6679284163609942,-0.8416186855980483,0.05667506951228496,-0.5370902387383253,-0.12598932730389412,0.23166224741179936,0.9362263643803713,-0.26422111528647063,2.6802524931897884,0.0,0.0,0.0,1.0
001518,0.4821208067118191,-0.3468135639018328,-0.8045370592019078,-1.6740193163609942,-0.8452989081710345,0.057233896786467675,-0.5312193867918349,-0.1246280823038941,0.2302808797542727,0.9361862170275448,-0.26556747441517187,2.6742841931897883,0.0,0.0,0.0,1.0
001519,0.4763279661520002,-0.34601044641151796,-0.8083244643307541,-1.679376416360994,-0.8488469235833012,0.058765892114775786,-0.5253622276554716,-0.12360277730389412,0.2292827271834143,0.9363884561964956,-0.26571806509396273,2.6692847931897883,0.0,0.0,0.0,1.0
001520,0.46949979329888225,-0.3419939418518114,-0.8140086534116002,-1.691442916360994,-0.8521088366318676,0.06596791844151856,-0.5191904893874485,-0.12115359330389411,0.23125845849653137,0.9373837941169844,-0.2604441358538432,2.6572815931897886,0.0,0.0,0.0,1.0
001521,0.4687764555756141,-0.3398151675755828,-0.815336915994574,-1.6976264163609942,-0.8519447732532428,0.06987870683392944,-0.5189480413853577,-0.11996079230389411,0.2333211049700507,0.9378926474905306,-0.25674626337837564,2.6510535931897885,0.0,0.0,0.0,1.0
001522,0.46906648104632975,-0.3377965014242533,-0.8160086764148697,-1.7037388163609941,-0.8514041936811764,0.07259072403485436,-0.5194626894842416,-0.11874975730389412,0.2347073397678887,0.9384157449710817,-0.2535514824438045,2.6449703931897885,0.0,0.0,0.0,1.0
001523,0.4704447215140415,-0.3344799220166824,-0.8165812548468706,-1.715581316360994,-0.8506580049632272,0.0741763087585803,-0.5204602134754718,-0.11643440330389411,0.23465447490205216,0.9394791413260145,-0.24963217024609696,2.6334837931897885,0.0,0.0,0.0,1.0
001524,0.4713263478485053,-0.3328877754132604,-0.8167234555246963,-1.721088716360994,-0.8504332310791274,0.07383770638565834,-0.5208755250460718,-0.11617140730389411,0.23369808150711363,0.9400711260836151,-0.24829716994717937,2.6284531931897885,0.0,0.0,0.0,1.0
001525,0.47547642378646016,-0.3297030082723389,-0.8156090342556344,-1.732613816360994,-0.848592869557554,0.07257866020278803,-0.5240443490958036,-0.11527594230389411,0.23197480932056996,0.9412907438296301,-0.24527418009514762,2.6182044931897885,0.0,0.0,0.0,1.0
001526,0.47873015277201636,-0.3279582778822234,-0.8144082568315525,-1.738538416360994,-0.8468509430785685,0.07225794967334165,-0.526898727381215,-0.11511473730389411,0.23164827008596656,0.9419247086033634,-0.24313971762887265,2.6131760931897885,0.0,0.0,0.0,1.0
001527,0.48193076017496966,-0.32594785118206016,-0.8133269580599016,-1.7444778163609942,-0.8450991689959146,0.07223694571362116,-0.5297067285171875,-0.11515049730389411,0.23140902523365398,0.9426239027224828,-0.24064505200947978,2.6083067931897883,0.0,0.0,0.0,1.0
001528,0.48571977348076445,-0.3211194853414147,-0.8129935902477092,-1.7561948163609942,-0.843699974263878,0.07098100112712619,-0.5321015419129349,-0.11570050730389411,0.2285752722341739,0.9443749115754061,-0.23645162572927575,2.5993088931897885,0.0,0.0,0.0,1.0
001529,0.48633454857065517,-0.3187519372589665,-0.8135575636426922,-1.7618977163609941,-0.8440240245805111,0.06951130930128069,-0.531781556477976,-0.11590634330389411,0.22605785276670698,0.9452858723015369,-0.2352285416985539,2.5952323931897885,0.0,0.0,0.0,1.0
001530,0.48723863904357756,-0.3163185368838707,-0.8139662719342922,-1.7676499163609942,-0.8440259152502357,0.06861099722362918,-0.5318954647729018,-0.11614484730389411,0.22409543281594219,0.9461686500215628,-0.23355111369336062,2.5912341931897886,0.0,0.0,0.0,1.0
001531,0.4932378425724517,-0.31144857869992615,-0.8122291631554913,-1.779708916360994,-0.8408273806838547,0.06865817419260034,-0.5369314397656997,-0.11699040730389411,0.22299270514257186,0.9477794247304248,-0.2280096829322465,2.5832916931897882,0.0,0.0,0.0,1.0
001532,0.4979978667526568,-0.30961508736882914,-0.8100226060940493,-1.7864237163609942,-0.8379917146574444,0.06848142457434153,-0.5413688028079795,-0.1173308473038941,0.2230874511828923,0.9483927415168576,-0.22535127459781457,2.5791019931897883,0.0,0.0,0.0,1.0
001533,0.5025722292267145,-0.308521125832853,-0.8076112117379997,-1.7927591163609942,-0.8352211630403299,0.06792654173051049,-0.5457028438061252,-0.11776937730389411,0.22321909241740467,0.948789070259224,-0.22354538003946328,2.5754091931897882,0.0,0.0,0.0,1.0
001534,0.5096538961600461,-0.306886807617203,-0.803786907979601,-1.805081416360994,-0.8310274189257133,0.06635261598323344,-0.5522596847008199,-0.11861640730389411,0.22281457565103874,0.9494302595044588,-0.22121448238020985,2.5689761931897883,0.0,0.0,0.0,1.0
001535,0.5120816153505332,-0.30521596412791663,-0.8028795890178393,-1.811257416360994,-0.8295594191974973,0.06663281511522678,-0.5544287492280053,-0.11910784730389411,0.22271863245067558,0.949949095052617,-0.2190733383322,2.5660331931897886,0.0,0.0,0.0,1.0
001536,0.5141440025020266,-0.30257678386632086,-0.8025604242400128,-1.8175558163609942,-0.82822800660283,0.0680518398524449,-0.5562439358513485,-0.11971611730389412,0.22292221461733686,0.9506925038927205,-0.2156141212265355,2.5631798931897882,0.0,0.0,0.0,1.0
001537,0.5162240652290686,-0.29908234871604794,-0.802535023014489,-1.824051216360994,-0.8267832621877964,0.0704806872660953,-0.5580877261583561,-0.12043841730389411,0.2234774079062125,0.9516208390997913,-0.21089245303359977,2.5604291931897882,0.0,0.0,0.0,1.0
001538,0.5198130136870704,-0.29107386328329027,-0.8031627711210881,-1.838795316360994,-0.8242223412455401,0.07631518813092009,-0.5611002800322435,-0.1211781773038941,0.22461514417617823,0.953651927158899,-0.2002399531383086,2.5533439931897886,0.0,0.0,0.0,1.0
001539,0.5212971812732743,-0.2871548271536524,-0.8036114446913354,-1.845957516360994,-0.8233328691454316,0.07842569508339275,-0.5621142205419094,-0.1218002773038941,0.22443759796720958,0.9546682751579434,-0.19554091394300732,2.5511333931897884,0.0,0.0,0.0,1.0
001540,0.5227342922997771,-0.28335309445077855,-0.8040272902824999,-1.853239916360994,-0.822696102767362,0.0795125235368912,-0.5628933123534064,-0.12240005730389411,0.22342780074387653,0.9557137555073504,-0.19154956379170157,2.5493571931897883,0.0,0.0,0.0,1.0
001541,0.5256301542458988,-0.27655576036740337,-0.8045059678803137,-1.868337016360994,-0.8217702515327612,0.07951478282537106,-0.5642437886304257,-0.12418498730389411,0.22001498731498997,0.9577026212347137,-0.18546992919862615,2.545863293189788,0.0,0.0,0.0,1.0
001542,0.5269403798385863,-0.2731164364307718,-0.8048237373778947,-1.876200216360994,-0.8214190542546749,0.07944364798000264,-0.5647649458872113,-0.12500603730389412,0.21818472311993242,0.9586950083039889,-0.18248097887202613,2.5444201931897883,0.0,0.0,0.0,1.0
001543,0.5281124574598439,-0.26920187785882266,-0.8053741870913225,-1.8843197163609942,-0.8211422148242186,0.0797818332820649,-0.5651197413926806,-0.1257044973038941,0.21638552472220018,0.9597735191363829,-0.17891924618458943,2.5432294931897883,0.0,0.0,0.0,1.0
001544,0.5297978257904459,-0.26247883721933674,-0.8064856624886156,-1.901019216360994,-0.8208804396466964,0.0803814289846373,-0.5654150065923562,-0.1268019373038941,0.2132359434831821,0.961583946354333,-0.17287783698457293,2.5413555931897887,0.0,0.0,0.0,1.0
001545,0.5296246531444696,-0.260134202293366,-0.8073586090324385,-1.909437616360994,-0.8213955277359948,0.08024021045346985,-0.5646865463615095,-0.1271247073038941,0.21167690898373065,0.9622326669904616,-0.17117587674528312,2.5406266931897883,0.0,0.0,0.0,1.0
001546,0.5255173978087258,-0.25707466799631074,-0.8110142290212501,-1.9255583163609942,-0.8247710143722333,0.0799769974041587,-0.5597825057445195,-0.12823338730389414,0.2087683847035835,0.9630764740978789,-0.16999843113233354,2.5399276931897883,0.0,0.0,0.0,1.0
001547,0.522078707928468,-0.256155669870445,-0.8135220313679064,-1.933606416360994,-0.8272796892509937,0.0799292136307106,-0.5560752076483498,-0.1284802173038941,0.2074659935520049,0.9633252792289838,-0.17018304239224197,2.539475393189788,0.0,0.0,0.0,1.0
001548,0.5186236806865749,-0.2550822737947819,-0.8160652617449133,-1.9419112163609942,-0.8297512789430775,0.08009340128739295,-0.5523566439923977,-0.12840339730389413,0.20625783118087226,0.9635964303928803,-0.17011650834255387,2.5387481931897886,0.0,0.0,0.0,1.0
001549,0.5148282843714873,-0.2498747178031524,-0.8200697915506372,-1.959433016360994,-0.832452777249199,0.08289498815241092,-0.5478601962082177,-0.12796145730389413,0.2048760875778483,0.9647233004038029,-0.16533221826609368,2.5366016931897883,0.0,0.0,0.0,1.0
001550,0.5142244287070934,-0.24599759678767164,-0.8216193883396095,-1.968155516360994,-0.8330867099286551,0.08438724040065465,-0.546667474245369,-0.12850117730389413,0.20381307774800056,0.9655899626820137,-0.16154334807300247,2.5351678931897883,0.0,0.0,0.0,1.0
001551,0.5115048104317897,-0.23785024564269103,-0.8257058129581325,-1.985486916360994,-0.8364184902976992,0.08236588285521496,-0.5418671151025856,-0.12737648230389412,0.19689321469582582,0.9678032454942442,-0.1568117980814927,2.5333043931897885,0.0,0.0,0.0,1.0
001552,0.5087063262956832,-0.23368989255337747,-0.828617467656301,-1.9939340163609942,-0.8393348830621519,0.07964708091902728,-0.5377483580413072,-0.12642613730389413,0.19166331850876905,0.9690435370092867,-0.15562710470460245,2.5326484931897886,0.0,0.0,0.0,1.0
001553,0.5057979953369242,-0.22955768387439324,-0.8315477482907239,-2.002360616360994,-0.8422585789207834,0.07694406906327689,-0.5335542113696867,-0.12551361330389413,0.18646413635734754,0.9702488752944833,-0.15442877271512162,2.5319701931897884,0.0,0.0,0.0,1.0
001554,0.5033279057049367,-0.22169185266922292,-0.8351728813837112,-2.018886516360994,-0.8455927534705912,0.07257491749051914,-0.5288721741869855,-0.12467002730389411,0.1778592550774547,0.9724122602123713,-0.15093204289335316,2.5303555931897885,0.0,0.0,0.0,1.0
001555,0.5045915217865884,-0.21739394704678378,-0.8355401055176919,-2.027477816360994,-0.8455984127328218,0.07084266775240294,-0.5290979501089146,-0.1243935573038941,0.17421458183753674,0.9735097268199959,-0.1480813670318768,2.5292755931897886,0.0,0.0,0.0,1.0
001556,0.5104255910572096,-0.2057928775999101,-0.8349341336435148,-2.0449386163609944,-0.8437464464416129,0.06758182536942686,-0.5324703099675012,-0.12388107730389411,0.16600497013959797,0.9762591809600998,-0.1391415160190031,2.5268377931897885,0.0,0.0,0.0,1.0
001557,0.514074837345458,-0.19787319539300569,-0.8346096453751314,-2.0535321163609943,-0.8425322402708664,0.06595791977288584,-0.5345923464878533,-0.12367470730389411,0.16083061186352587,0.9780060078364525,-0.13280723972513298,2.5256725931897885,0.0,0.0,0.0,1.0
001558,0.5181409155334217,-0.1893253501107463,-0.8340778761336562,-2.061972916360994,-0.8410710402971622,0.06432572830444827,-0.5370863113611738,-0.1235079373038941,0.15533672078306832,0.9798051400577289,-0.12590627741624877,2.5245815931897884,0.0,0.0,0.0,1.0
001559,0.5273183995718367,-0.17305433107724028,-0.8318578628398039,-2.0770097163609944,-0.8371523422002152,0.0616017278483319,-0.5434898187406955,-0.12380284730389411,0.14529714870461424,0.9829839396559382,-0.11238911404936097,2.5229023931897885,0.0,0.0,0.0,1.0
001560,0.5321694429568573,-0.16609181012937396,-0.8301862409067835,-1.8829753288350983,-0.83470077058788,0.061152560794829336,-0.5472978968425093,-0.12792244442628892,0.14166971293465463,0.9842123119104853,-0.10609343768975454,2.546442554483982,0.0,0.0,0.0,1.0
001561,0.5405117606995955,-0.15437294120160505,-0.8270526171714766,-1.898557428835098,-0.8298436790248528,0.06410523880132912,-0.5543013501162718,-0.12800493442628894,0.13858753525451128,0.9859307852902203,-0.09345577397405286,2.543869554483982,0.0,0.0,0.0,1.0
001562,0.5432592861682813,-0.14880456463593955,-0.8262726847327322,-1.9061233288350983,-0.8281015342139955,0.06710643795284355,-0.5565470106089038,-0.12799192442628893,0.13826495226323815,0.9865870096087769,-0.08676909269350941,2.5424610544839825,0.0,0.0,0.0,1.0
001563,0.5457253962997755,-0.13724231594581615,-0.8266488604887092,-1.9200160288350983,-0.8266589609595475,0.07332402398526044,-0.5579055025467037,-0.12753409442628894,0.13718146412228632,0.9878198895651158,-0.0734378082517998,2.5388478544839823,0.0,0.0,0.0,1.0
001564,0.5459064281654598,-0.1310019428149296,-0.8275413359260936,-1.9269754288350982,-0.8267781350539888,0.07578460295615014,-0.5573998648649161,-0.12726140042628892,0.13573535679504434,0.9884812516853785,-0.06693824005924737,2.5374209544839825,0.0,0.0,0.0,1.0
001565,0.5457771940427103,-0.1241888960381502,-0.8286762773023557,-1.9339301288350983,-0.8271657686126773,0.07816092681492443,-0.5564958766737005,-0.12702079842628894,0.13388071443738297,0.9891754079132058,-0.060066352323729255,2.5359739544839823,0.0,0.0,0.0,1.0
001566,0.5466131790061696,-0.10928735790116229,-0.8302230458977589,-1.948119328835098,-0.827320148508479,0.08277630948095116,-0.555598285149101,-0.12683691042628892,0.1294426684238127,0.9905575985230222,-0.045169011497107614,2.5327445544839824,0.0,0.0,0.0,1.0
001567,0.5482046972084469,-0.10158996623578992,-0.8301512444842842,-1.954932928835098,-0.8266430848866708,0.08492725846355004,-0.5562810179926273,-0.12697964442628892,0.12701503913963635,0.9911946526944525,-0.037421121071932184,2.5300725544839824,0.0,0.0,0.0,1.0
001568,0.5526326507491546,-0.08544757909221157,-0.8290330901437186,-1.969764228835098,-0.8246436929923328,0.08795645294716914,-0.5587722630848094,-0.12745146442628894,0.12066454712934555,0.9924527059826239,-0.021856199437168378,2.5254861544839824,0.0,0.0,0.0,1.0
001569,0.5544742882572746,-0.07680251185750048,-0.8286492851828009,-1.977327328835098,-0.8240006984120731,0.0887709737739002,-0.5595914252663713,-0.12774405442628892,0.11653803103709964,0.9930866469687384,-0.014064100909193467,2.5231343544839824,0.0,0.0,0.0,1.0
001570,0.5567123050119097,-0.05709091699605323,-0.8287412362401648,-1.9926168288350983,-0.823870221460276,0.08976936920416567,-0.5596242655064936,-0.12846682942628893,0.10634504050176852,0.9943249406251642,0.002940206020207614,2.5181669544839824,0.0,0.0,0.0,1.0
001571,0.5576324543031178,-0.04672355835447578,-0.828771955970143,-2.0004141288350983,-0.8239553809047251,0.08998270865568003,-0.5594646033674837,-0.12892096442628892,0.1007153224987638,0.9948467325360637,0.011679151351323025,2.5154987544839824,0.0,0.0,0.0,1.0
001572,0.5595316465244197,-0.026003897690682065,-0.8284009499285746,-2.016035728835098,-0.8239596419726127,0.09051146963431356,-0.5593730260434452,-0.13091102942628893,0.08952566636465764,0.9955558603963565,0.029217869402725638,2.509809454483982,0.0,0.0,0.0,1.0
001573,0.5600035350743916,-0.015139806493785546,-0.8283518738818159,-2.0242399288350983,-0.8242230827739054,0.09116531747433548,-0.5588785151645066,-0.13163895842628892,0.08397827413602132,0.9957206792816622,0.038574322080898726,2.5064925544839824,0.0,0.0,0.0,1.0
001574,0.5598443630488962,-0.0037944419388687978,-0.8285890968222722,-2.0325574288350983,-0.8248996541221164,0.09182002479776025,-0.5577720355802644,-0.13234777442628892,0.07819750502150874,0.9957683893639684,0.04827488945507663,2.5029930544839822,0.0,0.0,0.0,1.0
001575,0.5582581983403996,0.020405395296788753,-0.8294163030882096,-2.049566928835098,-0.8270928573961018,0.09238015683454198,-0.554421601191347,-0.13374860442628894,0.06530841622702677,0.9955147042942194,0.06844913661917301,2.495637554483982,0.0,0.0,0.0,1.0
001576,0.557305958861042,0.03283874707439982,-0.8296575708740073,-2.058045628835098,-0.8282407713817174,0.09243923359193629,-0.5526954068145974,-0.13522845442628895,0.058543085321773713,0.9951766701362724,0.07871532492144384,2.4920808544839823,0.0,0.0,0.0,1.0
001577,0.5546557761719381,0.05752944283186928,-0.8300887501746783,-2.075512628835098,-0.830873746498008,0.09198831468275603,-0.5488050358207275,-0.13686467442628894,0.04478601723159342,0.9940968328936979,0.09882155377877067,2.4843435544839823,0.0,0.0,0.0,1.0
001578,0.5521394772645218,0.06956543399443971,-0.8308445390319573,-2.084243928835098,-0.8329031700796813,0.09097056385692354,-0.5458907086430129,-0.13728624442628892,0.03760727213289938,0.9934208609168214,0.10816971007635817,2.4803625544839822,0.0,0.0,0.0,1.0
001579,0.5486018783729931,0.08232885290204989,-0.8320203957989591,-2.093072628835098,-0.8355480307315468,0.0896031753026672,-0.5420615825866227,-0.13747812442628893,0.02992436108354224,0.9925690056391608,0.11794618119392275,2.4763464544839824,0.0,0.0,0.0,1.0
001580,0.5454058050288548,0.1127952549845806,-0.8305478543068968,-2.1122872288350982,-0.8380602133076365,0.08957899662793944,-0.5381734685339759,-0.13790655442628894,0.01369622983107388,0.9895720457935819,0.14338612022200525,2.4682988544839826,0.0,0.0,0.0,1.0
001581,0.5472485488965757,0.12894195753693571,-0.826978232674316,-2.121959628835098,-0.8369584841365368,0.08952277535880493,-0.5398945901969452,-0.13777239442628894,0.004418321226728472,0.9876029790753975,0.15691027423001158,2.464484154483982,0.0,0.0,0.0,1.0
001582,0.549921933067967,0.15893196716825075,-0.8199551800817046,-2.140288628835098,-0.835013651879796,0.08300643270661473,-0.5439321035788283,-0.13619038442628895,-0.01838664474985574,0.9837939631555748,0.1783574202366986,2.4578079544839824,0.0,0.0,0.0,1.0
001583,0.5478687185335316,0.17344945414441654,-0.8183857000885526,-2.1487596288350983,-0.8360110549786408,0.07794451810753372,-0.5431483849285431,-0.13484435442628895,-0.030420111865778365,0.9817535021348224,0.18770902439703113,2.4547983544839824,0.0,0.0,0.0,1.0
001584,0.5437131158951158,0.1887874566598609,-0.8177624005856016,-2.157052628835098,-0.8382451978070145,0.07399104779272903,-0.5402502320221749,-0.13337437442628894,-0.041485370398540056,0.9792265422538524,0.1984800820950574,2.4518269544839826,0.0,0.0,0.0,1.0
001585,0.53517266561239,0.22275183995679765,-0.8148446697237397,-2.175312628835098,-0.8426402563599684,0.07275612516844615,-0.5335390750564389,-0.12800776942628891,-0.05956186987440809,0.9721564503958892,0.22663675697187655,2.4489683544839824,0.0,0.0,0.0,1.0
001586,0.5340205437615988,0.23987875032871858,-0.8107282183206026,-2.184508728835098,-0.8427745358844714,0.07449978894608067,-0.5330861685616158,-0.12649552442628892,-0.06747696277456816,0.9679400635306515,0.24194812027994306,2.4466289544839825,0.0,0.0,0.0,1.0
001587,0.5352203082154502,0.25614007049568577,-0.8049419146498855,-2.1937851288350982,-0.8413101488277712,0.07619840333737121,-0.5351551520897736,-0.12507133942628892,-0.0757393897067562,0.963631707456381,0.2562761737492342,2.4445990544839824,0.0,0.0,0.0,1.0
001588,0.5384739204894182,0.2850822194066255,-0.7929526878262967,-2.211458928835098,-0.83734103014334,0.07564038268360723,-0.54142269230793,-0.12188492442628894,-0.09437073800307916,0.9555138202483887,0.2794414126844554,2.4420482544839826,0.0,0.0,0.0,1.0
001589,0.5381798305296144,0.29843947243275143,-0.7882235414558338,-2.2212706288350983,-0.8363226127363301,0.07310430550313207,-0.5433417413955816,-0.12038993042628894,-0.10453208807344189,0.9516247379145656,0.2889349420752714,2.4401330544839825,0.0,0.0,0.0,1.0
001590,0.5361529024926726,0.31190481781898943,-0.7843822089835959,-2.229407728835098,-0.8362344194847509,0.06953458632226744,-0.5439457114216387,-0.11875973442628894,-0.11511759560416618,0.9475654731607172,0.2981067145436706,2.4395038544839824,0.0,0.0,0.0,1.0
001591,0.5332027252537651,0.3262093445070188,-0.7805653831283188,-2.2368850288350983,-0.8365516273192725,0.06588597900213555,-0.5439121368386692,-0.11724510042628894,-0.12600090718496787,0.9429986751460637,0.3080215415540507,2.4395267544839823,0.0,0.0,0.0,1.0
001592,0.5279156336334395,0.3584589901854018,-0.7699430083588434,-2.251427128835098,-0.8363610744307759,0.06179817173878338,-0.5446844399712019,-0.11517771442628894,-0.14766596406214283,0.9314977929791384,0.33242536716170157,2.4407841544839823,0.0,0.0,0.0,1.0
001593,0.526268657986406,0.37616677124327114,-0.7625876079727492,-2.2608696288350982,-0.8354515006671414,0.06177330270210346,-0.5460813575890459,-0.11491580442628893,-0.1583101059762399,0.9244904646807811,0.34677844664872826,2.4415487544839825,0.0,0.0,0.0,1.0
001594,0.524536017361179,0.3944456517316225,-0.7545028789347914,-2.2688226288350983,-0.8344730213923545,0.062413409197243586,-0.5475028245778214,-0.11477014442628894,-0.16886901154204753,0.9167972481319918,0.36189233586581915,2.4429299544839824,0.0,0.0,0.0,1.0
001595,0.5224810878929047,0.41317124009343004,-0.7458572511908055,-2.2762026288350983,-0.8335013487651033,0.06314495775729534,-0.5488972726445116,-0.11476694442628893,-0.17969144220301864,0.9084614690065214,0.3773708321128074,2.4447855544839823,0.0,0.0,0.0,1.0
001596,0.5179712406560207,0.45136274890763606,-0.7266205768843911,-2.290320628835098,-0.8309833730197492,0.06401414802896677,-0.5526018662806399,-0.11512342442628894,-0.2029099002463488,0.8900414921511627,0.4082324272168355,2.4498815544839823,0.0,0.0,0.0,1.0
001597,0.5158631224929608,0.47033050400355403,-0.7160128880513084,-2.297226628835098,-0.8291808539986333,0.06409665663420067,-0.5552933728853735,-0.11543038442628893,-0.21527737970792415,0.8801595512247085,0.4230541504039525,2.4531659544839823,0.0,0.0,0.0,1.0
001598,0.5138617578360221,0.48892825921165267,-0.7049079735525317,-2.304045128835098,-0.8271166084338435,0.06431752314724337,-0.5583380447982211,-0.11580989442628893,-0.22764931338919056,0.8699496615094848,0.43745099903070667,2.4569262544839825,0.0,0.0,0.0,1.0
001599,0.5116585827930542,0.5073149154820584,-0.6934241639744285,-2.312071728835098,-0.8251010951969242,0.06505065836428053,-0.5612277563977124,-0.11677926042628893,-0.23961151341085332,0.8593020355938914,0.4518698200424044,2.4612473544839824,0.0,0.0,0.0,1.0
001600,0.5050209010519519,0.5433054036547827,-0.6706512714221813,-2.325487128835098,-0.8226723270839308,0.0679638392508175,-0.5644387998752382,-0.11799871942628894,-0.26108261480034384,0.8367796334243579,0.4812854800793523,2.4707709544839824,0.0,0.0,0.0,1.0
001601,0.5006089947823638,0.5602126042335074,-0.6599639932609219,-2.331622128835098,-0.8223665728126539,0.06964508949364678,-0.5646793616113408,-0.11853536942628894,-0.2703772443519624,0.8254158949083383,0.4955650776329035,2.4758395544839824,0.0,0.0,0.0,1.0
001602,0.4957855020133346,0.5763681114490216,-0.6496126046330029,-2.3375518288350983,-0.8223623934094761,0.07115378525644978,-0.5644973274954604,-0.11907189442628893,-0.2791358627966386,0.8140865672324825,0.5092604747596351,2.4810554544839825,0.0,0.0,0.0,1.0
001603,0.49067110677438763,0.5921375205163475,-0.6392300225846329,-2.3433449288350983,-0.822429406709881,0.07238370498907548,-0.5642432722070228,-0.11962106042628894,-0.2878397747977708,0.8025794390892451,0.5225079023283399,2.4864038544839824,0.0,0.0,0.0,1.0
001604,0.4795172117305705,0.6230865902957697,-0.6179209857641433,-2.355472328835098,-0.8226300378273513,0.07401755011216593,-0.56373861242562,-0.12253122442628893,-0.3055209723051916,0.7786427314686656,0.548062434593638,2.4977411544839825,0.0,0.0,0.0,1.0
001605,0.47313933173664396,0.6384086387067043,-0.607102613063438,-2.360970928835098,-0.8229823242952268,0.07437029137190937,-0.5631777283050915,-0.12321400442628894,-0.3143871286510122,0.7660962536038861,0.56058653529376,2.5031965544839823,0.0,0.0,0.0,1.0
001606,0.46624208613844054,0.6537444527558683,-0.5960172041176369,-2.366296028835098,-0.8234149045890639,0.07437894998413763,-0.5625439242404453,-0.12377995442628893,-0.32342883608895734,0.7530511020443347,0.5729815229969941,2.5086147544839825,0.0,0.0,0.0,1.0
001607,0.4587604190400136,0.6690480264995922,-0.5847337993986941,-2.371466128835098,-0.8239274384743192,0.07391072289478767,-0.5618547687528485,-0.12428214442628893,-0.3326897263989047,0.7395349506806091,0.5851543408968705,2.5140172544839823,0.0,0.0,0.0,1.0
001608,0.4507173081104623,0.6841213911205761,-0.5734386021021836,-2.376468128835098,-0.8245805994608144,0.07300693478886089,-0.5610141018419936,-0.12473009442628893,-0.34193675316131555,0.7257051120696221,0.5970187159156024,2.519393354483982,0.0,0.0,0.0,1.0
001609,0.43336220115713653,0.7122518262660912,-0.552172562328897,-2.3861708288350982,-0.8266528309364437,0.07012702454281139,-0.5583254405215077,-0.12696682442628893,-0.358946095831958,0.698412153681041,0.6191753902389895,2.531097854483982,0.0,0.0,0.0,1.0
001610,0.42436422747196767,0.7253198798871053,-0.5420572610736571,-2.390758428835098,-0.827937810381585,0.06841258382678339,-0.5566315662219397,-0.12735928442628894,-0.3666524029413505,0.6850042264210479,0.6295516064649784,2.536476054483982,0.0,0.0,0.0,1.0
001611,0.4156080364657072,0.7377585799563626,-0.5319607482943554,-2.3952548288350983,-0.8289631588577528,0.06656819752753607,-0.5553276117162829,-0.12761514442628893,-0.3742860420610087,0.6717744805950179,0.6392409607805172,2.5417935544839825,0.0,0.0,0.0,1.0
001612,0.40717893592852966,0.749612069267715,-0.521811325810666,-2.3996472288350983,-0.8294897122063499,0.06436586985857423,-0.5548007319219901,-0.12778361842628894,-0.3822984847994264,0.6587402981490686,0.6480039260024117,2.5470942544839823,0.0,0.0,0.0,1.0
001613,0.39009455178005137,0.771365168816698,-0.5028140978611361,-2.406345328835098,-0.8294399185259251,0.05726174378857951,-0.5556532320197535,-0.12921751442628893,-0.3998195370754508,0.6338113828535098,0.6621385570544085,2.5599939544839825,0.0,0.0,0.0,1.0
001614,0.38135516679967785,0.7818878881545144,-0.493172958618438,-2.410213228835098,-0.8290301098348367,0.05323411272195788,-0.5566643568883717,-0.12924359442628894,-0.4089954935478244,0.6211420607236154,0.6685097057317806,2.5654017544839824,0.0,0.0,0.0,1.0
001615,0.3729222611331063,0.792268340885441,-0.4829491310500541,-2.414159228835098,-0.8281031989363612,0.04940505228360853,-0.5583943344270421,-0.12914492442628892,-0.41853802582649147,0.6081693981445342,0.6745041913122396,2.570671554483982,0.0,0.0,0.0,1.0
001616,0.3578378155019064,0.8129640396017418,-0.45939260781083646,-2.422112628835098,-0.8235334262157853,0.042852344641800655,-0.5656468619766132,-0.12876752042628892,-0.4401645075447509,0.5807350057238824,0.6848372503192046,2.5812465544839824,0.0,0.0,0.0,1.0
001617,0.35165997371480084,0.8232450855058171,-0.44564873171302266,-2.4259781288350983,-0.8193678398316195,0.04044894893728512,-0.5718393354601751,-0.12860177442628892,-0.45273789982347545,0.5662432443044146,0.6887648236829752,2.5865699544839824,0.0,0.0,0.0,1.0
001618,0.34530644506663855,0.8333889573838776,-0.431539459037125,-2.426639628835098,-0.8145066241004938,0.03770662159347571,-0.5789276034051443,-0.12940907442628893,-0.46619997671799396,0.5513991806292609,0.6918211656992883,2.5938471544839823,0.0,0.0,0.0,1.0
001619,0.3280177286742127,0.853460160240751,-0.40498163483946087,-2.430657128835098,-0.8062304773597029,0.029489313003929152,-0.5908661420278727,-0.12901326442628894,-0.49233808206531865,0.5203231066370089,0.6977586098701009,2.6047658544839822,0.0,0.0,0.0,1.0
001620,0.3167354234635281,0.8634684123600418,-0.39255696705039944,-2.4324621288350983,-0.8037900416049639,0.02461171811577989,-0.5944037620574752,-0.12844723442628891,-0.5035873713071742,0.5038021081613476,0.7018427140550166,2.6093792544839824,0.0,0.0,0.0,1.0
001621,0.3042517278806973,0.8736373748231239,-0.3797217710294873,-2.434003028835098,-0.8027105801452714,0.020495509518791977,-0.5960164918963289,-0.12789088442628893,-0.512919692158969,0.48614573062171945,0.7075137581657495,2.6136745544839823,0.0,0.0,0.0,1.0
001622,0.2786330751895996,0.8941291198002208,-0.3505662940667133,-2.4331166288350983,-0.8030042045192869,0.01666092225918353,-0.5957404310551876,-0.12829847442628892,-0.5268281094766434,0.44749919641800007,0.7226317265872777,2.624289954483982,0.0,0.0,0.0,1.0
001623,0.2663310191217399,0.9041825214015811,-0.33394873295979866,-2.432909228835098,-0.8033723751916098,0.016792280738856358,-0.5952401583281984,-0.12857581442628893,-0.5325979863204204,0.42681610477987697,0.7308675650676846,2.6291882544839824,0.0,0.0,0.0,1.0
001624,0.2540377071676565,0.9139511188155782,-0.3164777966188984,-2.4332661288350983,-0.8038082236442048,0.017517607143633263,-0.594630534905423,-0.12866496442628894,-0.5379193089478645,0.4054460332223194,0.7390915580666158,2.6334907544839825,0.0,0.0,0.0,1.0
001625,0.24141432604847296,0.9234320204271448,-0.2983159848690696,-2.433547928835098,-0.8042430162715245,0.018356539510895498,-0.5940170100558277,-0.12870245442628891,-0.5430582786009638,0.3833227636170676,0.74709528504464,2.6376785544839825,0.0,0.0,0.0,1.0
001626,0.2286217686568019,0.9326159420922531,-0.27921244859714756,-2.4335806288350983,-0.804222646537675,0.019307603055306155,-0.5940144369122661,-0.12874869942628892,-0.5485964105717186,0.3603536055316191,0.7544449995116864,2.6419448544839823,0.0,0.0,0.0,1.0
001627,0.21591983373656998,0.941365702209236,-0.2592474495598444,-2.433333328835098,-0.8034736580059502,0.02043455286417495,-0.5949895040584992,-0.12881539442628892,-0.5548051065822208,0.33676853141787666,0.7607747695323086,2.6463023544839825,0.0,0.0,0.0,1.0
001628,0.2026547665665906,0.9496798045703239,-0.23882904844074623,-2.415636028835098,-0.8021372204241266,0.021093018852606116,-0.5967670937358558,-0.13041681042628891,-0.5617000313317569,0.3125113651484618,0.7660481195427271,2.6578270544839824,0.0,0.0,0.0,1.0
001629,0.18969706196882363,0.9576157825762766,-0.2167649363739937,-2.408611528835098,-0.8004296536914746,0.02297364767918786,-0.5989862945040217,-0.13105022842628894,-0.5686188478864751,0.2871310231812957,0.7708621026844683,2.664794154483982,0.0,0.0,0.0,1.0
001630,0.17653535517125551,0.9651570174446862,-0.193150718486461,-2.405179428835098,-0.7984280675395083,0.025656193959099682,-0.601543332334969,-0.13134914442628892,-0.5756282562033282,0.2604106207296671,0.7751376776234689,2.6700741544839826,0.0,0.0,0.0,1.0
001631,0.14863842837249114,0.9785065330222198,-0.14293908648019085,-2.4000830288350983,-0.7933902253889336,0.031719312157232615,-0.6078863672542503,-0.13172899442628894,-0.5902868521898934,0.20376174829714164,0.7810522274871503,2.679066154483982,0.0,0.0,0.0,1.0
001632,0.13387487784623753,0.9840938190169958,-0.11677702023171857,-2.397419928835098,-0.7904772899530462,0.03497311915716461,-0.6114920563710589,-0.13253413442628895,-0.597681496409369,0.17417300683218104,0.7825858371711658,2.6833821544839824,0.0,0.0,0.0,1.0
001633,0.11875750787603101,0.988832671959874,-0.09003666579661268,-2.3944842288350983,-0.7874791003690494,0.038565143016977,-0.6151336409480732,-0.13296726442628892,-0.6047919648978708,0.14395373079144771,0.7832649632060638,2.6872252544839825,0.0,0.0,0.0,1.0
001634,0.10323437465122726,0.9926650896521763,-0.06291807114181691,-2.391340928835098,-0.7846828860960944,0.04240590937628047,-0.6184452337255697,-0.13329719442628893,-0.6112408953581835,0.11321554061085154,0.7833050550110848,2.6906711544839825,0.0,0.0,0.0,1.0
001635,0.07103262140917221,0.9974364113572751,-0.008658636986386747,-2.384626328835098,-0.7800877030729232,0.050140186201089953,-0.6236578687406511,-0.13384822442628894,-0.6216249208406563,0.05105454951755861,0.7816494679608035,2.696380054483982,0.0,0.0,0.0,1.0
001636,0.05410229380948922,0.9983718187048133,0.018073555837065547,-2.3811016288350983,-0.7781927181511571,0.0534985130805114,-0.6257427606570358,-0.13406930442628892,-0.625690846361896,0.019789409142725145,0.7798200715964654,2.6986397544839824,0.0,0.0,0.0,1.0
001637,0.03635236673531966,0.9983511459416762,0.044424034369731136,-2.378023328835098,-0.7765388542245449,0.05620034549552494,-0.6275579089182247,-0.13420991442628893,-0.6290198035931556,-0.01168377349685723,0.7773014705534156,2.7001611544839825,0.0,0.0,0.0,1.0
001638,-0.0017811846209774829,0.9952657764749256,0.09717438736163675,-2.370989628835098,-0.7743948007371649,0.06010963324378765,-0.6298408724293335,-0.13441233442628894,-0.6327001817390229,-0.07637320321330499,0.7706215762995134,2.7022549544839825,0.0,0.0,0.0,1.0
001639,-0.022077252511903178,0.991957530656896,0.12463086413324387,-2.367433228835098,-0.7739669991174358,0.06195206863333669,-0.6301880873748738,-0.13451254442628893,-0.6328409588503867,-0.11037299744558804,0.7663746617916067,2.7026647544839824,0.0,0.0,0.0,1.0
001640,-0.04278275262561615,0.9873367326832708,0.15276063750881247,-2.363939528835098,-0.7738754310996344,0.06395590176385046,-0.6301003569035076,-0.13464459442628893,-0.6318911719735687,-0.1451751319059025,0.7613394301216596,2.702605454483982,0.0,0.0,0.0,1.0
001641,-0.06383232231562713,0.9814300335951045,0.18088815269471353,-2.360512228835098,-0.7740967646106018,0.06570367379879188,-0.6296484942162097,-0.13478739442628893,-0.6298409590104412,-0.18021685938572468,0.7555277956143993,2.7020382544839823,0.0,0.0,0.0,1.0
001642,-0.10644719937581643,0.9660257911156912,0.23550618812325866,-2.354236828835098,-0.7751342052873037,0.06772472218062969,-0.628156290901537,-0.13528159442628893,-0.6227647690249225,-0.2494143799079336,0.741590526878867,2.6997968544839823,0.0,0.0,0.0,1.0
001643,-0.12756724696360155,0.9565419831899402,0.26220990045607245,-2.351238928835098,-0.7755028647749633,0.06861722772083712,-0.6276041609053685,-0.13560454442628894,-0.618321845180932,-0.28340626396564117,0.7330477374067018,2.6977929544839823,0.0,0.0,0.0,1.0
001644,-0.14843170464624894,0.9457979467806816,0.2888499141790692,-2.3483356288350983,-0.7758438578840829,0.06974622011466225,-0.6270580299806868,-0.13597352442628893,-0.6132163869625074,-0.31717772406832734,0.7234389774649168,2.6951038544839823,0.0,0.0,0.0,1.0
001645,-0.1692027762408656,0.9337707801525859,0.3153451294147647,-2.345581528835098,-0.7764471219899765,0.07077815220099154,-0.6261951133029511,-0.13636149442628895,-0.6070422450421931,-0.35080276980697356,0.713047774998204,2.6917235544839824,0.0,0.0,0.0,1.0
001646,-0.18998264093864564,0.9205356944295091,0.3413511848861217,-2.343005128835098,-0.777512381750421,0.07122962405656635,-0.6248206437703127,-0.13671401442628894,-0.5994840217776995,-0.3841098487906055,0.702195508170832,2.6876160544839824,0.0,0.0,0.0,1.0
001647,-0.2312219480234881,0.8909839749272368,0.390747958632011,-2.3388345288350982,-0.7802494147737602,0.0700914054868132,-0.6215287970980002,-0.13313193442628893,-0.5811602717817412,-0.4485919652643632,0.6789830536934103,2.6801177544839825,0.0,0.0,0.0,1.0
001648,-0.2512916907592813,0.8747603724982651,0.41430275990154636,-2.337125928835098,-0.7814385225082932,0.06922223043251458,-0.6201307268262104,-0.13192589442628894,-0.5711447467108473,-0.4795858354045129,0.6661764817103332,2.6751767544839824,0.0,0.0,0.0,1.0
001649,-0.2707894270166954,0.8574981548864613,0.4374585701324001,-2.335686128835098,-0.7825849577338742,0.06853215862157536,-0.6187601531800002,-0.13147841442628894,-0.5605656697877955,-0.5099022039577603,0.6525073733333429,2.6692339544839823,0.0,0.0,0.0,1.0
001650,-0.28979427457134543,0.8390148593123911,0.46051421723837854,-2.334548928835098,-0.7837007356981663,0.06817854161804215,-0.6173854900538154,-0.13117480442628893,-0.5493927878047004,-0.5398201110702026,0.6377788114952815,2.6627170544839824,0.0,0.0,0.0,1.0
001651,-0.3086275366810909,0.819072691012167,0.4836000107943023,-2.333702628835098,-0.7845134222925,0.06829593414343094,-0.6163394808239903,-0.13084098442628891,-0.5378547516245176,-0.5696100352149386,0.6214955140122614,2.6557902544839824,0.0,0.0,0.0,1.0
001652,-0.32743643523116045,0.7976597293812534,0.5064823165783146,-2.333183228835098,-0.7848476678284279,0.0688635857234387,-0.6158505864782373,-0.13041539442628894,-0.5261174005746134,-0.5991633856342831,0.6034929312990134,2.6485065544839825,0.0,0.0,0.0,1.0
001653,-0.364992662204965,0.7513756898243082,0.5497407837131766,-2.3332346288350982,-0.7847796180162079,0.06938583546575874,-0.6158786869043723,-0.12838298042628893,-0.5009004967884015,-0.6562165637788823,0.5643390060410223,2.6332911544839823,0.0,0.0,0.0,1.0
001654,-0.3826797369923031,0.7274844533605368,0.5694932738972627,-2.333582828835098,-0.78524759363935,0.06865728087586329,-0.6153636278383237,-0.12728822942628892,-0.486767332078799,-0.6826804141774201,0.5449816662232174,2.6248354544839825,0.0,0.0,0.0,1.0
001655,-0.39954181968172264,0.7036579565653627,0.5875643066828311,-2.3341436288350983,-0.7857069130834804,0.06733941979358277,-0.614922799442899,-0.12597152442628892,-0.47226156000488323,-0.7073407118949975,0.5259640065989614,2.6162037544839825,0.0,0.0,0.0,1.0
001656,-0.41597432604948176,0.6800131676660294,0.603777651017734,-2.334828628835098,-0.7853287227993698,0.06613206696558074,-0.6155366332438476,-0.12450043842628894,-0.4585020798360575,-0.7302113677009369,0.5065246304636498,2.6075920544839826,0.0,0.0,0.0,1.0
001657,-0.43245355989751766,0.656659721296611,0.6178850451003173,-2.335634228835098,-0.783676558979941,0.06516263456974608,-0.6177417599298987,-0.12310698442628894,-0.44590914930882836,-0.7513666491684248,0.4864290175144676,2.5991617544839825,0.0,0.0,0.0,1.0
001658,-0.4651130208896557,0.6120070491566327,0.6396227400440747,-2.337956828835098,-0.7783391664247239,0.06149698522692798,-0.6248249857498219,-0.12262377442628894,-0.42173216596338114,-0.7884576669616387,0.44774600791212554,2.5839008544839825,0.0,0.0,0.0,1.0
001659,-0.4796007525904239,0.5908417640590027,0.6487596842886778,-2.338922028835098,-0.7761977327949519,0.05917893576187416,-0.6277060882021686,-0.12047255442628893,-0.4092678801453586,-0.8046141083809915,0.4302277755742725,2.5753673544839826,0.0,0.0,0.0,1.0
001660,-0.49224545177149454,0.570894693720825,0.6570948667366704,-2.340021828835098,-0.7746526244172556,0.05697875269485597,-0.6298148404291509,-0.11788330942628894,-0.3969983963364784,-0.8190437536681078,0.4141975408950668,2.5667592544839826,0.0,0.0,0.0,1.0
001661,-0.5027519390602341,0.5526159738064005,0.6647225536005067,-2.341315928835098,-0.7736793176303147,0.05532859219251568,-0.6311569221335411,-0.11502964442628894,-0.3855655602388074,-0.8315974581370473,0.3997309925158877,2.5582489544839824,0.0,0.0,0.0,1.0
001662,-0.5174990008971809,0.5196757817773161,0.6798028139869343,-2.345281328835098,-0.7736269318641673,0.05533171323589367,-0.6312208581826297,-0.11090978942628893,-0.3656448473106852,-0.8525699287123114,0.3734010743029933,2.5425917544839822,0.0,0.0,0.0,1.0
001663,-0.5219289870645056,0.503952115675553,0.6882022940734456,-2.347170628835098,-0.7747033596642218,0.05758305004453415,-0.6296974645593995,-0.10833780442628893,-0.35696615664063525,-0.8618099891818979,0.3603591341419149,2.5349645544839823,0.0,0.0,0.0,1.0
001664,-0.5250475017835433,0.48827053060000736,0.6970774776296011,-2.348956828835098,-0.7764597134710604,0.06054935059676156,-0.627251217215837,-0.10533401442628894,-0.34847587323557816,-0.8705892631372717,0.34733111102059877,2.5273818544839823,0.0,0.0,0.0,1.0
001665,-0.5290405773240285,0.4569704548442851,0.7150482997281133,-2.352551428835098,-0.781875662789873,0.06501714681741547,-0.620034852695088,-0.09888844442628894,-0.3298280089403498,-0.8871024597075187,0.32289736836851857,2.5125095544839824,0.0,0.0,0.0,1.0
001666,-0.5305571016791204,0.4417152870222333,0.7234616555621435,-2.354301928835098,-0.7850766378899222,0.0657665008392555,-0.6158972641657179,-0.09561088442628893,-0.3196307783948652,-0.8947415115988675,0.3118874683671441,2.5052585544839823,0.0,0.0,0.0,1.0
001667,-0.5324162016732293,0.42694115609490846,0.7309269713372151,-2.356263328835098,-0.7879574389107596,0.06552731028355102,-0.6122329998229429,-0.09709984042628894,-0.30928314318929107,-0.9019021126704084,0.3015236582751116,2.500165854483982,0.0,0.0,0.0,1.0
001668,-0.5357551689954245,0.39898279188796565,0.7441633763307411,-2.359031428835098,-0.7931274823268697,0.06456617356566732,-0.6056236504702643,-0.09328843442628894,-0.2896811966153912,-0.914682426314386,0.2818525559917856,2.4877270544839822,0.0,0.0,0.0,1.0
001669,-0.5373485090104413,0.3856519233816015,0.750019448985376,-2.360082828835098,-0.7951798018149051,0.06460438513825228,-0.602922346746674,-0.09092904442628894,-0.2809727080160347,-0.9203797408749173,0.2719475499745426,2.4816507544839825,0.0,0.0,0.0,1.0
001670,-0.5387357956495197,0.3728630754987086,0.7554712896037302,-2.360983128835098,-0.7970212462585442,0.0649949064105054,-0.6004438318054126,-0.08871158442628893,-0.27298511955481375,-0.92560725422305,0.2621647104995448,2.4758493544839824,0.0,0.0,0.0,1.0
001671,-0.5415824234634039,0.34893497041195043,0.7648090382697617,-2.362160128835098,-0.8001720327522073,0.06492668233795215,-0.5962459592498615,-0.08771926442628894,-0.25770757962603086,-0.9348951344103777,0.2440448546048349,2.4655905544839825,0.0,0.0,0.0,1.0
001672,-0.5428971867017834,0.3378097580967203,0.7688609835372868,-2.362494428835098,-0.8017483651627624,0.06397574032633355,-0.5942277876442125,-0.08689770442628894,-0.24992439582827153,-0.9390376307605212,0.23610617184974345,2.460619554483982,0.0,0.0,0.0,1.0
001673,-0.5459612039109447,0.31698007975530657,0.7755320708148898,-2.3627455288350983,-0.8041974131980005,0.061293574515208116,-0.5911933848824703,-0.08440547442628893,-0.23493165906228125,-0.946449537356043,0.2214506464401853,2.4511453544839825,0.0,0.0,0.0,1.0
001674,-0.5485520539040836,0.3070973396359885,0.7776772261974179,-2.362550028835098,-0.8042997020435344,0.06032756668415376,-0.5911535959381884,-0.08346179442628894,-0.2284570713510381,-0.9497640805413035,0.21390548815595947,2.4468315544839823,0.0,0.0,0.0,1.0
001675,-0.5521717101170684,0.29776490501732333,0.7787441581716142,-2.362109828835098,-0.803387217854426,0.05966783845994961,-0.5924598950491433,-0.08280643042628894,-0.2228797450072949,-0.9527726960789449,0.20627362621513545,2.4427742544839823,0.0,0.0,0.0,1.0
001676,-0.5610868696654665,0.28162805461097196,0.7783746935410011,-2.3609182288350983,-0.7997024383165661,0.05831002777647626,-0.597558324192079,-0.08486731442628893,-0.21367623835968963,-0.9577502699121239,0.1925016510155358,2.4344889544839825,0.0,0.0,0.0,1.0
001677,-0.5654534913858841,0.27466355237172907,0.777703209507365,-2.360181628835098,-0.7976225730672908,0.0578693351790463,-0.6003743590289726,-0.08505863442628893,-0.20990612190459923,-0.9597974125014496,0.18635543174936936,2.430818054483982,0.0,0.0,0.0,1.0
001678,-0.5691089791125169,0.26797158408267885,0.7773713398484203,-2.3593783288350982,-0.7960306791777154,0.057337088643887285,-0.6025343277139551,-0.08515026442628894,-0.20603428768380688,-0.9617191317583645,0.18068255009425657,2.4273614544839823,0.0,0.0,0.0,1.0
001679,-0.5750751925620665,0.2541055096457554,0.777636748660564,-2.357511528835098,-0.7934839928136761,0.05817536687204633,-0.6058042421754481,-0.08543176942628894,-0.19917749885006647,-0.9654253035097919,0.16817344408335716,2.4212261544839824,0.0,0.0,0.0,1.0
001680,-0.5779634177315393,0.2471471161670331,0.77773812477877,-2.4507207246637317,-0.7920069987338776,0.05981460450032891,-0.6075747913179291,-0.06269308695098821,-0.1966804558684827,-0.9671300409245845,0.1611715924739144,2.4089844835496286,0.0,0.0,0.0,1.0
001681,-0.5810835668577539,0.24112421466713424,0.7773036738810826,-2.449511224663732,-0.7900248976741528,0.06225586209168346,-0.609905622773037,-0.06401082695098821,-0.19545472463671748,-0.9684953901472012,0.15431827461712325,2.4058513835496287,0.0,0.0,0.0,1.0
001682,-0.5872193408503305,0.2315446649152999,0.775603322504852,-2.447723524663732,-0.7860543082740772,0.06547902000858738,-0.6146796908817448,-0.06513454295098822,-0.19311154852847573,-0.9706181360802902,0.14355613444558077,2.400652183549629,0.0,0.0,0.0,1.0
001683,-0.5892616417499481,0.22763578639518584,0.7752113687984723,-2.4470361246637315,-0.7851554774948908,0.06492695536655924,-0.6158858389560511,-0.06522347295098821,-0.19052977122204717,-0.9715793530222192,0.14047052024891282,2.3981127835496285,0.0,0.0,0.0,1.0
001684,-0.590644937578892,0.2192953689689614,0.7765617160671736,-2.4439410246637316,-0.7860024182479144,0.06140650394465319,-0.6151661887504267,-0.06787970295098822,-0.1825890364202002,-0.9737241819026896,0.13609724963084469,2.390124283549629,0.0,0.0,0.0,1.0
001685,-0.5907998168293329,0.21472378006918474,0.7777205633820073,-2.4429101246637317,-0.7866606078345151,0.060818497100658064,-0.6143827784792217,-0.06853639895098822,-0.1792223884336378,-0.9747793641041123,0.1329831823988455,2.3870846835496287,0.0,0.0,0.0,1.0
001686,-0.590993186308576,0.21020884274676482,0.778806327765705,-2.4422070246637317,-0.787116930584153,0.06104275125160641,-0.6137757897696977,-0.06871521295098822,-0.17656157941244877,-0.9757489559055138,0.12938308902125173,2.3848533835496286,0.0,0.0,0.0,1.0
001687,-0.5920100905585661,0.20168462177775925,0.7802867203888584,-2.4409341246637317,-0.7874433893652503,0.061430570193705486,-0.6133181829936586,-0.06848860295098821,-0.17163030391456263,-0.9775221728349891,0.12244770473208735,2.3813751835496286,0.0,0.0,0.0,1.0
001688,-0.5927612987009474,0.1979643214629448,0.7806690529219679,-2.4403485246637318,-0.7874292811918653,0.06104638709643204,-0.6133746536531608,-0.06814080295098822,-0.16908332231189616,-0.9783064274807707,0.11969696765492019,2.3799109835496286,0.0,0.0,0.0,1.0
001689,-0.5929198176283547,0.19171512019684112,0.7821070275553529,-2.4405283246637315,-0.7884179003266166,0.05940207164164821,-0.6122651454470114,-0.06726983695098822,-0.16383926363398982,-0.9796513188745226,0.1159309670419458,2.373405183549629,0.0,0.0,0.0,1.0
001690,-0.5923147848816431,0.19035636715705062,0.7828969594355203,-2.4407585246637318,-0.789296301921338,0.05802470634928247,-0.6112646572691564,-0.06660648295098821,-0.1617854857022485,-0.9799987688440478,0.11587868518514477,2.3714346835496287,0.0,0.0,0.0,1.0
001691,-0.5900816444258523,0.19128435892420742,0.7843557527950166,-2.4414231246637317,-0.7915167047506275,0.05435758627102935,-0.6087253558999293,-0.06496664695098822,-0.15907532496396126,-0.9800283398176517,0.11932935155219579,2.3697216835496286,0.0,0.0,0.0,1.0
001692,-0.5883151525090793,0.1923372576607001,0.785424509831327,-2.4418695246637316,-0.7930013081303594,0.05282187722400547,-0.6069256746835405,-0.06410127295098822,-0.1582220168995374,-0.9799062345970115,0.1214477861722846,2.369415783549629,0.0,0.0,0.0,1.0
001693,-0.5859827330487326,0.19312519786735166,0.7869732489211019,-2.4428779246637315,-0.7949609234579427,0.0512037574220677,-0.6044959101604886,-0.06398133295098822,-0.15703937959516168,-0.9798371462516405,0.12352246792308016,2.3645171835496286,0.0,0.0,0.0,1.0
001694,-0.5825795018810934,0.19531606958665554,0.7889567522679544,-2.444249724663732,-0.7975152714482714,0.04983623477508825,-0.6012368431077995,-0.06288920295098821,-0.15674985101992095,-0.9794733190162268,0.1267339794237109,2.3628339835496286,0.0,0.0,0.0,1.0
001695,-0.5817580255671422,0.19599522625029736,0.7893943697387987,-2.4448060246637318,-0.7980810544218926,0.04969180969774803,-0.6004975891890016,-0.062330292950988214,-0.15692109565339063,-0.9793449828002683,0.12751146773087466,2.363137183549629,0.0,0.0,0.0,1.0
001696,-0.5802616397150324,0.1954368056792622,0.7906332174030561,-2.4457501246637317,-0.7993265489859696,0.04942971654606729,-0.5988603937549684,-0.06117153695098822,-0.15612013823143445,-0.9794698352211066,0.1275356590547759,2.3642134835496287,0.0,0.0,0.0,1.0
001697,-0.5789599576818296,0.19390419665694397,0.7919637175526915,-2.4440245246637318,-0.8006496695203602,0.0484448757452301,-0.5971709978816513,-0.06314498695098822,-0.15416054650263777,-0.9798235843930552,0.12720168776063318,2.3623671835496287,0.0,0.0,0.0,1.0
001698,-0.5773025004700547,0.1917926361274958,0.7936859628834874,-2.443463024663732,-0.8022445202644513,0.047801209875302036,-0.595078796496832,-0.06336498295098822,-0.1520708803705798,-0.9802706917284243,0.12626883337385156,2.3619704835496287,0.0,0.0,0.0,1.0
001699,-0.5744975797135619,0.18885010135717945,0.7964221054947198,-2.4430369246637316,-0.8044292101594566,0.049411163321101154,-0.5919900191569858,-0.06296636695098821,-0.15114951784737019,-0.9807620384969222,0.12352994413448501,2.3626067835496287,0.0,0.0,0.0,1.0
001700,-0.5733303929875996,0.18879992216746622,0.7972746389207697,-2.442898924663732,-0.8050043114451472,0.05133016316737163,-0.5910442224604988,-0.06285852695098822,-0.15251334050308313,-0.9806731380734204,0.12255560872445173,2.3632441835496287,0.0,0.0,0.0,1.0
001701,-0.5722258259980226,0.18910686874727672,0.7979951104195322,-2.4426985246637316,-0.805537644499553,0.05292448167304037,-0.5901763317295534,-0.06276494795098822,-0.15383987569870428,-0.9805292404779373,0.12204794636849464,2.3638727835496285,0.0,0.0,0.0,1.0
001702,-0.5713531607361539,0.19079838294001933,0.7982177289338294,-2.4419542246637316,-0.8059332098775593,0.05325778291818706,-0.5896060292899772,-0.06343860295098822,-0.1550071834892195,-0.9801834448847384,0.12334175059819141,2.3635942835496286,0.0,0.0,0.0,1.0
001703,-0.5715334152696742,0.19230589388759678,0.7977267692676951,-2.4415875246637317,-0.8057108622640814,0.052706168305175854,-0.5899593767813653,-0.06336855695098821,-0.1554977866718773,-0.9799186206000368,0.1248196112054051,2.3639054835496287,0.0,0.0,0.0,1.0
001704,-0.5717681208996137,0.19619944563534658,0.796609687020756,-2.440975824663732,-0.8052401112315781,0.051684118581099114,-0.5906920645736236,-0.06323389295098822,-0.15706552513737632,-0.9792009647763205,0.12843633206551275,2.3647241835496287,0.0,0.0,0.0,1.0
001705,-0.5719592667536162,0.19819101448372312,0.7959792201763676,-2.440727824663732,-0.8049973462546172,0.05083425371239722,-0.5910965667067671,-0.06351757295098821,-0.1576130378417014,-0.978844318789978,0.1304681182315975,2.3648478835496287,0.0,0.0,0.0,1.0
001706,-0.5724405407310611,0.19989045323596621,0.7952079187436769,-2.4405097246637317,-0.8045886341877513,0.0498869917573955,-0.5917334009410711,-0.06409295295098821,-0.15795238859675187,-0.9785474412405959,0.13227225021924713,2.3646874835496288,0.0,0.0,0.0,1.0
001707,-0.5739752213694174,0.20271427522043606,0.793384753997568,-2.439869524663732,-0.8031611948339281,0.0495185483858539,-0.5937002682151111,-0.06435196295098822,-0.1596387808988321,-0.9779850898595597,0.13438981972427644,2.3652639835496285,0.0,0.0,0.0,1.0
001708,-0.5744295679564031,0.20407462483910827,0.7927068934695832,-2.4396561246637316,-0.8025938437989204,0.04988469607850887,-0.5944364044986046,-0.06438635795098821,-0.1608533286988303,-0.9776835196493454,0.13513379315542828,2.3656891835496285,0.0,0.0,0.0,1.0
001709,-0.5742022737943241,0.20543128550921602,0.7925211263451968,-2.439573224663732,-0.8025680359741694,0.050056556366207955,-0.5944568014560194,-0.06433232295098822,-0.1617909033351158,-0.9773905709074484,0.13612999485498997,2.3660800835496287,0.0,0.0,0.0,1.0
001710,-0.5726524789868568,0.20679203787126138,0.7932882145747903,-2.4397768246637317,-0.8034843183980074,0.05050927318691267,-0.593179368665684,-0.06462850295098821,-0.16273318161548134,-0.9770802763310601,0.1372298990968155,2.3665804835496287,0.0,0.0,0.0,1.0
001711,-0.5720543127350043,0.20679671474130473,0.7937184526351175,-2.4397730246637317,-0.8037773589194575,0.051428159585045596,-0.5927032155220323,-0.06472483795098821,-0.16338855703427807,-0.9770313521959767,0.13679881672133704,2.3668551835496285,0.0,0.0,0.0,1.0
001712,-0.5706350232107422,0.20763230682377443,0.7945215512799596,-2.439763724663732,-0.8044034471580357,0.05337505770281892,-0.5916808239376107,-0.06464552295098822,-0.16525968802325863,-0.9767496753919392,0.13656246605929623,2.3675513835496287,0.0,0.0,0.0,1.0
001713,-0.5699348836236944,0.20885643334080545,0.7947032267966477,-2.4398275246637318,-0.8047162256973763,0.05369188463090205,-0.591226671949221,-0.06453492295098821,-0.16615060796823988,-0.9764712856899276,0.1374692827319786,2.3679125835496286,0.0,0.0,0.0,1.0
001714,-0.569345199086007,0.21088527753885322,0.794590110682908,-2.4396075246637317,-0.8049323963851642,0.05348605485035729,-0.5909509955877741,-0.06475062295098821,-0.1671223549599269,-0.9760464341689412,0.13929636326459782,2.3684859835496286,0.0,0.0,0.0,1.0
